Fx_mean,Fx_std,Fx_max,Fx_min,Fx_kurtosis,Fx_skewness,Fx_peak_to_peak,Fx_p25,Fx_p75,Fx_mean_freq,Fy_mean,Fy_std,Fy_max,Fy_min,Fy_kurtosis,Fy_skewness,Fy_peak_to_peak,Fy_p25,Fy_p75,Fy_mean_freq,Fz_mean,Fz_std,Fz_max,Fz_min,Fz_kurtosis,Fz_skewness,Fz_peak_to_peak,Fz_p25,Fz_p75,Fz_mean_freq,Mz_mean,Mz_std,Mz_max,Mz_min,Mz_kurtosis,Mz_skewness,Mz_peak_to_peak,Mz_p25,Mz_p75,Mz_mean_freq
1.0798507186693085,14.28488280109886,28.31277141,-29.82539502,-1.5315977010222983,0.0112231972416438,58.13816643,-14.46633473,16.7553297,471.6600058635532,0.8031465265025025,10.400269931986644,29.40476543,-20.31926983,-1.4116230595828163,0.027431370450652,49.72403526,-9.75582665,11.81029255,513.2935145134237,11.832783415065958,2.9360199951383827,24.28426318,0.20807438,-0.1583614887665443,-0.0365813926786341,24.0761888,9.83201079,13.80474524,432.1857576025239,0.0863224643900705,0.0249539190416939,0.16469584,-0.00707453,-0.3503559160096192,-0.0662955540999799,0.17177037,0.06921942,0.10387866,362.6321809510767
1.4242473448607058,14.147817187202335,26.60596714,-23.0210661,-1.5465101642061554,0.0460218902484984,49.62703324,-13.82001534,17.22399196,501.3449780974253,0.4844521774936667,10.348468117871176,21.52142078,-18.99066418,-1.4397875178681303,0.1198875179614123,40.51208496,-10.16999405,11.55852253,550.3297548781574,19.15625896656097,3.9397088883566336,32.04989581,9.12901645,-0.4999417396752421,0.2354309250201853,22.92087936,15.99547152,21.91915088,464.3888287312084,0.0829456173720978,0.0259624214271976,0.16970944,-0.0062026,-0.4658130205078188,0.1278187479334533,0.17591204,0.0631159,0.10082691,385.72448394222346
0.8891174615724006,14.382101518130264,27.42885265,-23.40362492,-1.5458884654422589,0.0869946065782599,50.832477569999995,-14.42164746,16.88066921,520.8285460011272,0.1046382995908831,10.59156230306909,20.89254124,-20.60482662,-1.4386714904584803,0.0390968723195643,41.49736786,-10.75745743,11.19340069,534.8057665356112,30.60336042761404,4.393375849883016,52.87814288,19.42324977,-0.4989003895126367,0.1385548889368177,33.45489311,27.24337916,33.81555514,462.67316997845654,0.0827470011624341,0.0250581679357791,0.17494102,-0.00554865,-0.5844488625201261,0.0402454737197417,0.18048967,0.06355186,0.10169884,389.06360176384936
0.6781105781516368,14.260889668740507,25.93567142,-24.02051678,-1.5410897066426974,0.0119736700037244,49.9561882,-14.72900334,16.4504261925,503.8857095506445,0.3676950525763087,10.50698379187041,19.89963085,-19.71872585,-1.4642049638659542,0.0282513507213047,39.6183567,-10.56236332,11.50402672,520.1963364810827,43.3209898218306,4.25628553460772,54.94897799,31.94635348,-0.7223957554705556,-0.011077687019628,23.002624510000004,40.07710986,46.55664401,491.35755720530767,0.0830997957543213,0.0235239699229444,0.16534978,0.00099083,-0.5742437386243564,-0.0242407545288506,0.16435895,0.06507774,0.10060892,411.2905820503182
0.8730897345815762,13.950183245426135,25.79289112,-22.15349522,-1.5517404227052842,0.0703126364305954,47.94638634,-14.11974183,16.56132373,484.8739135786791,0.2657538872455087,10.278149032618304,20.85330517,-19.46368664,-1.429800673498835,0.1036074132684172,40.31699181,-10.40105599,11.16942245,565.5007312612627,56.0457068291255,4.145418980827812,75.78267245,45.8699985,-0.4345140721625311,0.1230844903167315,29.91267395000001,52.97623782,59.10699801,436.5208297639871,0.0835386207373295,0.0239890645939006,0.16491382,-0.00881839,-0.5508798626345475,0.0564797275492229,0.17373221,0.06551371,0.10104489,401.38351112403234
0.490606937344795,13.04596761362826,28.72475872,-31.26081219,-1.1814923873387535,0.0963159305916346,59.98557091,-12.78132763,14.34225997,521.5250094736131,0.745469751141735,9.860563424862994,27.96498997,-25.40589588,-1.0033489050949225,0.061166023100799,53.37088585,-7.69916027,9.97378761,472.83273416141617,66.64266482338802,4.705203463298439,81.39573245,56.37676577,-0.9938653914141536,0.1594025898874598,25.01896668,62.44213443,70.46390109,415.6674843873988,0.0757272575330568,0.036636648952187,0.18453226,-0.03824605,-0.2974686140343303,-0.4809231958200546,0.22277831,0.05483256,0.10148085,347.1521476183714
1.0119165456363826,14.425423213992746,27.37326679,-26.91205731,-1.4066666820639924,0.0530379001509943,54.2853241,-13.96061459,17.07576427,467.4440212732845,0.9297548829869317,11.069793308784975,25.18898136,-20.48711651,-1.299924409944803,0.1155745633397712,45.67609787,-10.22448986,12.55361301,537.1511246619623,74.41595121886182,2.9548659165226874,86.18045382,65.85901217,0.030319106629352,0.4150656961393996,20.321441649999997,72.30585055,76.31128268,450.5877206579981,0.0850666900188455,0.0256320384156292,0.17210725,-0.0062026,-0.4319245916016165,0.1142444632452503,0.17830985,0.06573169,0.10235278,398.5730155336613
0.6389579680574091,14.64793728682944,29.24791774,-25.68045559,-1.4141496611225508,0.1474713656249323,54.92837333,-14.71919384,16.83925304,533.1124717797569,0.4273184970038772,11.164874225360196,24.66691143,-22.61789768,-1.2856872468790936,0.0895827668235977,47.28480911,-10.8754410125,11.8269129425,509.2482284212745,80.11694158865433,3.0643971333896385,91.42293124,72.03337436,-0.1779018322899856,0.2755058183818412,19.38955688,77.95704989,82.10962252,462.3635659975966,0.0843250388619722,0.0259869052142351,0.17712085,-0.00467672,-0.4610467427899003,0.1209728081896057,0.18179757,0.06485976,0.10322472,394.77240502312617
0.5386443236142778,14.53050271147477,28.85336933,-25.88208905,-1.4111468330300498,0.0577667580833879,54.73545838,-14.82382622,16.52753696,459.379486347863,0.755141952507994,11.035834998534868,23.54648144,-20.82825916,-1.318046788215144,0.0651921168480282,44.3747406,-10.39342659,12.38467628,566.9969507846571,85.81856236103825,2.582979513007874,95.87523227,77.17776828,-0.1920713681829333,0.1453922175978907,18.697463990000003,84.00062136,87.52649264,438.0385178707567,0.0852997914393623,0.0241674501293017,0.17494102,0.00426057,-0.5172428806861316,0.0657314142167684,0.17068045,0.06682161,0.10322472,401.3774471504352
0.4871898956146407,13.816738655838297,27.57599124,-24.89898625,-1.3464319611169944,0.137729509768999,52.47497749,-14.0415402925,15.87249813,509.99222363301305,0.5501878479627956,10.573322022361076,23.0385812,-19.37213391,-1.2046181566416678,0.1427569412940474,42.41071511,-9.99778813,11.107570475,525.8990393238689,91.05665185775784,2.7556500640817982,102.20218234,82.42570071,0.0048284814563883,0.3909536407176207,19.776481629999992,89.07962374,92.78532748,427.2066297361085,0.0831953990973091,0.0284830204017991,0.17210725,-0.02473113,0.2077171747211719,-0.3795612991693231,0.1968383799999999,0.06529573,0.10300673,396.1958828009895
0.3951020769263713,13.645089030959204,35.25879154,-36.16106167,-1.2484138713239397,0.0694752925499664,71.41985321,-13.73500195,15.32345447,477.2753284011398,0.996615262292352,10.25160525179359,28.22220928,-22.75631588,-1.110850829107771,0.1261459970461047,50.97852516,-8.34002941,11.37541706,491.7473416333267,95.4959994460858,3.570161378768608,105.70624881,85.47200351,0.211838292038152,-0.5198459534098272,20.234245300000012,93.722652,97.73353152,432.9411179209325,0.0817672852950013,0.0344732403594729,0.17559497,-0.03279649,-0.0015928113038459,-0.6044338490804797,0.2083914599999999,0.06267993,0.10605849,390.90426317321663
0.5312511097177426,14.518609977694329,28.99723682,-26.3562006,-1.42269061621404,0.1376727555207002,55.353437420000006,-14.73554268,16.749061675,469.258942333459,0.4510685557806587,10.941439411201232,25.98679668,-22.06967037,-1.2860604571217014,0.1393400163018397,48.05646705,-10.6618179625,11.69149143,558.2527537108575,99.22121146599116,2.7480791691380992,110.6163135,91.40113406,0.078883141523125,0.5668233963113887,19.21517944,97.2158237,100.82889132,447.96560687694057,0.0873545015442482,0.0263137208549364,0.17995463,0.00622241,-0.4026961500478583,0.1235407505097708,0.17373222,0.06725757,0.10605849,392.1073873987388
0.2750115841912661,14.58109052991919,29.11167774,-26.58726254,-1.4146220196536132,0.068805899715803,55.69894028,-15.1892196225,16.36187038,532.4221460922925,0.6314926364742341,11.017835680266002,23.08871776,-20.71054714,-1.3133103156481194,0.0746120398359349,43.7992649,-10.55473393,12.1756859525,518.8406742672847,103.18583381967808,2.50285243646852,112.57270388,95.94062381,-0.1944017146014558,0.2861827240281718,16.63208007,101.43924289,104.79617648,449.3914959556381,0.0886575489506773,0.0247419970977185,0.17101734,0.00229873,-0.5357218079105932,0.063436154060621,0.16871861,0.06965538,0.10671244,401.1070347322651
0.0768282242487295,13.086220002119685,30.5634428,-30.56217709,-1.1391409807683748,0.1457829193415104,61.12561989,-13.0584384525,13.600301835,465.07470938101534,0.4902744012186617,9.90397626279141,27.00586635,-27.52032726,-0.962312362208213,0.174878790529844,54.52619361,-7.67191237,8.9811487825,496.3025407957402,106.8575213777696,3.2593223688029505,120.61626773,99.88611178,8.458516752796186e-05,0.4166747319835903,20.73015595000001,104.68718295,108.91059451,419.59317205682873,0.079779314872484,0.036159876630891,0.18257041,-0.0365022,-0.3249648751349703,-0.5234123047158921,0.21907261,0.06050011,0.10584051,370.6748121534671
0.2000357500572316,14.338747441947191,27.15964374,-26.73549023,-1.4026494232322877,0.0891163109146168,53.89513397,-14.9240984,16.16459522,454.40043093667873,0.7531715822846285,10.869437447640191,24.61786587,-19.95196789,-1.2962504535156565,0.1517612529316299,44.569833759999995,-10.10241955,12.20048076,476.67323284276426,110.8947757110071,5.175597920146629,124.16938357,-6.69107814,334.26816008001043,-15.480195095955107,130.86046170999998,109.14493136,112.64355044,248.96548170333824,0.0907739487590944,0.0252662813187155,0.18344235,-0.0075105,-0.3998542446456681,-0.0048280364066913,0.19095285,0.07205319,0.10889227,392.1935325284624
-0.1283414545750497,14.457352272308768,27.84192905,-25.58236256,-1.4040523831091818,0.0829731898258192,53.42429161,-15.52464047,15.886940095,503.47309981582714,0.5310416754059116,10.985288355770482,23.82549984,-21.01790302,-1.3101984980954915,0.0979774081085988,44.84340286,-10.52748554,12.09366924,534.6820517928348,113.9086268363517,2.5011189197011316,123.3192554,106.64902835,-0.0042250778585759,0.357478139019618,16.67022705000001,112.25663333,115.42283206,470.1659442912584,0.0905968363267528,0.023643507092473,0.17014541,-0.00969032,-0.4912134830490489,0.0889332579742759,0.17983573,0.07292512,0.10780235,403.3094647868886
-0.2591728763330475,12.863431024658912,32.43046436,-26.98508206,-1.0525698163303314,0.114221361770673,59.41554642,-12.51538887,12.22019825,389.95540299771847,0.5440581812154177,9.812258656986112,30.16879589,-26.85112065,-0.9042098491415596,0.1927670515671884,57.01991654,-6.72804707,8.344639842500001,402.8228962284134,115.16356568582638,16.537607780114122,132.85599093,-7.3341269,43.037601619596,-6.5196767089193965,140.19011783,114.86697726,119.75523715,202.04944211525455,0.0816625467890464,0.0374268048454708,0.19368754,-0.03475833,-0.4158170218898727,-0.4308982380469782,0.22844587,0.05832028,0.10889227,354.8782227211685
-0.1714303811952592,14.229655144764092,28.45554981,-28.36600247,-1.346190452862106,0.1049885191449204,56.821552280000006,-15.0690569,15.43435344,563.3793285496372,0.4738991433103171,10.949766382162492,24.90887386,-21.49419659,-1.2500035745171187,0.1405374139374584,46.40307045,-10.4511916,11.83863003,579.9470467060823,120.91829188406066,2.603372766200973,132.69250827,113.71711306,0.2163993181419217,0.5721189911433223,18.975395209999988,119.08494143,122.40372805,478.31699116098383,0.0908095754526391,0.0240900205943056,0.17668489,-0.00598462,-0.4887476978478551,0.0955562033742596,0.18266951,0.07248916,0.10823832,414.0770847654149
-0.3467715042137417,12.540105835088616,33.78195819,-26.95347348,-0.9763759286380992,0.1400629505170749,60.73543167,-11.4224778725,11.13791427,482.1200071189297,0.3357129334905849,9.576105682806467,28.48596889,-32.14918965,-0.8222091269527647,0.2002445877037154,60.63515853999999,-6.13949412,7.08115703,479.20183379052634,122.67401235458026,3.4562823838428973,135.92410617,114.97051577,-0.1060091087851344,-0.082665416277998,20.95359039999998,120.83424716,124.78519015,408.003197575036,0.0774495892399632,0.0360082761662435,0.1941235,-0.04761931,-0.4164470243853064,-0.3142521413553596,0.24174281,0.05483256,0.10300673,364.1031719108808
-0.8817285410616417,5.592834526772804,26.67572269,-32.27879086,7.489533815093873,0.543385877970978,58.95451355,-1.38410212,-0.52089062,453.7919991873669,-0.4543634570582897,4.413633635955342,24.82712871,-21.27948254,8.231153956623654,1.0277983796382548,46.10661125,-0.95695513,-0.21472397,513.3184399658211,114.2560691216301,8.980110815768548,134.31102328,99.7444263,-1.0579678071188454,-0.6642862793737637,34.56659698,100.91608004,118.5454288,395.51360096668384,0.0261787513902791,0.0309489781952895,0.16665768,-0.07225136,2.133594778778117,1.332941806218023,0.23890904,0.01385181,0.0278027,364.3077664284211
-3.7240116008790034,13.173223691710186,23.94167913,-31.68859851,-1.398704198398642,-0.0103849436059345,55.63027764,-16.49847209,10.48124707,490.45360556793753,-8.832597360132446,10.40393150545052,13.47228908,-36.30079175,-1.132133390706478,0.1140293683322954,49.77308083,-17.22403623,0.49577855,505.08291790482286,10.712879065426574,5.069794416432342,26.23498897,-1.00739928,-0.902007645544984,0.05568929563666,27.24238825,7.06341009,15.2377613,422.15016859413714,0.0816754141427118,0.0484103851192418,0.21546819,-0.03695578,-0.925555467835685,-0.0646426463211178,0.25242397,0.04304388,0.12173563,366.420027257984
-3.863016657979823,13.162772613183998,20.46158612,-35.25261485,-1.3690875468537578,-0.088218443969219,55.71420097,-17.49247348,10.12920488,486.3334763153597,-8.81234980234392,10.353492218909926,12.07066058,-37.89642621,-1.146412879992274,0.0324713943836782,49.96708679,-17.46708585,0.66253542,539.7023554088743,15.5626742737484,5.255100304708547,31.23769168,3.66287999,-0.6368467343298243,0.1861514858755604,27.57481169,11.63014774,19.48842411,449.32349422916934,0.0796816544912893,0.0500196107039411,0.22680329,-0.04393122,-0.9993865115321195,0.0544040462693918,0.27073451,0.03977413,0.12260756,399.43521359788264
-4.015931369491422,13.506073024161152,19.9307977,-37.66895472,-1.410527803682476,-0.0606959036391085,57.59975242,-17.14152133,10.69378007,530.1687503883918,-8.354776630881346,10.66228634221338,15.18345355,-38.17108441,-1.1257472600146692,0.204205879746925,53.35453796,-17.21858693,0.50667762,512.2511705450596,23.79636045929343,5.0874783536345864,46.88339786,11.25412731,-0.473909521680409,0.0584798957166435,35.62927055,19.94073848,27.33580188,441.2955776362704,0.0783126762342522,0.0445125557657931,0.2165581,-0.0454571,-0.6918245888929166,-0.0971871993987008,0.2620152,0.04936538,0.11563211,378.964751068098
-3.617026370302463,13.297819707764942,21.35858358,-31.39105212,-1.4052820140524287,-0.0199635294303655,52.7496357,-16.93443858,10.66762269,499.328988738514,-8.84926769879763,10.580325653572904,13.75893592,-34.62341596,-1.2099457381942285,0.1800941533748018,48.38235188,-17.48234464,0.85980963,568.340073271638,33.99651841339688,4.84341283334835,50.10409336,21.61920528,-0.4093935040794263,0.0560526058955395,28.48488808,30.47475223,37.30306034,404.9738981257332,0.0777155487657288,0.0440388489503279,0.19868352,-0.03521191,-0.92426568071216,-0.1075025479020597,0.23389543,0.04260791,0.11432422,416.45469216263984
-3.768302083097849,13.435602346804052,20.0703069,-33.77687251,-1.3769599214405732,-0.099364331298246,53.847179409999995,-17.43034922,10.60440744,518.5628585125487,-8.865400960323669,10.333869985799597,11.31752967,-37.92149259,-1.164657638227795,0.0577289422672884,49.23902226,-17.5390215,0.37806796,551.1382615930589,43.83172912452228,4.986927684931785,60.77434711,32.0496767,-0.527925691525803,0.2192086165886199,28.72467041,40.09868793,47.2594202,452.97936114515863,0.0779790344473297,0.0468080072814592,0.22440548,-0.04763693,-0.9105224543089352,-0.028928979699389,0.27204241,0.04130001,0.11824791,390.344845974064
-2.928916900246862,12.241984940640345,23.73568547,-32.53872859,-1.0825228664205415,-0.1596823068834479,56.27441406,-12.04835593,7.83493722,434.8384754939184,-7.346943406998007,9.863194290838468,17.38289928,-37.99233914,-1.0497740920481098,-0.231766968544302,55.37523842,-15.54665852,0.55790352,483.03485991048126,51.09300136062659,5.581670280077089,70.43642978,40.61094837,-0.8574074955356519,0.3187743215763509,29.825481409999995,46.17495517,55.29208164,376.93609176043327,0.0683695099771319,0.0504626126494332,0.23247084,-0.03630182,-1.0169743956148578,0.2023933298205664,0.26877266,0.0212456,0.10974658,348.96198114951636
-3.8981575852548183,13.444211686891204,20.50300229,-32.94090831,-1.328362011302475,-0.086074810275561,53.443910599999995,-16.3382548,9.91340173,512.8221498948192,-8.79689296540794,10.281697995955708,12.09899806,-37.58471204,-1.2293343273319723,0.0008771372172828,49.6837101,-17.64583302,0.63964724,514.624046485189,58.05657098294272,5.140849979361609,73.61353092,47.08503513,-0.7288332321889155,0.2076710381189986,26.52849579,54.30571155,62.30022602,419.7548934397013,0.0780131414968192,0.0495358150808725,0.22266162,-0.03368603,-1.108817604478753,0.0086052174842952,0.25634765,0.03759431,0.12173563,375.2389317804679
-4.066614277504961,13.563184049260135,20.87357343,-36.97794902,-1.3939696672306476,-0.042410462156817,57.85152245,-16.27068126,10.49214662,486.88137799008064,-8.122984965856343,10.49806838944369,14.44667148,-36.07081891,-1.1997091301745202,0.1508828659247296,50.51749039,-16.98643399,0.77806615,529.041080562663,62.3216723333821,4.51743709677812,87.34098606,52.43650989,-0.0805795712736219,0.3778612211925362,34.90447617,59.00323658,65.70075779,406.4807872453945,0.0767056490263115,0.0436612488330423,0.19345194,-0.03107023,-0.860160735018562,-0.0954487545442029,0.22452217,0.04544169,0.11192641,404.57733868288705
-3.8108745486552817,13.540392113160042,21.00218213,-32.74581324,-1.3552876767227686,-0.0439508499094597,53.74799537,-15.98948275,10.32756913,494.1095924076503,-8.708456793634397,10.437764995353456,13.44940089,-36.57000256,-1.2869042195669151,0.0900529275252583,50.01940345,-17.62948323,1.06253361,516.8814320394933,66.82368788710706,3.870484817379059,80.43093662,57.12858753,-0.5654795392550565,0.2197094933774933,23.30234909,64.11493473,69.72253971,458.52488099688213,0.0780217351849668,0.0443685483478408,0.19868352,-0.02998033,-1.1006014515658389,-0.067309755441591,0.22866385,0.0402101,0.11563211,394.8969275280221
-3.395173629815695,12.452706511606385,20.93460858,-34.41447245,-1.0458098122700372,-0.2263367472867538,55.349081029999994,-11.99386012,7.81640828,479.9419980204934,-7.307174894414823,9.847645766241666,18.15237807,-38.18852139,-1.0942998122051408,-0.2943231674347219,56.34089946,-15.92703915,0.54264473,496.1458148217148,69.26048297831112,4.53026853984783,87.20474796,61.74981861,-0.5324424140692172,0.5815625028346733,25.454929350000008,65.31383304,72.75794773,393.43968879577665,0.0679704769154561,0.0494076108182909,0.25405113,-0.04393122,-0.9227230475967044,0.2653841117369283,0.29798235,0.02146359,0.10974658,372.8236010835624
-3.894651867086759,13.288201731286472,25.60052694,-32.99976527,-1.3342964830678123,-0.0557843943118524,58.60029221,-15.88267123,10.0986873,504.8671505474517,-8.991216284931905,10.300026533387594,11.87556552,-39.7144003,-1.1783213983853793,0.0277435606627889,51.58996582,-17.44964696,0.33120154,493.1453067214706,73.22414501709221,4.8185544488490155,89.69520359,63.3029459,-0.7685529578541432,0.2025249367065487,26.392257690000008,69.92961673,77.27564029,445.1848398326488,0.0802312924446157,0.0486888104715744,0.25361517,-0.03063427,-0.9001778289531814,0.0360472869645708,0.28424944,0.03977413,0.11999177,384.67166015654414
-4.2708699231344,13.40325624161783,19.56349576,-33.35180461,-1.3827853444468483,-0.0524676436993725,52.91530037,-16.30664813,10.13247502,490.6121058676688,-8.353832467030742,10.4846558944399,13.64994525,-36.2343092,-1.2207017453459017,0.102744613911322,49.88425445,-17.23275472,0.54591464,527.0151912674955,75.64265660328668,4.149618544898726,88.86141758,66.73617344,-0.7098347091098716,0.2348112180781119,22.125244139999992,72.88873844,79.20478611,442.28357096684545,0.0781578000141744,0.0442020908662258,0.20347914,-0.04959877,-0.8391900944153341,-0.0810975156727103,0.25307791,0.04718555,0.11519615,399.0600301909267
-4.051648549349375,13.62979120501351,21.15258992,-32.56052958,-1.3492218447112276,-0.0495349522411785,53.713119500000005,-16.34152591,10.34718812,551.7059271679528,-8.874940243494278,10.559376603765688,11.71425819,-38.79778577,-1.2847785070581248,0.0494288159824725,50.51204396,-17.91286183,0.88269781,525.8851796395795,78.76347341260669,3.856143055004341,92.92679386,70.28384189,-0.6120194304366247,0.3158130454965649,22.64295197,76.05493717,81.67343692,442.3811151285536,0.0799104925991359,0.0448947340882294,0.22767522,-0.03216015,-1.0400228439827277,-0.0377231411465693,0.25983537,0.04238993,0.11759396,407.73206638788537
-3.5432728852201576,12.247046474333208,21.17438901,-33.38668239,-1.0420900821992354,-0.1973044178458144,54.5610714,-12.17696559,7.45891679,453.5737793102988,-7.560498597587211,9.899072706919512,13.10498809,-39.13020612,-1.0765852620156446,-0.2714075324249465,52.23519421,-15.77772046,0.33883094,489.2923438609273,81.01864855498334,4.972527050104535,98.53439884,72.74159793,-0.6581742375449133,0.4694708960869226,25.792800909999997,76.4200571,84.85053806,398.9614557827904,0.0708604340603112,0.0501649445714148,0.25819281,-0.03194218,-0.8503234131493782,0.2935006822350238,0.29013499,0.02407938,0.11236237,369.4903975368581
-4.4310190543425145,13.43798830504466,19.34006513,-33.9305514,-1.353186506922117,-0.0667749439644393,53.27061653,-16.30119883,9.79351152,513.2767908966258,-8.55658220266328,10.39499552310846,13.20961951,-36.21577741,-1.2271699736605528,0.0740929260997195,49.42539692,-17.37226392,0.46308111,554.3315905371189,83.63358179983923,4.45513921852275,96.71424656,74.5835474,-0.774289749046031,0.2488461197071305,22.13069916000001,80.8723505,87.64616184,434.39833661569605,0.0802199640778497,0.0460945643176917,0.20456905,-0.03368603,-0.9986207857918968,0.0116134377227982,0.23825508,0.04435177,0.11933782,387.00943683816666
-4.272222499116235,13.61695636289697,20.94659627,-33.45861613,-1.3539798217046026,-0.0494656641812209,54.4052124,-16.2118262,10.22075761,510.98093876869547,-8.804524326576594,10.515064179595626,12.89463519,-38.54710294,-1.2833856164594362,0.0678858161486024,51.441738130000005,-17.72430516,0.72684025,540.14677095107,86.36825841082666,3.949506028013616,100.20741825,77.53721408,-0.5886289963354638,0.3126176002478105,22.670204170000005,83.49359684,89.35732822,450.02080962480653,0.0817037898356522,0.0445080261497496,0.20674889,-0.04000753,-1.0184592090117055,-0.0789467013640113,0.2467564199999999,0.04544169,0.11846589,381.93419204422867
-3.65801883684844,12.460060132779766,23.0021745,-35.33217799,-1.00677124443473,-0.2006185187052671,58.33435249,-12.42655551,7.28126109,475.760436665501,-7.609965580802273,9.976555035864534,13.46138953,-38.69424344,-1.0547870409638826,-0.2988701984402201,52.15563297,-16.00769139,0.28433537,505.4776232585212,87.8039250228261,5.172769794396346,104.00576572,79.3301218,-0.8101440525248229,0.3581102580177862,24.67564392,82.78514652,91.92407779,388.1987080255261,0.0715099814999187,0.0516566211553281,0.23813839,-0.03521191,-1.0102022955396663,0.2760514692458644,0.2733503,0.02407938,0.11541413,348.4305959737862
-3.617704537957976,12.465537779187736,21.8882829,-35.78340327,-1.049125628456449,-0.1828419097448954,57.67168617,-12.7164725,7.88071359,491.0853482957265,-7.16636660078118,9.963590528375535,14.32351207,-38.03484631,-1.2000968906753713,-0.2170917018286989,52.35835838,-15.97281552,0.4783399,513.4274244161423,89.26136403655997,4.031836392113873,103.36816959,82.09850101,-0.7533109342135105,0.4218701078494121,21.269668579999987,85.53718357,92.1638544,427.9040401365559,0.0692573148066041,0.0470446177980554,0.20587695,-0.04000753,-1.1181778538364024,0.1499107178140932,0.24588448,0.02560526,0.10800272,372.698303531178
-3.2159450948089474,11.679867723330718,24.64903272,-33.02156245,-0.7500607407958548,-0.2457337362967843,57.67059517,-11.34754168,1.79354633,448.8724214217741,-6.540696219094273,9.40443894221484,17.65210723,-38.84683133,-0.8795722958568071,-0.4647399276183159,56.49893856,-14.71505452,0.24291872,473.8618102963318,90.41702378675996,4.757456261733956,108.4907587,83.3737009,-0.4932618284743322,0.6189554698220836,25.1170578,85.79330997,93.36820774,386.2541793507711,0.0624889421592751,0.0500528410769404,0.23617655,-0.04131542,-0.9134256814400494,0.4244755476936039,0.27749197,0.01666797,0.10364307,340.4767789294153
-1.0836648709045174,0.5185851637849492,4.30252708,-6.21840798,8.679493522338625,0.9302934357209974,10.52093506,-1.20262598,-1.12197244,764.3383634027866,-0.7742080459193154,0.573469466152411,5.96496462,-6.98102857,9.39635031331293,1.1387809339850763,12.94599319,-0.94944669,-0.80884791,748.8641372344919,73.45003225080666,7.651852769030365,87.07941227,66.53999118,-1.233632430887105,0.8330215730797085,20.539421090000005,67.84243564,84.79604129,394.95150376902313,0.0095688707297371,0.0110243158528928,0.05198116,-0.07728258,15.42733432243028,-3.144125034162613,0.12926374,0.01012849,0.01165437,383.2369658072896
-9.204880561704035,11.719732159205526,13.52043252,-40.55126948,-1.265725851557168,-0.3097716032986894,54.071702,-21.2674274,0.53193282,455.9894762134792,-4.953998224208039,11.374728062576708,18.09472175,-35.87452607,-1.2757819100364831,-0.4065372359202163,53.96924782000001,-18.08277802,2.01958777,473.1870771566432,7.848894444853619,4.0991990069318085,20.46356615,-0.59356248,-1.1104135643772997,-0.0185157686902237,21.05712863,3.85328468,11.17205366,392.3556909050444,0.069765369456163,0.0576325923592729,0.22027702,-0.04522591,-1.3671228036480791,-0.058047373188278,0.2655029299999999,0.00883381,0.11629927,346.8101933963968
-9.371384434043538,11.486758870030927,11.4550467,-40.28205867,-1.3217335447858196,-0.3418846761210348,51.737105369999995,-21.60639186,0.40986257,525.4664963109493,-5.174982722177818,11.400222101947165,16.25821777,-33.30778031,-1.3044879116080388,-0.412124081398141,49.56599808,-18.39776329,1.8855284,539.0808609543917,12.07806838278237,4.44538953759961,25.59160837,3.61895308,-0.9334838881969424,0.0176710175164858,21.97265529,8.21293863,15.56440577,434.3580104639401,0.0669130584890672,0.058696214563339,0.2255086,-0.05612503,-1.3338255228881948,-0.0411489608891535,0.28163363,0.00403818,0.11281155,390.7590836305818
-9.820757198702898,11.852823880087,11.91498952,-42.06406779,-1.2643284390912763,-0.3986823234599917,53.97905731,-22.30720515,0.61694609,524.4082863540679,-4.784256001909259,11.569330789458146,18.35085197,-30.36719231,-1.267179346753234,-0.354908603784162,48.71804428,-17.9617968,2.05010535,536.027980429141,19.16728666289168,4.5580430829233265,34.97576365,9.73881754,-0.6187817655829413,0.0878431039386122,25.23694611,15.85868105,22.52350268,442.3478526438028,0.0662858293149352,0.0591874977925793,0.22659852,-0.06767813,-1.2713507807356554,0.0432027730858737,0.29427665,0.00469213,0.11281155,393.7591319073897
-9.052763433589902,11.841076363267652,12.80980878,-37.11259074,-1.3219469611862766,-0.2584781021214643,49.92239952,-21.48105044,0.77062391,564.2804693148819,-4.997069803849625,11.64789958902435,16.53069683,-32.81077866,-1.3145817117702463,-0.3840417189790793,49.34147548999999,-18.63318352,2.04356589,546.3122491089132,27.813830044328736,4.17985005738679,39.38446268,18.07665476,-0.7182616377889874,-0.0153070794870485,21.30780792,24.84501871,31.07387385,476.0325892949478,0.0673450753807051,0.0556615984692578,0.22376474,-0.05961277,-1.3434428618826506,-0.0889401107137202,0.28337751,0.00774389,0.11128567,423.4590820544022
-9.373935392391994,11.39419952991536,13.99127488,-38.57961268,-1.337897728679609,-0.3513318839067257,52.57088756,-21.42764468,0.62021582,532.9448148798275,-5.076139997927166,11.520111448754523,15.91053577,-32.57099823,-1.2785946184881514,-0.4144234727799286,48.481534,-18.39885239,1.86808978,541.2313719465119,35.81915382913808,4.105791329491763,49.67324671,26.94310221,-0.744364460851553,0.0791698997778305,22.7301445,32.6596969,39.07383951,440.4331414075525,0.0660619403182739,0.0571153247820609,0.21787921,-0.04696976,-1.3394549287171589,-0.0305765312805414,0.2648489699999999,0.00665398,0.11128567,392.1584337407655
-7.721741379738773,10.938074042307289,18.86209874,-39.24119182,-0.859514227633444,-0.6741589588547784,58.10329056,-15.33938785,0.46871786,450.4769798691264,-4.177575800313024,10.488609458201395,19.45275398,-32.8903418,-0.8430297020152948,-0.6488967502955938,52.34309578,-15.05717759,1.34820102,478.93557431961347,42.43973691660378,4.450693176280113,59.62960657,33.85315165,-0.5705069928093973,0.4606646159009849,25.77645492,38.6814712,45.83675226,398.2301769504175,0.0560260659930138,0.057881434059777,0.23706169,-0.04914959,-1.2642714342799328,0.3143709163717834,0.28621128,0.00207634,0.10823391,340.6212708650804
-8.796369213000174,11.30667983536962,12.46866612,-37.09188075,-1.2763104718509526,-0.3271390697063807,49.56054687,-20.21566196,0.35972648,537.1391157738543,-5.0538538615124,11.609166397057642,17.49199958,-32.92521958,-1.187131907151987,-0.5112554204372837,50.41721916,-18.47514634,1.98471053,600.031926636099,47.7538261289441,4.089906116265861,60.67592463,39.67329249,-1.1298668418438331,0.0287435161898155,21.002632139999996,43.80406412,51.05743631,426.0069924640483,0.0646883005714726,0.056705807731626,0.21199368,-0.05198338,-1.4752569393082184,-0.0694198334444625,0.26397706,0.00556406,0.11281155,393.0023927658244
-9.470931345607893,11.574733713554355,12.98310475,-39.5376472,-1.2034052822752643,-0.4507712158169108,52.520751950000005,-21.37532992,0.31939976,537.6366475791776,-4.751661739413243,11.687387950067205,19.62278076,-33.54973893,-1.1572345732746196,-0.4598319337054981,53.17251969,-18.04898934,1.93021484,544.7983685157666,51.00053099371539,3.925938849025241,64.57781443,43.684172,-0.9280228970465768,0.1235226176276485,20.893642430000007,47.36263117,53.90756067,426.76259834330136,0.0633341398804253,0.0580548335510352,0.2255086,-0.06266453,-1.3951284626359628,0.0198711408290973,0.28817313,0.0038202,0.11193962,388.8371014221595
-8.737753049824457,11.622879776960216,13.54659085,-37.01340861,-1.2335616134799672,-0.3093020261518176,50.55999946,-20.23637004,0.50359504,522.5947582767784,-4.866130108454214,11.714615293047798,18.38354965,-32.79007248,-1.2063342223474929,-0.481931151588595,51.17362213,-18.60266594,2.10787078,539.415947831103,54.83566138356648,3.4959283243616213,65.38434824,47.3244842,-1.0077189179056971,0.0127988853244538,18.059864039999994,51.77133021,57.65686258,426.97243107024326,0.0653250967603682,0.0541591619993671,0.20632613,-0.05002152,-1.4752681968834256,-0.0760832936123081,0.25634765,0.00926977,0.11150365,389.4959742864091
-8.865978146058167,10.985284737655018,11.81144814,-40.52619929,-1.1721892931707334,-0.4999895874627966,52.33764743,-19.74699779,0.25073521,490.5214973425925,-4.642317671836502,11.242718387120943,17.05494495,-32.86854462,-1.0822294481901031,-0.5462346063202981,49.92348957,-17.44190888,1.55637451,520.2350592101305,57.73760800941675,3.416992081525363,71.36797556,50.92119822,-0.8287494936633633,0.2017837047974739,20.446777340000004,54.41982111,60.34895166,411.2839364586616,0.0619833976493042,0.0556272329728129,0.2218029,-0.0678961,-1.4153188634789056,0.0735280140411425,0.289699,0.00708994,0.11019576,386.91325970558063
-8.047965931766177,11.144618054190165,15.12260537,-40.55126948,-1.014261176239899,-0.5498327899720004,55.67387485,-17.26417537,0.22457724,477.6105021367473,-4.372939206062102,10.814559069110468,17.71652313,-34.90668396,-0.900675909865361,-0.6252005412848105,52.62320709,-16.02502159,1.27408691,497.0740971482966,60.4801479095769,4.244683354196843,75.50964579,53.43889841,-0.9719747744583134,0.2470306555268177,22.070747379999993,56.48520884,63.83122477,408.8893245244011,0.0585270469401547,0.0580137000829127,0.24403713,-0.05263731,-1.2394224708733803,0.2416772262678279,0.29667444,0.00316625,0.11019576,376.04260789152505
-9.74446965816732,11.326758410387844,10.32153611,-41.47006602,-1.237958147453579,-0.4431923491309473,51.79160213,-21.23255153,-0.02828271,505.08540171306015,-4.503029510833318,11.519509192170077,18.61679168,-33.75137619,-1.1261669139717694,-0.4693012507428004,52.36816787,-17.38850312,2.29206617,530.1271235788129,63.748792414413955,4.511553758079262,87.71667704,56.85032877,0.2735514701857093,0.5860670823551916,30.866348269999996,59.32443079,66.74128946,408.49307547981846,0.0649343929476812,0.0581426912672349,0.21875114,-0.06179259,-1.437233590997923,0.0234800226281774,0.28054373,0.0051281,0.11390146,388.1697050226229
-9.008099340566607,11.664596523034223,12.562398,-37.5888824,-1.2456217690370723,-0.3391640262816756,50.151280400000005,-20.58732219,0.31286018,499.9465464631133,-4.856626559941602,11.69733461116812,18.81188484,-31.66636948,-1.1760977397860637,-0.486013356311498,50.478254320000005,-18.42936997,1.78525634,537.529482246188,65.43799431712237,3.3983096458103383,76.09275278,58.8993667,-1.0910459042287166,0.0795165042316949,17.193386079999996,62.2563003,68.18542704,434.7860916540386,0.0661006645392438,0.0544440815564024,0.20240244,-0.05241934,-1.5125514506035205,-0.0637164774741041,0.25482178,0.00883381,0.11259357,400.8735351828341
-8.059988471731865,10.780510849530206,16.04249196,-43.49839397,-0.8738577470618791,-0.7132366823835624,59.54088593,-15.80914111,0.04583137,462.0877181022795,-4.28950186445707,10.511071126977887,17.48655029,-33.42439942,-0.7409094977402333,-0.6911682144216432,50.91094971,-14.56017689,0.91986503,495.1147677496808,67.05696652088268,3.490701246417809,80.25622019,61.74949106,-0.6079028313944317,0.5367825231819378,18.506729129999997,63.78217539,69.74945292,388.5080221010232,0.0561247520035895,0.0573796518445273,0.24469108,-0.05394522,-1.1343800739890355,0.3789246764777632,0.2986363,0.00447415,0.10757997,364.0515184046495
-9.166806776656813,11.137586658948502,11.94332795,-40.89241023,-1.2649734540873776,-0.368827254243139,52.83573818000001,-20.19386287,0.00877433,535.5018006755648,-4.838407651491055,11.420243934918783,18.09799286,-32.73993592,-1.1365212680474843,-0.4831219449052286,50.83792878,-17.93345932,1.44847307,503.3726437301864,69.60908036944382,3.817291754122594,82.15266642,63.26991877,-1.2799142992428385,0.044359885139682,18.88274765000001,65.61868509,72.7194694,447.3903994982652,0.0651182090203601,0.0563139746483879,0.21831518,-0.05983074,-1.468553152565627,-0.047392290377319,0.27814592,0.00643599,0.11324752,396.3427370247696
-9.082083946081749,11.41302059601523,11.91607957,-37.62921138,-1.217789245357955,-0.3775485277360856,49.54529095,-20.1535358,0.17553108,534.8350030891896,-4.725858350087732,11.51478828044483,18.06093498,-32.32794861,-1.1454520503223136,-0.4738891408600982,50.38888359,-17.93672852,1.57272321,506.28771286390537,71.70275914255768,3.4284942779539103,82.70852884,65.19361338,-1.074733262741394,0.0467311309676073,17.514915459999997,68.57234415,74.45788035,427.2253765307487,0.0654980728216994,0.054416115120014,0.20589016,-0.05307328,-1.4972853886787283,-0.0546412167767501,0.25896344,0.00992371,0.1121576,395.6417220671317
-7.934365659102727,10.77162084278451,15.75802522,-42.02809901,-0.8482372572452879,-0.6927482160043648,57.78612423,-15.43530078,-0.04245157,444.6109043143997,-4.278061303515565,10.469623170474884,25.39932342,-34.40314392,-0.6965986992984226,-0.7100136186790433,59.80246734,-13.96399407,0.87735839,456.73937418364955,73.1852598537427,3.6374390919501542,85.2425712,67.82575449,-1.020490309557026,0.4188839316743734,17.416816710000006,69.74400553,76.15814432,383.4911682967336,0.0570118945011096,0.0568052113832606,0.23466388,-0.0578689,-1.3071331023751145,0.3375787158174286,0.29253278,0.0051281,0.11063172,348.8897787627752
-9.094001526968754,11.184380858621235,12.09700494,-39.45590587,-1.1889569103348472,-0.4133276818048163,51.55291081,-19.68923373,0.02839284,537.4168730188734,-4.669340254178011,11.370195542273608,17.54431625,-35.2641745,-1.0780898551568732,-0.5081434148684173,52.80849075,-17.58141808,1.51822754,516.246025263385,74.8040823917428,3.5165966557193236,85.16082987,68.806681,-1.1571153541744257,0.0684281442977952,16.354148870000003,71.3243812,77.63498148,476.6885044470375,0.0646043063022946,0.0548395307789924,0.21635333,-0.04871363,-1.4889811001876831,-0.0121270732283636,0.26506696,0.00861582,0.1121576,413.51673166998137
-7.482673088060328,10.402700693840991,19.94656186,-40.095684,-0.641262961648688,-0.770117995075159,60.042245859999994,-14.2135076,-0.0555305,466.2457816355347,-4.087997405491788,10.23322244247628,18.06638427,-32.90124039,-0.5572054240813751,-0.7702057756533444,50.96762466,-11.6849852,0.75746788,481.77518305149545,75.79153843220129,3.581569677441683,88.55591044,70.69767984,-0.890965802509414,0.5044019290102073,17.8582306,72.46333536,78.74669108,391.6566932801664,0.0527360572451512,0.0548606373289214,0.22616256,-0.05699698,-1.2715468065522622,0.3923303328018048,0.28315954,0.00403818,0.10561812,358.96316681976657
-1.837545344860104,5.221422615367207,14.41634183,-38.142559,13.219254833701475,-3.482885717615589,52.55890083,-1.00266547,-0.29313166,518.731786718845,-1.1538541779577745,4.819388214076549,15.0331554,-38.22111039,14.274482733833375,-3.3389268557189022,53.25426579,-0.79129915,-0.0163707,492.0673838788622,68.03455818978527,8.841659147016978,87.7711738,53.78767237,-1.1531150715115817,-0.6780917978123447,33.98350143,55.2699531,72.85570749,398.20329971215017,0.0089471798478491,0.0322963204678208,0.19499103,-0.08271893,5.7052775807171745,2.1817766189594563,0.27770996,-0.00228332,0.00948775,387.0268551188433
-8.087285483632431,13.05240859113429,20.85789611,-44.89113878,-1.0958083397121132,-0.2069089720411348,65.74903488999999,-16.34957193,1.84435393,522.2251324717338,-6.945812737609022,13.047112396227076,30.21888654,-38.40206797,-1.261314227620183,-0.1680917519118278,68.62095450999999,-20.09588129,3.45170133,468.8288587709538,8.300078200563895,4.598445337237394,32.69465337,-1.95369746,0.2629524812305117,0.5416672352211123,34.64835083,5.41956745,11.32689844,360.14873040833453,0.0795889105923779,0.0646376564041397,0.24491127,-0.03803027,-1.21632898331921,0.4547983456843726,0.28294154,0.02736454,0.1487809,376.8951055701345
-8.440135713104418,12.697810033397882,16.0459273,-40.28407548,-0.9892877915816332,-0.3230280450138636,56.33000278,-15.20734285,1.16533782,545.0027707544954,-7.3327590211046845,13.137347591646725,16.36717718,-38.35520251,-1.2925198306083805,-0.2627339640610152,54.72237969,-20.79996474,3.43208234,505.60328735072824,11.638056817007568,4.843653185429899,34.28047643,1.87734853,-0.2701299028398165,0.2976152620937911,32.4031279,8.3078383,14.88546644,377.942087856842,0.0775070609300135,0.0675795281771794,0.24207749,-0.03083685,-1.2816441759670596,0.477198504178523,0.27291434,0.021479,0.15292257,417.9250875076252
-8.399464509796275,13.111995434062164,16.5407479,-41.78379701,-1.048337307568198,-0.2733483158406141,58.32454491,-15.65638803,2.32173599,493.0534932305951,-6.816711778524165,13.540385664601216,19.71975057,-38.28435786,-1.2959422398805114,-0.149384335968353,58.00410843,-20.66372568,4.30401342,478.2345656991255,19.309711756104168,4.7858625916033875,40.15511022,7.49040304,-0.2568348075369759,0.1248787835819296,32.66470717999999,15.93723188,22.66199957,402.6990081330336,0.0776760562113129,0.0625864529049167,0.23858977,-0.04173598,-1.2592354542178317,0.4214794732456782,0.28032575,0.02453076,0.14485721,369.2530179562539
-8.155098054208453,13.026905352161664,17.27534987,-40.06609224,-1.0497427866239164,-0.2335506659648085,57.34144211,-15.39044832,1.83781435,514.0020652150961,-7.122521614522333,13.381868351502542,18.58842008,-37.77209933,-1.338203734214981,-0.150028096664388,56.36051941,-20.78906615,4.21573084,480.1087270191067,27.76355058675279,4.274818731190028,43.15782247,16.49853788,-0.0207845499224301,0.3087214380209451,26.65928459,24.74918257,30.46577917,432.66122651627234,0.076755443042762,0.0619577273083554,0.23335819,-0.0426079,-1.2584216222184854,0.4314279740623252,0.27596609,0.02671058,0.14463923,375.13685739075567
-8.422983968276094,13.038659268971696,16.4731734,-43.68896364,-1.0032251738944205,-0.3535416723365988,60.16213704,-15.08418344,1.77132966,530.656060267828,-7.3820965425343825,13.244941874622484,17.53447454,-42.47398455,-1.275502448048326,-0.2519313684048429,60.00845909,-20.96781142,3.26096647,508.3701833096994,37.12529551404343,5.449302946816285,67.93155752,25.62111364,0.4717050282158448,0.5950441593385614,42.310443879999994,33.18511282,40.57472692,365.2934971423715,0.07741018238198,0.0652701797520951,0.24207749,-0.03345263,-1.2619632284238642,0.4970345510598453,0.27553012,0.0227869,0.15030678,378.6771509938352
-6.692641822472232,12.4573506409578,18.73147418,-44.75926088,-0.7736165915176936,-0.5190023136397044,63.49073506,-13.89181779,1.59803344,448.829467208456,-6.097470160157779,12.151545315026423,18.63637655,-41.64129336,-0.9423729621455466,-0.447443081921167,60.27766991,-18.29752333,1.6217367,497.2992563943649,44.2696381764948,5.087426067443405,69.64817129,34.42761312,-0.2751501507164411,0.4602842007370544,35.22055817,40.22595297,47.7245606,380.9346598869454,0.0667381130457361,0.0646304440335664,0.25232267,-0.03955615,-0.9298541175303744,0.6919894699765561,0.29187882,0.01232373,0.13439404,343.472594278527
-8.179767712533849,13.117068105075765,16.59524371,-42.47371171,-0.9265903148792694,-0.4011079890780799,59.06895542,-15.16156648,1.15225889,491.6502726691935,-7.130922751532724,13.060423112795968,16.40968244,-40.63639147,-1.2445769176183847,-0.3204277186745424,57.04607391,-20.80977423,2.82609098,521.260208051546,50.026188556857115,4.73834024527608,67.88795553,39.76274191,-0.34030450604619,0.3850557476745502,28.125213619999997,46.50930486,53.1632279,424.35577291048907,0.0738960667638457,0.0673103846648313,0.24818101,-0.03672238,-1.197948865732526,0.5629976002279583,0.28490339,0.01820926,0.14987081,416.9772714719392
-8.33220414851528,13.271118997545194,17.07698561,-43.77833818,-1.006650887096801,-0.3354341094007232,60.85532379,-15.92341684,2.12228181,532.6397903915677,-7.07411410215717,13.496326181786944,20.81620329,-40.68434603,-1.221560117767466,-0.2432832002038492,61.500549320000005,-20.99178965,3.40265482,501.40970936557665,56.03250691081658,5.171433843847965,78.92333303,45.41939245,0.3181997468176929,0.6066364883555295,33.50394058,52.39483724,59.08690725,421.8178861743579,0.0757900115339065,0.0633203981121488,0.24098758,-0.04544169,-1.182269606742832,0.4945280134505244,0.28642927,0.02256892,0.14463923,431.3019052393469
-8.048587956870074,13.371474445602386,19.20231654,-43.06553529,-0.9842842732990572,-0.3406280343668792,62.26785183,-15.47001336,1.71683396,534.1642975401999,-6.946282974937487,13.25083763539322,19.4113056,-41.48543246,-1.2873230628491412,-0.2474402365940674,60.89673806,-20.86536009,3.36995714,505.5245044100176,59.23995589672091,3.859706563956179,73.02145468,49.3812264,0.0889576436434795,0.3967128166970995,23.64022828,56.41661916,61.49561773,418.4554986964955,0.0743292278103826,0.0625118437165977,0.22093317,-0.04064606,-1.2294839844665837,0.5019690356856721,0.26157923,0.02169698,0.14420326,441.94014365739554
-7.115111419070787,12.500943084269789,16.80123736,-42.59469102,-0.6249072147894097,-0.6502444944842681,59.39592838,-13.740319,1.17950656,465.98674579420685,-5.690993267386155,12.177787740974068,17.53883283,-41.84183581,-0.9082985013853936,-0.5460954585308436,59.38066864,-18.62340815,1.54544275,470.27412068365186,62.12685793307586,4.020111636158938,77.44104849,54.75450216,0.149097702110418,0.800766354642372,22.68654633,58.93431936,64.50922476,407.9589962605533,0.0637630974024364,0.064708032945106,0.24294942,-0.04631361,-0.8339734839912429,0.7828029122667416,0.28926303,0.01210575,0.12632868,360.29276900340534
-8.267431365457266,13.290856371839489,19.80830886,-42.7570865,-1.0185895591758949,-0.3305022717912163,62.56539536,-16.35393213,1.23618223,482.96150052814113,-7.0139957469197185,13.027188978601323,24.54152792,-40.72467501,-1.228245339127816,-0.2767850291965283,65.26620292999999,-20.44247324,2.81410139,508.9082431490351,66.12041420496902,4.411098517869181,81.82250295,56.79808889,-0.3077053895672215,0.4033101980729098,25.02441406,63.26672445,69.1849526,474.0336123855024,0.076657134113778,0.0663464110022009,0.26758146,-0.03737633,-1.1835964247438904,0.5434609520526275,0.30495779,0.02256892,0.15052476,425.5788206423027
-8.64339877832513,13.130251969497818,16.63121058,-44.78868745,-0.9718306109559562,-0.3824853951261365,61.41989803,-15.90270875,1.36043216,549.5601586300681,-6.563396659581722,13.26513666776206,18.66253393,-39.21841509,-1.2282190706815412,-0.2785235294537186,57.88094902,-20.45010264,3.94652193,508.14750069691553,68.56318410666965,4.069024366713714,82.89606558,59.90434347,-0.2339050469176111,0.2355973513399004,22.99172211,65.92611776,71.26669393,418.1249222018559,0.0745289500830076,0.0644400605617845,0.24600118,-0.03977414,-1.1810872774153778,0.5331357888376448,0.28577532,0.02104304,0.14507519,396.1849286833059
-8.381578485992831,13.417105545223404,17.56962611,-42.17507432,-0.9737034922745568,-0.3616606041429918,59.74470043,-15.67927621,1.42691697,535.1027430868602,-6.992855930782148,13.30132764100614,17.56935041,-40.22113497,-1.2745067675985668,-0.2774980522443179,57.79048538,-21.05173476,3.0811302,542.5355017421748,72.11269456135028,3.7668531121874,87.11948477,63.80078207,0.2538590659770978,0.5835448041740052,23.318702700000003,69.44653402,74.16586385,449.93004109077486,0.0764977569187272,0.0631808383472175,0.23793582,-0.03345263,-1.176081287046879,0.5537626545945259,0.27138845,0.02322286,0.14616511,427.07199506470096
-7.251803959996073,12.625102094732847,19.09659506,-43.7467296,-0.6965264743715585,-0.5984216827811679,62.84332466,-14.13922761,0.96152403,452.3583281836857,-6.118524679764704,12.218952212860264,24.08267515,-40.5895241,-0.8748833059751169,-0.5226182042985685,64.67219925,-18.29861338,1.1977598,480.2543657124788,74.40447848116645,4.566675566997871,92.42736135,67.2612618,-0.1219973829523746,0.6713341389505283,25.16609955,70.40565572,77.2721108,384.3522412630564,0.0674723265409414,0.0654394376966435,0.2521047,-0.0402101,-0.8401961874219568,0.7616131722976397,0.2923148,0.01537549,0.13199623,354.538623398024
-8.624708914646407,13.143372510245309,16.22467353,-44.32983278,-0.9403953091719446,-0.4169594885175347,60.554506309999994,-15.68690561,0.98768188,506.20163064160744,-7.160621527786323,12.96349322457465,17.85381811,-41.49851305,-1.2149764973754122,-0.2924177179488267,59.35233116,-20.73566038,2.71382921,502.7600498245594,78.0078999469245,4.321890759621558,93.87149893,69.29394613,-0.4315967580316848,0.3213374597687628,24.577552800000007,75.10863577,81.03776632,427.23697041903864,0.0770653563954397,0.0649780470911383,0.25079679,-0.03585045,-1.1527210046746212,0.5517812918410361,0.2866472399999999,0.02322286,0.14834493,403.852088246668
-8.401573663496082,13.314524990948655,17.20014598,-43.21158098,-0.9760687648007736,-0.3760132410248571,60.41172696,-15.79698633,1.37242128,504.09701468597,-7.447546879824796,13.21460817123168,17.98460882,-41.80586703,-1.2395307690821542,-0.2749829264675787,59.79047585,-21.16617567,2.59938829,493.8586599535852,81.57740139136286,4.574506298959414,103.9313973,71.96423422,0.6215911076553118,0.773692472780432,31.96716308000001,78.44377218,84.20396505,424.2513784387023,0.0785087855955998,0.0623490641693809,0.25341259,-0.03585045,-1.1810610742910788,0.5133730721795876,0.2892630399999999,0.0264926,0.14725502,401.5135062106578
-7.219618363262805,12.47272510446594,18.98869349,-44.01048921,-0.6344290845153675,-0.640442166551299,62.999182700000006,-14.02696679,0.63999941,501.30966533385737,-6.196596499357406,11.90324953487649,19.6826927,-43.98896487,-0.8488670238806071,-0.5403796010535655,63.671657569999994,-18.07518084,0.92092197,471.8892589173265,82.11357612360239,4.8955779244551545,99.22842489,74.25305258,-0.4505922235470669,0.4874201067994996,24.975372309999997,77.71353231,85.45191274,396.25220149378214,0.0669456081974338,0.0658779247224516,0.26932533,-0.04282589,-0.7527456832476331,0.8083784034689937,0.3121512199999999,0.01406759,0.12785456,383.8649792888254
-8.239869412279297,13.104249319839976,17.53147914,-47.07859681,-0.8866636836585058,-0.4713728842400758,64.61007595,-15.50598024,1.24272157,532.0942366053849,-6.574294564624292,12.82953710869154,18.55136411,-42.24074251,-1.1554854773076513,-0.3295981884879308,60.79210662,-20.09588129,2.33780973,525.1384469547872,84.33313877562495,3.810069896821997,101.13577352,76.51462637,0.0970453042741206,0.5885944299142809,24.62114715,81.37018667,86.62902151,423.51588807012865,0.0744276406270375,0.0619542155169324,0.23619196,-0.03410658,-1.099743770933536,0.5870920691803619,0.27029854,0.02213295,0.14224142,432.11304770846823
-6.1565702269511755,11.768680583648353,18.26390101,-42.99141954,-0.2923218757143493,-0.8264750143029573,61.25532055000001,-12.83678125,0.5190189,460.9968992754503,-5.497936858883992,11.371270667501989,24.92299764,-40.53938753,-0.5226526580277944,-0.7103237718071769,65.46238517,-12.34550555,0.65716283,468.2285798366968,84.9058799769246,4.555428502409815,101.56083761,77.8661202,-0.4104717188787337,0.5661147944000652,23.694717409999996,80.73803793,88.04590688,380.3824782156393,0.0575974015141555,0.0621993847073845,0.24818101,-0.04064606,-0.4331042729152559,0.9503097526852452,0.28882707,0.00948995,0.0857839,360.7247765300449
-1.1084111196233195,2.894421572554136,17.73093344,-41.84265016,69.13910531333411,-6.804614370001815,59.5735836,-1.084244,-0.74092124,498.737416630207,-0.8285199810738375,2.452796892927634,13.71105688,-36.88490946,66.55543970985556,-6.016367594258506,50.59596634,-0.88615496,-0.55482085,514.559623118624,71.66452895020727,9.086558534202846,97.6425942,62.16591345,-1.7674563046553369,0.2193188763340118,35.47668075000001,63.19588171,80.86882864,374.81794896411066,0.0051643975139648,0.0196910784403905,0.21744545,-0.08140883,39.390609319039704,4.2888479245986355,0.29885428,0.00360442,0.00622021,373.01882308963013
-9.415203632346197,13.53478112292592,17.99683953,-43.38382148,-1.280267193814921,-0.0939113371675079,61.38066101,-22.143859382499997,1.30372375,475.3935614987879,-3.0948122659465307,12.784264484793413,27.04596173,-34.22134746,-1.1694824941024078,-0.0490329525149411,61.26730918999999,-16.94839824,4.97848283,466.7045755411569,8.292279982139467,4.211679140963782,36.2851461,-1.098886,0.266465864180375,0.204826399457351,37.3840321,4.97738157,11.23348556,361.423679878045,0.0702935358146067,0.0551727923960053,0.2226308,-0.05028354,-1.134642440313396,0.0202421739987894,0.27291434,0.01511127,0.11145962,356.2683713972477
-9.603783183087527,13.092124171357057,17.02136708,-46.11950492,-1.2719294162015429,-0.1476687036534396,63.140872,-21.93541336,0.86339868,543.4409165578317,-3.3534297440490297,12.639601144639304,24.94569813,-30.15051998,-1.178587443972965,-0.02576971557465,55.096218109999995,-17.03667987,2.98394107,497.1219614222042,11.63344470417404,4.711898032767902,34.42139564,2.12725793,-0.629910492222427,0.0911484789097956,32.29413771,7.4841827,15.21166931,414.09222283572745,0.0669385736613106,0.0573016196098375,0.24137731,-0.05398925,-1.185246035633292,-0.0080196637437256,0.29536656,0.00704591,0.1103697,412.9219821530397
-10.101031151323328,13.299735955250632,16.62899781,-50.24482536,-1.243451536327246,-0.2390478742880521,66.87382317000001,-22.93186569,1.39527648,522.712825354454,-2.6130858514414235,12.958630644708196,25.61926495,-30.51455081,-1.149825433083682,0.0101518897746288,56.133815760000005,-16.4546677,5.26513015,503.5082569938415,18.80389970972963,4.901867198100874,36.51402794,7.97464405,-0.4806763410396844,0.0189732653256262,28.539383889999996,15.44055114,22.31245552,360.7512139678993,0.0661625024996071,0.0579402790338911,0.23244001,-0.05289933,-1.1559130871351286,0.0885979203301934,0.28533934,0.00682792,0.1103697,422.02157291576384
-9.541210386753358,13.535598750827605,17.48785019,-45.06991767,-1.305679249163327,-0.0773721423791988,62.55776786,-22.52396583,1.37892778,489.0605811504468,-2.6218789161527463,13.090123128952838,28.69827115,-29.57504619,-1.1862609305698697,0.0012669079306298,58.27331734,-16.60071529,5.82316577,514.9591737193783,28.583921744216468,5.1340999033367964,57.24418388,16.7484468,0.7438315604276697,0.5378894176232397,40.49573708,25.07538734,31.86009727,363.7552375107357,0.0684116131056808,0.0541564518444968,0.22590053,-0.05551513,-1.2266548603040337,-0.0541032118149837,0.28141566,0.01293144,0.11015172,380.5691969074276
-9.769363057577868,13.124508735668265,17.28621579,-43.9189701,-1.3177594528711691,-0.1652338628009325,61.20518589,-22.19263267,1.17729378,492.3592293279626,-3.068164965040269,12.835577134438754,26.1097263,-30.65624202,-1.1640563455732325,-0.0116423142113927,56.76596832,-16.79581035,3.52344834,504.6433446567366,36.572011150432225,4.493745033684571,56.54118858,25.06448684,-0.6341123696712554,0.0369563819316372,31.476701739999996,33.05355201,40.00719963,354.7973857818016,0.0672428802099866,0.0559586862248084,0.21391149,-0.03807651,-1.31459125882531,-0.0389070079915523,0.251988,0.00769985,0.11015172,377.19130430090047
-8.248204556141667,12.595667315990443,22.60390473,-45.12550163,-0.97917410906944,-0.4649057033309479,67.72940636,-19.19972991,0.89282635,444.8404653281755,-2.6154643074115267,11.73304386022263,25.18003117,-30.84043468,-0.7906921465368448,-0.1923824138214866,56.02046585,-14.13860095,2.69402408,454.180064949854,43.38825558586131,4.7810842181806255,68.59563194,33.45682274,-0.3436525641305827,0.4497158516469082,35.138809200000004,39.28240715,46.75921379,367.4921691610436,0.0566883667456981,0.0574273151675377,0.23178607,-0.05246337,-1.0370860323645348,0.3843092408312051,0.28424944,0.00421213,0.10513812,338.2711736848934
-9.06348034304192,13.170386302589185,18.13307953,-43.64539909,-1.300007920000425,-0.0919727858215147,61.77847862,-21.42206382,0.93533296,538.4033543303136,-3.4024279597147404,12.9848007421962,24.72662579,-31.49111522,-1.1621361894117608,-0.1052247209037684,56.21774101,-17.59362567,4.2062790875,527.212768193788,49.48097096219556,4.30000125783413,63.9199041,39.80556617,-0.9172556007287448,-0.002845792612415,24.11433793,45.4894651,52.76463829,392.91541253041294,0.0655975158925905,0.0546247996396903,0.21587333,-0.03938441,-1.3718336623483278,-0.0949390352156757,0.25525774,0.0083538,0.10971576,384.23724423802526
-9.930366547758071,13.165010819463346,16.58540154,-46.99143409,-1.2544592381837685,-0.2555083192971319,63.57683563,-22.5569357825,1.03451512,528.5924090518706,-2.9385490013945548,13.225218665814552,26.89664494,-30.93198741,-1.1193120408508757,-0.054151533649851,57.82863235000001,-17.24703372,4.40954792,515.454115546307,52.98479473735971,4.457693067620828,67.21143852,44.43224846,-0.8628206964871192,0.033525647088139,22.779190060000005,48.91179405,56.25236259,391.1869521901224,0.0640496494856604,0.057963160389746,0.22611852,-0.05660504,-1.2635282708818063,0.0819631198888042,0.28272356,0.0046481,0.10993374,396.3012385862371
-9.138739710855624,13.517916629410886,19.07476426,-45.06228828,-1.3090892590932777,-0.0910441274690826,64.13705254,-22.17955398,1.40944536,506.57715587066,-3.004238689469199,13.327673542319038,26.71026837,-33.25023616,-1.1620672845546454,-0.0695664202153208,59.96050453,-17.5088855125,5.74687182,490.4825410466128,57.73587222278494,4.022441844626165,73.98525749,48.56302391,-0.4953639195710835,0.0234784562332644,25.422233579999997,54.68833671,60.60111747,408.50369751901553,0.067268379749666,0.0534030709893283,0.20758999,-0.06554233,-1.3447703929095098,-0.0471635979174669,0.27313232,0.01271345,0.11080567,375.2677406398078
-9.678026376394085,13.154429179803865,17.62844849,-50.28624534,-1.281115687433596,-0.1781777223639006,67.91469383,-22.27001571,1.06176293,495.9547329739906,-3.2921121611328674,13.155147298734,28.3353294,-33.92707027,-1.1313267632444663,-0.0828765731223826,62.26239967,-17.38981212,3.9964708,472.22517227390415,62.60482483778361,4.254471174912198,83.38030754,53.28779731,0.0954038024678785,0.3743955381546622,30.09251023,59.05888878,65.29319511,376.597040357039,0.0694214577343835,0.0546443115559676,0.22372071,-0.03524274,-1.350313912254393,-0.0096561908885823,0.25896345,0.01293144,0.11342146,399.1377453841899
-8.054606498639586,12.65139442325322,20.17775727,-46.2993412,-0.9936018489974998,-0.4168471854401082,66.47709847,-18.88801383,0.57348168,449.7557906870027,-2.8051716563814333,11.793098954990262,24.07376896,-33.53034175,-0.7687533575977645,-0.2314325755646802,57.60411071,-14.1203445325,2.4400742,462.9768685654852,63.17128466065789,4.460596932882182,77.16779838,55.46762596,-0.9705830502520656,0.1496563945148387,21.70017241999999,59.12428413,66.60108696,358.4376384158721,0.0573091421387208,0.0567552447373918,0.22415668,-0.05224539,-1.266170490709143,0.2942753768705635,0.27640207,0.00421213,0.10818988,353.1410310658973
-9.789602389831892,13.087223710396948,16.00665761,-47.1298542,-1.2773548569619673,-0.1950867363145068,63.13651181,-22.17737388,0.63669664,565.7220184802849,-3.29985137604184,13.016775267367168,25.77621304,-33.15650142,-1.1189586067464543,-0.0566501153921945,58.93271446,-17.37346424,3.08639299,576.3298684866919,65.96053727990987,4.371208083099523,81.87622581,57.85998283,-0.9946057637459522,0.0339510290919296,24.01624297999999,61.64743553,69.21688591,429.6915389042734,0.066580994340968,0.0569642333385741,0.21630929,-0.05159144,-1.3461632328038942,-0.0162658913983307,0.26790073,0.00704591,0.11233155,423.3243420329469
-9.40480979725945,13.424459641144514,19.31345559,-45.0372219,-1.3114754085988147,-0.1284269154261414,64.35067749,-22.2885456,1.1467762,570.1680929102228,-2.8384086910507587,13.261282774371756,29.12987744,-31.75378383,-1.1406142864188888,-0.0653226913429806,60.883661270000005,-17.16202129,5.4757558025,554.2893986314982,68.78431873471116,3.864327584007929,82.0288137,60.57932029,-0.7747516282459332,0.0589254819476135,21.44949341,65.51117454,71.61469017,461.2801799583973,0.0677717558845761,0.0540242818674247,0.2226308,-0.06510636,-1.3295831812088068,-0.0123437828146148,0.28773716,0.01336741,0.11211357,470.5615174596087
-8.665653965034062,12.597928343758852,16.40120602,-45.21487617,-1.111325287887378,-0.4176604486631047,61.61608219,-20.26130485,0.51353646,514.1754603545937,-2.918358148875658,12.30845532110833,25.71953808,-31.61318553,-0.8633252058490686,-0.1777704086410061,57.33272361,-15.57728733,2.30492496,510.36151549030814,71.3757243552024,3.963620059432029,89.94703422,64.23052726,-0.632480120934861,0.3543278858984,25.716506960000004,67.5166143,74.25773368,394.45122261834155,0.060773195003575,0.0559467732257447,0.22524659,-0.0596568,-1.354080498161005,0.2193788912233836,0.28490339,0.00769985,0.10993374,400.1301905610307
-9.324474898369292,13.183085924692296,22.87093354,-46.06719016,-1.2240681026218028,-0.1679658095550937,68.9381237,-21.31634139,0.53642464,459.5368115798763,-3.281216442040622,12.663335403421394,24.62853467,-32.2104565,-1.047893608707364,-0.1151308811677217,56.83899117,-16.98545421,3.2596892,474.45489690296336,73.8202939896801,4.442483639256047,93.00969444,65.22234855,-0.535607103311643,0.1551765110692941,27.787345889999997,69.63104759,76.98796592,376.5957733339706,0.0685648124485346,0.0568486363621923,0.23549177,-0.05420724,-1.2807823297463097,0.0591695333524871,0.28969901,0.01096959,0.11494734,358.2931428513407
-9.730786337491711,13.235246922630258,17.22954083,-46.9761753,-1.2844531497743488,-0.1797397675482326,64.20571613,-22.31906318,0.91244478,525.8564713190475,-2.815567483502514,13.228131729656972,27.88083684,-32.41754116,-1.098138028996004,-0.0475247434442085,60.298378,-16.92006076,4.82916462,522.8978523917149,75.3686573771791,4.081655915504808,91.44022117,67.38583122,-0.8421650674683985,0.0384171652093282,24.05438995,71.7236837,78.38305412,406.6799051711284,0.0682430160751551,0.0554412196510501,0.21151367,-0.0433081,-1.3684917575415052,-0.0056736571247007,0.25482177,0.01075161,0.11385743,410.2036162406824
-8.456897484201697,12.629335069253536,19.54233742,-46.47372627,-0.9989872005852424,-0.4657746635709517,66.01606369,-19.32288932,0.39473588,459.5779275296195,-3.0123178378444253,11.86835684282633,24.9882053,-32.4883839,-0.7330926416634003,-0.2082552571834233,57.47658920000001,-14.41107906,1.62590881,475.1319607454642,76.71704544856986,3.995350325397601,91.10779319,70.14875541,-0.8305220130057429,0.3340638920592307,20.95903777999999,72.86809288,79.82719169,380.98369316877034,0.0600015667376836,0.0572033553737892,0.24159528,-0.05289933,-1.1271399065424144,0.3674711716946811,0.29449461,0.0083538,0.10971576,358.6510400191875
-9.508012865603362,12.949871699426568,16.94398308,-45.3140583,-1.2936145270140804,-0.1572446477979295,62.258041379999995,-21.61061859,0.62906725,521.5069096890065,-2.961600495958042,12.998023006138505,26.22089802,-31.55977977,-1.09170073270275,-0.0815101670739394,57.78067779,-16.98109592,4.5079126825,488.6683127663477,78.33079050648256,3.9494625244073536,91.33122764,71.18417869,-1.0129195816787775,0.0040180363039708,20.14704895,74.49206291,81.29857383,436.849171630969,0.0678172304535633,0.0544324549598418,0.21456543,-0.05289933,-1.3714813260283916,-0.0343862341435122,0.26746476,0.01271345,0.11276751,388.7332756697044
-7.9678670569494,12.384351144840116,23.43332863,-46.73857688,-0.9847750184438137,-0.4278364101201849,70.17190550999999,-18.49346542,0.39364595,486.8598487015504,-2.9465464930609335,11.723608335193898,24.54352032,-32.23443569,-0.6981741335358662,-0.2217399038857348,56.77795601,-13.91298831,1.70765232,469.9962292661028,79.74335121584086,4.024094697286302,93.34756981,72.72640739,-0.917794615133242,0.2791953119396181,20.62116241999999,75.80540977,82.90074669,372.7320414067654,0.0582284709508132,0.0554831894675846,0.23135011,-0.05507916,-1.1387979839767977,0.3673258090961316,0.28642927,0.00857179,0.10753593,351.2939486770635
-4.817903450779131,9.580702169243857,18.55814553,-40.1478672,0.4280628478396502,-1.157380877084195,58.70601273,-8.8294751625,-0.05975806,491.9091997432872,-1.57130967834195,9.156798193778842,26.41708218,-32.99846614,0.9788994070354358,-0.6180022070046742,59.41554832,-1.51958168,0.74852841,513.9707769175268,78.18879105892131,3.8058402173731833,92.98244987,72.55746971,-0.3600871707647797,0.9660259727531226,20.42498015999999,75.21685539,81.53290306,397.26168101181565,0.0318104006114166,0.0489005347946538,0.18688163,-0.05006556,-0.4272879115644135,1.0228482419902705,0.23694719,-0.00210936,0.07571046,383.7196582149873
6.270324639875801,11.407836166975208,35.36366553,-20.90966135,-1.0467778121511808,0.5795368327213956,56.27332688,-2.47268349,18.50379271,440.6940236917989,-0.588829502642206,9.883057661208412,20.69754586,-23.67065445,-1.1328035962500125,0.2290517428481516,44.368200310000006,-10.25381866,8.03057084,473.19366676854656,24.603428853613895,5.437359655205678,43.22051948,-0.35967145,2.2424500023111733,-0.9476008534598936,43.58019093,22.19063895,28.13611739,370.3443625372192,0.062470235940901,0.0494053863724562,0.22472695,-0.03816019,-0.7319246143735119,0.4893854704825586,0.26288714,0.02352892,0.10331059,333.17878927132205
7.750009652940812,11.96008288477091,37.36256689,-13.39143759,-1.4147422258874487,0.324183634071421,50.75400448,-2.51301032,20.8798036,520.3044329779848,-0.6649101822009228,10.739206787328897,22.05121788,-23.84177032,-1.4221458488180443,0.2255620914257033,45.8929882,-10.71049228,10.90358338,564.846730946403,30.534991440807275,4.281657565090912,52.75726264,19.30781692,0.3639414190565393,0.4619097502122029,33.44944572,27.36772865,33.23146384,395.96308290364686,0.0718248279837039,0.0475107433418679,0.20881421,-0.03205667,-1.0116554993312763,0.3718186710860158,0.24087088,0.03268419,0.11638955,392.9982865070472
8.263019700948334,12.046979645904305,38.78381247,-13.40560633,-1.4084256800262334,0.4065458683348247,52.1894188,-2.47268349,21.70486921,540.9415710622377,-1.1357562680268836,10.875554408096995,20.60817322,-22.29409423,-1.43269460841963,0.2018413461301961,42.90226745,-11.25653854,10.528653,561.2948845736531,38.93248307011759,5.062619925149998,62.68637412,26.46854919,0.0937885315919744,0.2429694678953149,36.217824930000006,35.3785929,42.2177996,394.4943766450765,0.0705092712532413,0.0493333459881884,0.21317387,-0.04034,-0.9826496340706004,0.4654203279574622,0.25351387,0.03115832,0.11769745,397.03376373570825
7.383841147414304,12.39139981764428,36.07755942,-14.99252039,-1.418996408427304,0.29578037356665,51.07007981,-3.58439546,20.93865866,517.0462463164489,-1.302671353190439,11.190685716230616,23.01906189,-23.30117431,-1.472245477676127,0.2336592196625821,46.3202362,-11.91375652,11.05508122,544.6192687926383,50.57502580237694,4.5760895787158455,70.08143943,37.78729957,-0.2178209361105514,0.2067417426407544,32.29413986,47.26409858,53.73273414,367.4349520336261,0.0735423231990826,0.0450190377899988,0.22843266,-0.0442637,-0.9532366789375092,0.4388186623982225,0.27269636,0.03835175,0.11682552,397.6784268113093
7.93185396784483,12.074203014547784,34.89609045,-12.91514498,-1.447535154587436,0.3546998065799193,47.81123543,-2.69502598,21.32884878,536.694903368791,-1.0022889060757407,10.843579083684093,22.69971642,-22.16766372,-1.4305662893854076,0.223188742746769,44.86738014,-11.14318767,10.51339421,553.8297126125148,60.55898256164769,4.415125299501897,83.12770408,48.32131522,0.6880355385011812,0.3800264444702324,34.80638886,57.53108543,63.43296378,375.0578676249023,0.0718901116643681,0.0471577771165031,0.22276511,-0.02726105,-0.9881365311375347,0.4091372155152655,0.25002616,0.03421007,0.11638955,409.61839841195336
6.612084992620732,11.21648173468846,38.20070929,-20.84644609,-1.0165025251919986,0.6431312349568727,59.04715538,-2.06723576,18.66727919,448.6038563133478,-0.9361715733106424,9.8873359843184,22.5874556,-22.86520782,-1.1364297241583805,0.2002552203675984,45.45266341999999,-10.38896766,8.14065251,482.9713520717543,68.91218297540645,4.535927418449665,85.84703391,58.23407691,-0.2271175352022445,0.5263609501663519,27.61295699999999,65.16592735,72.01058524,356.08999205070324,0.0621157712697985,0.0486422834861834,0.22341906,-0.04099396,-0.7273441707401864,0.5798785581866018,0.26441302,0.02265699,0.10483647,352.8600528902019
6.7506818826745905,12.02426002814726,35.90753073,-16.03229814,-1.345475139817268,0.3658898631465293,51.93982887,-3.29229837,20.11359495,523.4007716608352,-1.1722506781752071,11.06210651965914,22.33677658,-22.65049568,-1.404708605925039,0.2378293286315439,44.98727226,-11.594412,10.7335566,551.2321606317462,77.00952557978184,4.01474105330141,92.94237083,65.6563906,-0.2835281607798898,0.1613069282720551,27.285980230000007,74.10322135,79.80346244,406.7855309386727,0.071922044213915,0.0461409917593378,0.21012211,-0.03467247,-0.9989771880333363,0.3427287463683652,0.2447945799999999,0.03442806,0.11595358,394.0830848759357
7.674852242111721,12.066817934979122,36.48736471,-14.11949926,-1.3258138918346916,0.4826647243000382,50.60686397,-2.60892278,21.19369978,539.072443525597,-1.5015877255359975,11.17295141559252,23.45720658,-24.53931442,-1.3790727040596855,0.2135260865550216,47.996521,-11.88977829,10.4567183,558.722583424476,81.10099438489391,4.010122426153318,94.91511863,71.29124015,-0.4057682466554642,-0.0128255277711183,23.62387848,78.39747947,83.83069938,425.943271179464,0.0697737763424238,0.05005578132354,0.21469975,-0.05167511,-0.988201705568887,0.4516695967967584,0.26637486,0.02963244,0.11878736,402.80985287207005
6.64255777180205,12.43267727566891,36.12224478,-16.31676584,-1.3359369923774802,0.3616044266997075,52.439010620000005,-3.90700966,20.52340216,496.40536912738975,-1.8802252317134636,11.362196063540296,21.69263634,-24.80743423,-1.4229434327663235,0.2396375589386053,46.50007057,-12.60803142,10.43056092,536.5860576797978,86.06784662676543,3.474456735930035,98.65896934,75.75988334,-0.2061825307912808,-0.0477815184752198,22.899085999999997,83.77620261,88.52277702,378.7238873308969,0.072673341726986,0.0451223451610085,0.2014028,-0.03837816,-0.9690844075908908,0.4099142948138495,0.23978096,0.03791578,0.11595358,389.2564827201864
7.031534083857185,12.007169129031638,38.65193457,-15.2584601,-1.3561428163851823,0.4503765170964908,53.91039467,-3.15932899,20.6007852,504.2530050513959,-1.8310556343743012,11.120418442207129,21.40707955,-22.68755165,-1.3851732496002191,0.2351959843227606,44.094631199999995,-12.25707927,10.01966366,486.07934254372753,89.24436289933429,3.4194445076041395,103.61807578,80.64269584,-0.0568086966620553,0.1938871321380553,22.975379939999996,86.9750933,91.4382891,432.1788299428038,0.0725948011633097,0.0474429105209746,0.21186597,-0.04382774,-0.9907853921514378,0.4369522498479458,0.2556937099999999,0.03464604,0.11835139,387.4523521134592
5.283442702496879,11.376744759832468,36.96910757,-23.4829474,-0.9752583590582176,0.6169317332853967,60.45205497,-3.31518656,17.1152429,462.55828918717015,-1.869264188231102,10.148835625706576,22.05884728,-28.8902494,-1.1254224149358725,0.2043702088017067,50.94909668,-11.72302166,7.41150031,442.48598348459205,91.26038534093276,4.293332984523563,109.08399528,82.66448539,-0.3767153007111448,0.0846448455898545,26.41950989,88.32113975,94.17397636,345.854928591727,0.0650806421241294,0.0488097391993977,0.24870505,-0.04818739,-0.5969244485390939,0.5650357459033961,0.29689244,0.02614472,0.10222067,350.87358673180313
6.8200766370632975,12.05774590504415,38.80016226,-15.09715181,-1.3309943385930303,0.4638442109264899,53.89731407,-3.42308813,20.25746245,520.5216235814618,-2.3673719820766475,11.16300176520685,20.79345879,-27.07554451,-1.3804592907738724,0.2164472716714005,47.8690033,-12.55462566,9.55536017,486.1881538951473,93.6858305659392,3.818178312907031,113.15481895,84.85521262,-0.339376359031037,0.1163532060074226,28.299606330000003,91.12766593,96.47368949,410.14334367039015,0.0732083195926763,0.049428555071839,0.21513571,-0.0468795,-1.022027586315206,0.426856949225335,0.26201521,0.03355612,0.12162113,401.89373301830614
6.113313190656681,12.316970104924394,34.52334112,-16.24483019,-1.338121871645877,0.388929382175594,50.76817131,-4.41599947,19.79424948,511.5835652796928,-2.760066939531826,11.331295995212718,20.38692078,-25.1333181,-1.4176574696710222,0.2464680533339678,45.52023888,-13.38622966,9.4801558,491.3780207480561,96.03493731077292,3.326359539442871,107.5199694,87.00779288,-0.3080673010554484,0.0832844892744003,20.512176519999997,93.87424796,98.40284293,410.6811111949241,0.0745403638901843,0.0451373641430118,0.20663439,-0.03510843,-0.9481125049972544,0.414359773809935,0.24174282,0.03965964,0.11747946,410.58600933327546
5.270941839878029,11.417625739292596,36.12442297,-15.99851137,-0.9637645498641731,0.7118107052802736,52.12293434,-3.40564972,17.35502333,472.3638663698336,-2.533031115991726,10.237363728599162,21.44740662,-24.23522964,-1.08998258705573,0.2221872289328941,45.682636259999995,-12.17642608,6.73466381,489.9864855649494,97.24204568871096,4.008394132795425,112.49541801,89.87971824,-0.1393569225388713,0.3524420650935599,22.615699769999992,93.88515037,99.81428092,384.81788654372366,0.0663256001823217,0.0502756718310424,0.22472695,-0.05036722,-0.7267502912438841,0.6086531896594741,0.27509417,0.0263627,0.10876015,362.2697227953567
5.9097450936259985,11.990225345026367,36.50371451,-22.40066248,-1.3258229485430166,0.3981599682172351,58.90437699,-4.22090488,19.13049215,463.88762504935295,-3.047996144688735,11.09831237349623,21.02887902,-25.48971954,-1.3801420741582031,0.2185973888931361,46.51859856,-13.28922763,8.8131288,499.98855234246435,100.0865441113018,4.01620929406967,118.25561088,90.48461478,-0.0249368925338866,0.2489181302217599,27.770996100000005,97.50911277,102.85513633,361.65884755338135,0.0768431722276986,0.0475168352044136,0.22385502,-0.02835096,-0.9346820629473576,0.429777945273983,0.25220598,0.03900569,0.12227508,361.3190691140946
5.744447502058131,12.2070866735373,36.74022574,-16.03774744,-1.3061512596280218,0.4316607196165203,52.77797318,-4.73752409,19.22313589,460.96553140497383,-3.3921275780499713,11.352687734205563,20.95476517,-25.60960975,-1.397527212118099,0.2378885921576221,46.564374920000006,-13.92682758,8.79242072,493.867530052631,101.02672118816622,3.449510805562336,114.50086539,92.15763419,-0.3121889908287318,0.0526551547569518,22.343231200000005,98.91509574,103.50908225,383.6828843985532,0.0757195291214671,0.0465508647380245,0.21164799,-0.03510843,-0.972897394642294,0.4296628598658921,0.24675642,0.03922367,0.12009526,361.48769858532233
4.873024739951134,11.454559400823412,37.51733298,-25.13525492,-0.9395471569643208,0.6829798198945763,62.6525879,-3.79474884,16.76211065,440.6936065301268,-3.047696175652129,10.252085841533845,21.19018731,-26.27118698,-1.09400749887651,0.1976357091744651,47.461374289999995,-12.81511512,6.29433855,472.728956879734,101.88752489789763,4.15405837905984,117.55807059,94.03773826,-0.5367150048250036,0.1454171678322812,23.52033233,98.52273124,104.72433799,363.0897752127489,0.0678558569869655,0.0496498312235842,0.2203673,-0.04317379,-0.7054558726565561,0.5618611640627583,0.26354109,0.02745261,0.10701629,346.89609518362084
5.4855141470557305,12.08980038865298,38.41106314,-17.08406359,-1.2815341053483895,0.4491180465740559,55.49512673,-4.6852079,18.9310388,500.5658595814385,-3.573238244755848,11.249973056894492,21.32206711,-28.76490989,-1.3825689407757016,0.2347369801761832,50.086977,-14.04235759,8.633293,497.6460705657612,103.86869172173678,3.7780342409603302,116.48450797,95.12220329,-0.45856830787721,0.0356385254981874,21.36230467999999,101.52543967,106.61533683,397.8239481846503,0.0761495967192452,0.047299565477719,0.21382781,-0.04666151,-0.9673425585976952,0.4127400951948518,0.26048932,0.03900569,0.1220571,380.8787903972216
4.401412454623351,11.060233654187568,36.02960104,-22.46060854,-0.8389904261144001,0.733888958760969,58.49020958,-3.71191507,15.0880031,459.06437656459934,-3.3149053762870664,10.088391755381778,21.71116623,-27.72622314,-1.019912335615771,0.1806919674567237,49.43738937,-12.77369896,5.22949323,475.5943200347064,104.06507961960818,4.4821397084665655,122.01581901,96.09221976,-0.5258563583050546,0.293862593127417,25.923599249999995,100.05950492,107.17664664,355.11504665418425,0.0652625772694758,0.0493352312841143,0.2190594,-0.04557159,-0.6918222193896333,0.5958056120229495,0.26463099,0.02483682,0.10134874,351.58432785224613
-0.0940578586255949,6.411005188190857,33.27974981,-22.23826509,6.512616074781436,2.51297200243047,55.5180149,-1.98985177,-1.0023902,448.0219237394434,-2.984417710735856,5.478855394755775,22.81197915,-24.95893112,3.3953540608875272,0.2090879887539271,47.77091027,-3.24458471,-2.29962936,503.75592255223654,95.42768819646405,9.113436844220551,114.02129691,78.18494743,-0.3374688244765216,-0.9020251208131708,35.83634948000001,96.90965598,99.31837028,397.3447290451981,0.0244985375222139,0.0365422075093706,0.20162078,-0.08153873,3.5698659155355754,1.75053086424802,0.28315951,0.0087061,0.02788858,340.9775139844472
0.2748837397258025,15.373488233139268,37.58083695,-33.29079086,-1.4355564358153434,0.2079887249613767,70.87162781,-12.3734446225,17.6705669725,457.4056217362929,-9.183276887873868,11.664490113827815,27.43662521,-40.3570855,-1.2685132381045814,-0.6760095234285327,67.79371071,-22.97732666,-0.1850541,479.4832303281823,12.525345714071848,4.98773326900026,30.15652943,-0.67712251,-0.1706122921331463,-0.2571680785197594,30.83365194,9.76969815,15.76967145,395.6196763610686,0.0872974140244121,0.0476102978908,0.22942348,-0.0391312,-0.4474059563605808,-0.229201105090508,0.26855468,0.059179,0.12152205,354.81405946104655
-0.1782543899192503,15.36684714170126,28.80267113,-31.05973846,-1.481514322495411,0.1971225182568792,59.86240959,-13.45436603,17.11879891,497.29624497428705,-9.3867350359459,11.911959112177897,6.46668836,-40.75817421,-1.3093480527349537,-0.6923156539535978,47.22486257,-23.80130127,-0.13927773,498.0821717713954,20.710982492329453,5.483435030450253,37.70963002,6.72883988,-0.2234222275656523,-0.0124396147970648,30.98079014,16.93043042,24.54347516,462.3716166339495,0.0857821830744144,0.0478558416626658,0.24315639,-0.03825927,-0.5321254020416055,-0.0295024417838361,0.28141566,0.05547329,0.12174003,402.40250756711106
-0.1854128442472732,15.899716802657611,28.76779526,-31.86082489,-1.455054816429556,0.123199034200954,60.62862015,-13.74973327,17.85230988,465.31003488163327,-8.67074476676986,11.942852526885428,11.66557571,-40.11512688,-1.2319228498050054,-0.6797763658664355,51.78070259,-22.72664574,0.5648064,487.2834939135055,32.90155338149457,5.543084013606512,52.35806752,-2.13215708,1.765326919172094,-0.4595429951284001,54.4902246,29.17015934,36.86494923,364.1228766622101,0.08633675970778,0.0411207793798251,0.21787041,-0.05112025,-0.0551888840323413,-0.3736087166699047,0.26899066,0.06702638,0.11411064,361.5312960984429
0.4702763158423315,15.778389525088018,30.56506127,-29.8924411,-1.4731346111806565,0.213092447994022,60.45750237,-12.78624946,18.1683852,469.7133643673135,-9.37505561242557,11.941534528698371,11.22307083,-40.69823006,-1.3251763159632215,-0.6305520252759217,51.92130089,-23.6225541,0.09069402,530.4104819061214,45.92348368580145,5.145128596098244,65.58961964,31.07205678,-0.1807057770847788,-0.0744605942648936,34.51756286,42.32541371,49.59513569,410.1985657597908,0.0876079501618893,0.0425746841060396,0.22702568,-0.03455356,-0.2789056180912932,-0.2398551326179781,0.26157924,0.06310269,0.11781635,382.19026705432873
-0.0353935351934869,15.507845519034252,29.82065171,-29.22977478,-1.5002594677330123,0.2067341118412794,59.05042649,-13.52194053,17.68991345,525.0402546648874,-9.512046303261542,11.98404725920209,9.00291702,-39.71839836,-1.270032419195281,-0.7038871106612347,48.72131538,-23.98113564,-0.25480858,496.020359894045,57.37471786502746,5.06845246875261,77.41518116,43.84584523,-0.2233706837028246,0.0115127496738236,33.56933593,53.76950551,60.83214665,405.10658935076,0.0873373757052132,0.0446909058230667,0.24599018,-0.03368163,-0.3087686665819609,-0.1747917656014672,0.27967181,0.06244874,0.11977819,377.5587196293997
0.0491345567900276,13.95464420347638,30.26097649,-36.69132263,-1.1082485237152504,0.2112316526611,66.95229912,-10.223862,15.0940117225,437.2646641514022,-7.890214419505477,11.18212323354256,24.50039741,-40.0835183,-0.7160626444047575,-0.9737052206883255,64.58391571,-19.311402115,-0.16761551,451.7647858571569,65.95026436823112,5.436575243187724,84.06364918,53.80765248,-0.4813779935134818,0.2888049521441292,30.255996699999997,61.55148793,69.79668141,359.86951683907563,0.076051146075296,0.0505742944620698,0.24904194,-0.03651541,-0.7930224709350036,0.0413421980136566,0.28555735,0.02800747,0.11345669,336.8632320407948
-0.0826445234115734,15.108820120644708,30.77214592,-27.94912559,-1.3841743919028582,0.2905724247735408,58.72127151,-12.32957489,16.75367707,490.1017945098861,-9.492501165393994,11.77626499975824,9.21109077,-44.37450722,-1.1376878715544445,-0.7749603143872388,53.58559799,-23.24108437,-0.63191864,458.9630046169375,73.47804266048605,6.49228746202667,90.28706074,-4.03950572,57.05671247398613,-5.169878601495018,94.32656646,71.09367848,76.78847981,264.34874187099365,0.0847891027992806,0.0466900388979896,0.22506384,-0.03237374,-0.6472325745627137,-0.1715124576079358,0.25743758,0.05547329,0.12174003,375.95907368811874
-0.5725622487415544,15.69973510114951,30.47568863,-32.77417404,-1.3806819312735903,0.1770618753234037,63.24986267,-12.90613968,17.37710827,471.7826466671185,-9.027582393592189,12.031884385272695,12.39908764,-42.98922661,-1.05762296357467,-0.7834136009652494,55.38831425,-22.94898918,-0.07170311,453.9309367106573,79.1999454257292,5.355345627659419,93.18623066,-3.93051433,96.27063553373324,-6.656951314707263,97.11674499,76.76122761,82.06911183,280.3234142018042,0.0850376373063179,0.0415531684988397,0.22484585,-0.03695137,-0.2279570384559868,-0.3672525474654921,0.26179722,0.06441058,0.11323871,364.3468701287105
-0.0531314469083043,15.699435971825713,30.95743149,-29.20034629,-1.3596577508423513,0.2691900542307127,60.15777778,-12.0137730325,17.47846955,497.28897919755445,-9.48864252198488,11.94963709923211,12.56802437,-42.43882302,-1.167062944721825,-0.7233797247406997,55.00684739,-23.44598893,-0.36815956,516.8106682517953,84.03268334186197,3.537600566855734,96.34697438,73.35525227,0.095937617122106,-0.2314375824084147,22.991722110000012,82.21079731,86.1671877,455.9162142678454,0.086339735045407,0.0413118685442533,0.21372873,-0.02343644,-0.5273344331366072,-0.277411261748112,0.23716517,0.06135883,0.1171624,374.57654371164216
-0.5768866442261692,15.39445388767324,30.27950447,-30.18998748,-1.402858584274213,0.2513256526980114,60.46949195,-12.99987251,17.06975239,461.508303765916,-9.622796054571792,11.916281186642012,8.81109211,-42.27751473,-1.0876177644016929,-0.7970934988011388,51.08860684,-23.52582482,-0.77033767,499.3514402274845,87.25370454695155,3.810666771518835,100.07448292,78.02553273,-0.2358371244081203,-0.078664545990824,22.04895019,85.26255513,89.77480031,430.919490257408,0.0871514576047014,0.0422116082192249,0.22092216,-0.03455356,-0.4252695534011512,-0.3343478884181788,0.25547572,0.06353865,0.11868828,392.98025910119713
-0.3982304166153042,13.936205604985936,37.14813965,-30.24012405,-1.0510949370352802,0.2721007086314416,67.3882637,-10.94102508,13.96567887,450.63071719413045,-8.630351241685169,11.218320072348767,16.95928642,-40.97397927,-0.6653648879355312,-1.007010951525469,57.93326569,-19.54655007,-0.89567772,470.7752059216366,88.03041581789194,5.1588763060761105,104.73386097,78.87021351,-0.7426747328651548,0.0330821604767874,25.863647459999996,82.5268755,91.51321126,380.5437271600328,0.0771868367201226,0.0516672134144106,0.26844238,-0.04523472,-0.6763554677494432,0.1477953318522838,0.3136771,0.02560966,0.11694441,357.5749397369621
-1.1306811458532933,15.54828742693926,29.76070565,-31.44775039,-1.400071756793498,0.2274964244176115,61.20845604,-14.02330047,16.5749318,557.448350295491,-9.944865150189935,11.949434439890767,9.0911996,-43.41865471,-1.0754430875908787,-0.7992664114645213,52.509854309999994,-23.841900615,-1.07333365,571.0555796039221,90.35715904482844,4.052703083284163,104.44503499,80.6903658,-0.1384804139378079,-0.1373285092836074,23.75466919,88.40695668,93.03364277,470.50046846910385,0.0881316730966498,0.0439888042941504,0.21569057,-0.04087506,-0.4277445035205538,-0.2727381325315465,0.25656563,0.06484655,0.1208681,419.109347743301
-0.7630926879672554,15.691592567094904,31.87949723,-31.24829513,-1.353548969583951,0.2591950107345628,63.12779236,-12.7243967725,16.8528592,530.5133757894745,-9.919083577343727,11.867416173104344,9.21545002,-40.52493218,-1.1209851818001826,-0.7507978451925205,49.7403822,-23.55606964,-0.86951986,545.9413512891691,92.36773542208893,3.3959666146573717,107.7801714,83.2189684,0.2177401945466881,-0.2139447574184771,24.56120300000001,90.8756075,94.30883503,471.9710967157618,0.0898913101824863,0.0403652064548201,0.21939628,-0.02103863,-0.4131845694578677,-0.3284553871798318,0.24043491,0.06746234,0.11912424,419.2488796416732
-1.108698844636978,14.09308526048614,30.84516877,-34.23138839,-1.081887180794428,0.2771847566244155,65.07655716,-11.43366653,14.31118172,464.6843737636314,-8.768898184583223,11.416812362017238,18.1058757,-45.24317101,-0.4700387828198793,-1.0955339248773748,63.34904671,-18.593966275,-1.16052667,465.40678781889073,92.84110696037418,4.363334781002672,111.98723317,85.10996724,-0.4606616282936122,0.1361010448837433,26.877265929999993,88.35245991,95.77476979,424.7044892911829,0.07904643199787,0.0478030969442175,0.25361957,-0.03891321,-0.932114252659718,-0.0550485055590168,0.29253278,0.03062327,0.11650845,364.9098776151728
-0.1082048994436859,15.46533973503624,34.17376488,-29.76274139,-1.329465706910361,0.2293883617338357,63.936506269999995,-12.0061436325,16.9959110625,483.8517307272748,-11.912358836707403,13.336104966838356,8.23997757,-48.42898873,-1.1655554595710476,-0.7629074174955273,56.6689663,-27.54842308,-1.80575565,464.2955034833405,95.86418183803096,5.506834916169295,116.35778523,85.37699605,-0.5088340753093177,0.148692166196695,30.98078918,93.07723713,100.40145588,419.36965910239815,0.0951866559034203,0.0480913360148146,0.26931433,-0.03520751,-0.3042778291113373,-0.1236091651484136,0.30452184,0.06768032,0.12958741,368.3426144932848
-0.3831507958509526,15.87705754992592,31.913284,-31.48916656,-1.2779499928383045,0.2001386720631573,63.402450560000005,-11.55137664,17.5027202925,522.1475836810869,-11.172302004882036,13.274013201451218,10.47430011,-46.38975838,-1.0849708627069123,-0.7868372653197226,56.864058490000005,-26.56423119,-1.14308813,535.7864685897606,96.47444742939886,4.2611136655308055,110.67934132,86.50505543,-0.4087239052461751,0.0102107430582593,24.174285890000007,94.17259694,99.60036946,452.5051746036836,0.0947797049234634,0.0410740677476519,0.22876953,-0.0264882,-0.3145771852967942,-0.4335204663928109,0.25525773,0.07400182,0.12457381,412.8055505378746
-0.4768254027530935,14.306479841398856,40.76665085,-34.86353714,-0.9774688462526422,0.2798569274841165,75.63018799,-9.78571731,14.51063507,455.80848459119824,-10.197751632593818,12.726502533430184,20.10586616,-50.50309304,-0.5926570666422597,-1.0515606382651,70.6089592,-22.614657195,-1.56488469,491.2036356849722,96.24388645361692,5.46232488257549,116.36868763,87.28979207,-0.5455560791577647,0.3397343245043309,29.078895559999992,90.89741231,100.15077687,395.95967618856497,0.084633744155835,0.0513671444888278,0.26255686,-0.03259172,-0.8391598025819791,0.045823080007427,0.29514858,0.03302108,0.12370188,364.7365006837062
-0.7672052758990513,15.526585255699588,34.05496567,-31.51859314,-1.2463467435308977,0.2227582794594477,65.57355881000001,-11.7347546225,16.5727517,492.2398397365623,-11.270279778979004,13.001303076125144,10.66939518,-47.22136238,-1.0187443935285645,-0.8279549154533479,57.89075756,-26.2645047,-1.68477515,485.45669262916266,97.62198298837974,4.629218257033996,112.64118672,87.67671681,-0.4684767453714666,-0.0186630840915684,24.96446990999999,95.21891499,101.19709492,455.7884156042557,0.0945181848659244,0.0428183091221356,0.22462787,-0.02300048,-0.4595777519509108,-0.4136377730742799,0.24762835,0.07160401,0.12631767,403.6938171714004
-0.9769259045569304,13.89926531323935,36.35032242,-35.32239181,-0.8884253084909837,0.3144860823839493,71.67271423,-10.13013012,12.72099751,453.5516301142271,-9.939199219437288,12.24448113078064,18.12004348,-47.91781929,-0.4502763941952215,-1.1137060906749845,66.03786277,-19.738375455,-1.80139592,437.13448179674697,96.86007662868106,5.350407009126047,115.03899098,87.49142933,-0.6199413993876108,0.3322625492341346,27.54756164999999,91.4532671,100.49954701,390.68407792580985,0.0826527255716448,0.0504080407763181,0.24468227,-0.03477154,-0.8994066702049333,0.0728173839084636,0.27945381,0.03193116,0.12108609,366.0305580833829
-1.5942428183999098,9.205928206162069,35.03915757,-31.95129043,2.0733003731667647,0.6206745635035831,66.990448,-3.01517421,-1.19392878,506.9346396441035,-5.4169801376544005,8.575753327783394,11.04323551,-44.85625008,4.83497913955849,-2.4815544227580877,55.899485590000005,-3.62809089,-1.80139592,456.86607294146177,91.18651609681687,7.231486531786742,109.89460469,70.28169728,2.0981501669657527,-1.0088272443836577,39.61290740999999,89.17534352,96.39057637,411.70714251643506,0.0445609964697598,0.0446404616262328,0.20064977,-0.07400843,-0.1922767173170934,0.8798302762988448,0.2746582,0.01623641,0.07988736,369.8085894672122
0.7582506074314518,14.100715071548008,32.18641243,-30.75609436,-1.3809318187918451,0.363407981012279,62.94250679,-11.45372524,16.13416634,491.2183649926569,-8.901397986799857,16.780280333344997,20.50444447,-51.98570407,-1.3757997001952031,-0.4630379138380689,72.49014853999999,-28.49588931,3.30451881,447.898974897659,14.316659939343172,5.6286938889532,42.28853444,-0.65405818,0.1775272504654732,0.5802606667015257,42.94259262,10.23417787,17.55294637,337.2594919587008,0.095375200719145,0.054377442136855,0.25776564,-0.02430397,-0.9183107442584056,0.4815021992296125,0.28206961,0.05264392,0.14594052,355.3146858624222
0.2769286950751693,14.147779418681203,30.40767441,-24.68527641,-1.4470335337948503,0.3535463551098576,55.09295082,-12.28205909,16.020270445,537.0192567646559,-9.105051242912923,16.962814363914596,16.13062131,-46.47837222,-1.421750738582671,-0.5155343124695897,62.60899352999999,-29.44302333,3.67617928,503.7654532293402,22.066056766174757,6.2305011658803995,51.62364415,8.00530461,-0.0273820901641679,0.555688832477178,43.618339539999994,17.46030454,26.41394262,390.8975876127081,0.0942018993068699,0.0552429975617452,0.25188011,-0.02125221,-0.9994896804225664,0.5426664483190904,0.27313232,0.05111804,0.14812035,384.6525876198052
0.6295095088538981,14.377823173795951,31.5444542,-24.53377762,-1.4967951505174173,0.282446199287676,56.07823182,-12.34527435,16.66495381,544.1447673665343,-8.153046249353931,17.107386335620138,18.9251598,-46.79335559,-1.380171982105974,-0.467648200729733,65.71851539,-28.16237415,4.71268689,508.2461421909916,34.246613818588344,5.3737927805115655,63.89061956,21.24775342,0.3896685082769449,0.6073961843056054,42.642866139999995,30.26678685,37.66185216,388.5414752816076,0.0945069520966423,0.0477413509323943,0.25427792,-0.01994432,-0.8530560336525013,0.5754866747191164,0.27422224,0.05831148,0.139837,389.7761165972725
0.9635700952981148,14.29980615874419,33.60657082,-24.11525001,-1.418492112186822,0.3648475833742844,57.72182083,-11.35999241,16.6802126,451.5006892188482,-8.60296438035263,17.091694743296145,19.32733762,-45.59554065,-1.415135450663997,-0.4432525385080072,64.92287827,-28.7868954,3.9682759,416.18065732781105,47.209829461721675,6.593654952017121,71.72164373,-4.2126257,9.704766404262354,-1.0640996500667377,75.93426943,42.8934348,51.07868413,298.6133587869816,0.0940097515219679,0.0506862227581465,0.25558581,-0.01776449,-0.9055355714888158,0.5238764659687185,0.2733503,0.05373384,0.14049095,360.5310040300303
0.5017419207757909,14.218484948515949,32.81638298,-23.50707855,-1.4673735936295074,0.3503948400522374,56.32346153,-12.15562954,16.33797989,479.8421716375836,-8.754205236759796,16.870866027340018,17.84832417,-46.48817981,-1.389287711977376,-0.5117078287387257,64.33650398,-28.94493259,3.73285472,449.6845104178888,59.78360726682243,6.828761279269682,99.65068273,-4.62134333,21.50637581069087,-1.9664136023623369,104.27202606,55.79801015,63.44920568,290.2547925797053,0.093667556308196,0.0519883708639664,0.2671389,-0.01623861,-0.7880124102435491,0.6001376179278982,0.28337751,0.05373384,0.14245279,366.7003295778824
0.634401266782371,12.79023287299478,33.75806771,-26.82041588,-1.0832229118468657,0.3907077861156638,60.57848359,-10.03465786,13.647528745,471.9325859982669,-7.342034884000657,15.435437732882592,18.77584111,-47.82659686,-0.9389661042115148,-0.721793155654971,66.60243797,-23.83650745,2.45438611,450.88394488135737,68.7994751375669,6.278861407462562,96.41908483,58.32660894,0.0671804384962433,0.6582359855458833,38.09247589,63.23121862,72.97504644,336.1674705022598,0.0802739216966,0.0566891059459907,0.25863757,-0.04087066,-0.6610672416489667,0.5347478247485679,0.29950823,0.03803908,0.13133568,344.700236444453
0.12935675028988,14.032653863538762,32.25289688,-23.30653419,-1.3068449320430815,0.4336986775758949,55.55943107,-11.74146213,15.65787373,537.1127450999625,-8.890540515717559,16.80434458261782,17.78511082,-48.56664813,-1.2759921335472315,-0.5730464406004112,66.35175895,-28.63648761,2.79225933,521.3038334907995,77.1956255530809,5.127266858429533,100.18474034,65.43829564,0.4082977155752556,0.7244273961291399,34.7464447,73.63444738,79.89055089,428.7971891701324,0.0902088752650192,0.0556257790302701,0.25754765,-0.02626581,-0.9336072714587496,0.559852883992083,0.28381346,0.04763032,0.14506859,396.2234396805936
-0.1977081670183043,14.367233347975914,30.46761856,-24.52614822,-1.402670582610298,0.3309285828061097,54.99376678,-12.60249367,15.91618309,545.0614275450699,-8.15431944573047,17.132206896050903,20.17856061,-49.09307636,-1.2352433912809218,-0.5680109807847579,69.27163697,-28.04575504,4.12522351,518.6550987074119,82.86697647813116,4.242942875406233,100.19563512,72.31565313,0.3320593217131664,0.7200925347415787,27.879981990000005,79.89055089,85.05128698,457.64841490433463,0.0912308134393227,0.0493674112013109,0.253188,-0.03106144,-0.8187821314268917,0.5966060359255245,0.28424944,0.05395182,0.13809314,401.0765714726215
0.2815399289484905,14.35913198966924,34.10248146,-24.56647529,-1.3210631997137363,0.4060023099585429,58.66895675,-11.52565994,16.05678234,525.0184809229315,-8.776179110694146,17.066069311003897,19.7633022,-48.79225696,-1.2875974229908032,-0.5067716650402239,68.55555916,-28.75528873,3.07236706,515.903413483356,87.99458566467938,4.468024714940299,110.72419957,77.30200414,1.028418873534486,0.9768425446899524,33.42219543,84.9041541,90.07033757,414.5403954291026,0.0934032871557332,0.0505527748513552,0.24599457,-0.02212414,-0.8959890071711052,0.5289758133888567,0.26811871,0.0541698,0.14158086,388.773151427083
-0.3433746017095097,14.257562509028208,31.16952286,-25.6661972,-1.384787792393188,0.3870363159288368,56.83572006,-12.58723488,15.72108898,506.5565432910526,-8.701203718225942,16.88758357672246,19.01126324,-50.33448566,-1.255220865042719,-0.5679645448536629,69.3457489,-28.59289134,2.96882545,513.5355309991277,91.1580679546564,4.460637803836098,108.26644353,81.92869023,0.3328659774452722,0.8983548327024906,26.337753300000003,87.58533696,93.45997075,437.1856705601117,0.0937172793600732,0.0505585572112631,0.24904633,-0.02016229,-0.8349031319152251,0.6096639722165429,0.26920862,0.05504174,0.14223481,421.69944954687054
-0.2769388666761206,12.819989728769547,33.15752564,-31.55064049,-1.0055110040129756,0.4206663672688577,64.70816613,-10.76816978,12.167426205,482.2024935058289,-7.894239672566826,15.60675314204723,22.50661504,-48.52087177,-0.888273815088692,-0.7592309781469128,71.02748681,-24.45285476,1.55629741,449.7978505912856,92.03994214048024,5.570559432923316,111.03483037,82.02678136,-0.009725656311756,0.529720369652221,29.008049009999993,88.380976,95.29102544,367.74551235576064,0.0819075311394514,0.0590193581314863,0.27237048,-0.05830927,-0.6178626887771861,0.6316613424919214,0.33067975,0.03847505,0.1348234,356.98105440023653
-1.1535764998163311,14.193740683663924,30.85889778,-27.47872391,-1.3735754202491652,0.3787535469268843,58.33762169,-13.50821247,14.78485356,539.1679772381561,-9.014820026601711,17.03657937742021,17.54750859,-50.46527637,-1.2457309500790057,-0.6028314807343749,68.01278496,-28.94493259,3.217870585,469.6506333595524,94.71123269272344,4.238091739179217,111.09477452,85.75428228,0.59741194804274,0.934152344298026,25.340492240000003,91.42183141,96.67521886,445.9345007361681,0.0946694591027802,0.0524699452096342,0.25972748,-0.01558466,-0.8899584560008988,0.609016927568952,0.27531214,0.05591366,0.14703043,386.2980750026826
-0.620606598124621,14.295622467758616,31.37987671,-25.37628021,-1.323191588286781,0.3977197814365643,56.75615692,-12.40304031,15.12054692,491.0706871180329,-8.964753728749683,16.96423891113748,19.3567661,-49.42222751,-1.2616896691386652,-0.5221534815086369,68.77899361,-28.597795135,2.790624495,512.4500162444187,97.32846320099216,4.024197808104969,116.57158879,88.9368308,0.9012971748263544,1.090968178246551,27.63475799000001,94.33190374,99.10572271,442.8525746145792,0.0963669438384652,0.0488237738198929,0.24512265,-0.02038028,-0.8661734295382737,0.5457108738546165,0.26550293,0.05929239,0.14332472,414.47137215306384
-1.127442179327408,12.966360077289872,29.78206406,-34.92501487,-1.0595242875281008,0.4332401461735478,64.70707893,-11.84391441,12.262248135,542.9475258351617,-7.903615218539646,15.596305534221797,16.39438092,-49.36010516,-0.7869429142413669,-0.8222064753383015,65.75448608,-23.1405989,1.45384561,509.04759565690944,97.2338606993804,4.782856249145123,115.13835363,88.64800481,0.1717578829353034,0.5833084015914142,26.49034881999999,94.19021062,100.05939702,425.40697157058105,0.0838768787798046,0.0548621327138871,0.26038144,-0.04370443,-0.6169833478256153,0.5770854256593543,0.30408587,0.04523251,0.13177164,376.4245663638583
0.3312064789498989,14.731879170858804,40.63433419,-25.54521789,-1.2696040933128117,0.3872157700655145,66.17955208,-11.97361412,16.21155033,515.0688987635446,-11.245111787619384,18.570834239143466,20.4695667,-57.68704379,-1.3225370552010944,-0.5625389661042836,78.15661048999999,-33.12693179,2.083270665,443.88465016499686,100.76818584273128,5.172518269094513,120.20644597,89.3673499,0.3047701900818227,0.8676448749149238,30.83909607000001,96.53352575,103.24739293,410.30972797194136,0.1024662604570011,0.0560326359918409,0.27956391,-0.01035308,-0.8323689943317221,0.5814628420156914,0.28991699,0.05896542,0.15509579,360.3336725091032
-0.1051272420369059,14.719936671772418,32.6485363,-26.9272274,-1.2818470732634832,0.3593067015170031,59.5757637,-11.81448688,16.26550112,500.87100827137266,-10.175317733199714,18.353378456440343,18.86194455,-53.63365329,-1.2512159724132057,-0.5720536519646167,72.49559784,-31.73729099,2.85220467,478.3250050930071,101.53209818030513,4.308623696690153,119.60154943,92.93681554,0.6831351542462372,0.9826446706156016,26.664733890000008,98.1193488,103.65611486,454.4264554841485,0.1006503167168838,0.0489599395567602,0.25950951,-0.01209694,-0.8113865407964425,0.5920561671396012,0.27160645,0.06288911,0.14768438,398.8432978478541
-0.4865207524709044,13.332663195598071,35.8550602,-30.79969063,-0.9500945445945366,0.4433319968037174,66.65475083,-10.26462974,12.97232685,445.0895946870937,-9.404288546523746,16.915288401449384,31.10494267,-57.31647266,-0.8589749643629969,-0.8151845751385385,88.42141533,-27.33077014,1.06474649,449.7438409980081,101.42279011806056,8.198731756736459,123.9557517,-6.3107092,83.62660351267455,-6.621033494099777,130.2664609,98.12480382,104.92041234,242.70983942112775,0.089708126383424,0.0573978213843539,0.27651215,-0.02997152,-0.6035127741800732,0.5450909363585349,0.30648367,0.04654041,0.14005498,381.7500224777091
-0.6516603209928683,14.519154258898766,35.92917595,-27.88090172,-1.226186543000963,0.3881073721349856,63.81007767,-12.13274135,15.2131897,478.1689289040516,-10.30059237396627,17.99720017394058,18.15023076,-57.04399265,-1.1915029622996802,-0.6121156468734735,75.19422341,-31.20868266,2.20261609,486.095586662484,103.5838987824982,6.581495607601356,121.99935369,-6.53959103,133.54108951801194,-8.163339894659813,128.53894472000002,100.25013189,106.04302434,259.4086433420355,0.1009035026653313,0.0506540612914219,0.2608174,-0.01493072,-0.8135298306637102,0.5674747849965918,0.27574812,0.06201718,0.14964622,412.0718162772875
-1.0376448520969943,13.020515890151673,36.89920006,-26.40515938,-0.8426628473162028,0.4824931352453808,63.30435944,-10.44555511,11.21429692,476.8872457070794,-9.291458943441476,16.353732140790537,21.8570274,-54.83909763,-0.7545710550082578,-0.8643696395054062,76.69612502999999,-25.25775493,0.66474818,450.9546431575105,103.30362907505214,5.384177113045346,126.77862004,93.66705541,0.1940344256438604,0.6043223526565357,33.111564630000004,99.81416539,106.44084386,392.9483849725996,0.087693995699448,0.05677769964171,0.27040864,-0.02997152,-0.6603258218808659,0.5684866340468292,0.30038016,0.04348865,0.13700323,357.9876231926844
-1.8094558129578715,9.203670657891148,34.70520363,-29.77190246,1.4853856725256316,0.8476616999114311,64.47710609,-4.0096158,-1.54859104,507.6657528160107,-5.278623950501363,11.968914345934852,22.94693982,-59.29575504,2.710977172520673,-1.875051986813173,82.24269486,-3.15757859,-0.84369216,450.351215398587,98.8210029712238,5.518603341744532,120.01026372,76.89328984,1.52422688530776,0.3888854240277882,43.11697388,95.10573796,102.34276799,426.63255501627776,0.0505525640502224,0.0512223563315177,0.23967308,-0.07269613,0.6636695548395366,1.154351973213112,0.31236921,0.01645879,0.0731343,351.4316876584292
9.690188445632344,11.533460250800513,43.98969023,-10.58554895,-0.9510431877164232,0.6764461959509709,54.57523918,0.45854537,17.8088793,442.308263852637,2.1233961394585448,16.2158611996435,38.19147471,-36.30193731,-1.0533262698489276,0.3518878560752722,74.49341202,-11.28733178,19.83623866,431.2852266520766,24.2178023694549,6.369507464250834,52.5671322,-0.76233394,0.8112446653974756,-0.3947287992910211,53.32946614,19.17763254,29.03590127,370.0034628154633,0.0687207052639434,0.0567708690450263,0.2344481,-0.04674958,-1.3307359863939805,0.0142309443190485,0.28119768,0.01319566,0.12000718,333.2375582026567
11.732238321295428,11.582675719211265,40.34066145,-10.08527811,-1.316785359350107,0.3361593043861254,50.42593956,1.38715165,24.05299323,502.0191227016139,3.17588512262796,17.46620276388169,39.00781993,-27.0987074,-1.4706163551435645,0.3155844401032478,66.10652732999999,-11.78651258,23.81551341,472.5760262651336,28.045448607989517,5.164233053492655,50.31646081,16.441951,-0.5886788644036915,-0.0957265236931538,33.874509810000006,23.85336229,31.75523492,366.49254373293866,0.0822275319583024,0.0528801595567655,0.21744545,-0.04282589,-1.259240741257718,-0.324462983515198,0.26027134,0.0304163,0.12545675,383.34520544330087
12.299041401675847,11.711876412392543,40.97607939,-8.37629373,-1.3263163181841937,0.4090938108468535,49.35237312,1.33156602,25.01320784,530.0814397454101,2.684503191352805,17.670735509839737,37.46886042,-31.8332903,-1.4602166919632056,0.2722547819348013,69.30215072,-12.60503694,23.32505206,479.92582960883857,35.180332840277416,5.482656516867865,53.67339441,20.95419237,-0.2212172104621244,-0.2634045024385839,32.71920204,31.74433633,38.94321557,448.13626431502,0.0806935853858261,0.0517800954089228,0.22158712,-0.04326185,-1.0968150031013246,-0.3248205785104275,0.26484897,0.03237814,0.12153306,414.8094891857515
11.955857515247237,12.093699402752472,41.51341002,-12.36319788,-1.273930806986668,0.3113368572675739,53.8766079,1.34246521,24.52928488,512.2859565696315,2.253598415164972,18.38910600701983,36.56532267,-32.77715703,-1.4680605794070516,0.2338501267098632,69.3424797,-13.14018461,23.63022784,456.4649132698388,46.51576465536517,5.361125653784236,65.48805734,31.16668245,-0.2530479453766707,0.0868807179822626,34.32137489,42.77425882,50.2020199,417.438545514372,0.0838951566778831,0.0478740008616276,0.20807219,-0.04304388,-1.0598416054854964,-0.394615784950969,0.2511160699999999,0.04175139,0.12218701,385.5565627997548
11.880056575815788,11.78861713575946,41.85345976,-10.5147043,-1.355046038069345,0.3443694931721281,52.36816406,1.12339263,24.45299094,534.7881906208167,3.052563185535543,17.446196450460608,37.55496196,-27.88780423,-1.484756773223905,0.3216977283729776,65.44276619,-12.16253206,23.75447825,453.83603137630166,57.6268328493614,5.333404464359495,81.85310861,42.81240579,-0.2630909969179966,-0.0251220514850236,39.04070282000001,53.62434884,61.75510522,446.1833637104894,0.0821400745569541,0.0516778146666113,0.21090597,-0.04435177,-1.2400523859706665,-0.3314136348892272,0.25525774,0.03128822,0.12414885,398.1445671827988
10.012286135911967,11.54355880405159,44.57170622,-20.0024019,-0.9522848517670476,0.6879460669366481,64.57410812,0.39533036,19.13421385,448.2462783229333,2.399115150027137,16.027472664539395,40.8475912,-36.90683767,-1.1043897964350833,0.3840151098936865,77.75442887,-11.27534314,20.24713687,458.334929866359,65.37913542699138,5.525492841384351,95.99473306,52.93770334,-0.2519439884982839,0.3336208990459742,43.05702972,60.50715372,69.10657236,337.5824314515926,0.0698845849649742,0.0563895526920727,0.23640994,-0.04565967,-1.3775761839904213,0.0322334005227808,0.28206961,0.01363163,0.12044315,345.61412503938817
10.753589717031474,11.606330842892756,39.97118132,-13.1740938,-1.17642300279914,0.392028000667935,53.14527512,0.64819019,21.70423071,545.4207368765169,2.4724524379445874,17.63102038493352,40.38874034,-31.42348501,-1.3653517287357595,0.3261234245623421,71.81222535,-12.39250394,23.08091143,466.42082843332565,73.04567617304502,4.798281961864009,86.0492756,60.71968576,-0.8830572985696845,-0.1576825826929752,25.329589840000004,69.16651651,76.87220498,416.9682618549202,0.0803139644225498,0.0514252877675285,0.19521121,-0.04173598,-1.317616567376798,-0.3182447479712135,0.23694719,0.03019831,0.1248028,406.3631684081324
11.219208294129436,11.754310835268372,41.72267287,-11.54140241,-1.2125188769385895,0.4797964880262725,53.26407528,0.52720992,22.99795668,500.8045430177659,2.438196403442681,17.547110201200294,43.82959727,-33.5204775,-1.3501647212690315,0.3517386132055446,77.35007476999999,-12.49495622,22.91524485,469.1086540438243,78.53580234500483,5.032564341929867,93.80401346,66.55072519,-0.6378068316323806,-0.3663431056406842,27.25328827,74.80682107,82.1691868,435.4717482766397,0.07973368339903,0.0531668119859404,0.21264983,-0.03933817,-1.3054430303492923,-0.2908829297716293,0.251988,0.02736454,0.1248028,380.0569527471616
10.626550406469049,12.113890776281476,43.54827635,-13.9969774,-1.1314632309142036,0.4031986741809819,57.54525375,0.26018112,21.97016852,502.2335809560243,1.6956728834312451,18.164718378642995,39.08302287,-35.12918874,-1.3622732419605026,0.2850816587622392,74.21221161,-13.39849397,22.80407313,470.72747801248454,83.67920694187383,4.242903278485228,98.35984537,71.68966409,-0.5326283956125084,-0.1247278344053165,26.67018128000001,80.7468464,86.80676767,403.236192118971,0.0827145940431784,0.0484575545395881,0.19259542,-0.04849344,-1.2367268374154232,-0.3384819312586811,0.24108886,0.03869964,0.12436684,383.65591485561447
10.527952853611431,11.784745843702558,39.81968443,-12.44821031,-1.2349821214384595,0.4362701179651396,52.26789474,-0.10820968,21.998506,490.4255312883955,2.584389520148593,17.40866689156179,41.86556987,-30.66054555,-1.3702662371124077,0.372507863909819,72.52611542,-12.33364888,23.16701487,442.1972960500314,87.0611753009428,4.440041532787131,101.66228982,76.18011209,-0.9261310541093888,-0.243120970197861,25.482177730000004,83.49887582,90.56696817,424.2884505503971,0.0820428289510492,0.0518211867871895,0.223113,-0.03476053,-1.358917637347686,-0.2591597318962969,0.25787353,0.03063428,0.12698263,397.61539934615575
8.609286526733591,11.5392289362232,42.58915465,-22.72391565,-0.8149719224807179,0.7176313611985207,65.31307029999999,-0.71529157,16.61433356,449.99463061056616,1.4686225384773584,16.185454722478745,40.96203212,-30.36408826,-1.0400184917475463,0.3874891646768705,71.32612038,-12.04046174,18.84659747,415.0189305924372,88.45814810818428,5.563511808310047,112.38158914,78.27274057,-0.6737576602112134,0.1209891360133153,34.108848570000006,83.36263772,92.79038736,360.2984580265416,0.0722806090718851,0.0562850067381842,0.24883495,-0.04805748,-1.31013563992143,0.0731823959322092,0.29689243,0.01733733,0.12393087,336.21850285969623
10.177407945470064,11.654770044717717,39.83058302,-12.57137067,-1.2062837015547596,0.446093945159787,52.40195369,-0.2226506,21.40123312,523.6297640726979,1.904776346408648,17.46609964084737,40.33206156,-29.00387594,-1.3762425322270189,0.38753621885231,69.3359375,-13.17942163,22.42369441,513.5479266365123,91.06373540425228,4.737267885952491,103.3353016,81.02477762,-0.8911778548887526,-0.3381896261617919,22.31052398,87.34627267,94.73588296,453.0814372504136,0.0844716764152772,0.0535193058322914,0.22006124,-0.03955616,-1.3631470093130886,-0.2625695754097656,0.2596174,0.0315062,0.13047035,420.2983809553171
9.90864035516788,12.003149434934556,41.46654265,-13.60242899,-1.0972381036578172,0.447889649467359,55.06897164,-0.45262249,20.71240942,517.9920489412107,0.8692990637242444,18.14232285550426,39.1745756,-32.55808278,-1.367630959966818,0.3145575314129936,71.73265838,-14.44699117,21.81879214,476.9983597579863,93.96098487715024,4.068132699456108,107.01376077,83.03021737,-0.536472802898428,-0.1455309965981335,23.9835434,91.34625741,96.9266102,443.6367379856132,0.0875733123092191,0.0490102233416396,0.19695507,-0.04478773,-1.2222964474434517,-0.3244551044130405,0.2417428,0.04393122,0.13003439,396.4758417817486
8.39570409889476,11.673598645946418,39.77717726,-14.99097879,-0.9678962299797438,0.6863148064244224,54.76815605,-1.30057533,17.319508,472.2795881078118,1.5733648310584487,16.397299450588882,40.66012553,-29.71667882,-1.1115060133036363,0.4764846692222625,70.37680435,-12.36198636,20.23623828,453.7230503411281,95.29132796994664,4.705425024734516,108.81757089,87.10104104,-1.1997390631502671,-0.0513361076044766,21.71652985,90.65961191,99.18818399,405.1508972451777,0.0780920472830709,0.0547307919954564,0.2067643,-0.04369782,-1.4986131604979462,-0.028677110923355,0.25046212,0.02387681,0.12916246,351.7725153968147
9.206822351682206,11.810644416681342,44.90957777,-18.57025583,-1.0868937542481398,0.4839885946845084,63.4798336,-1.02155716,19.6279444,461.15801914133465,1.4330436546171978,17.334063597807475,43.88954142,-41.28720113,-1.3020944540624566,0.3724543066449898,85.17674255,-13.54127332,21.61279849,458.208083065908,97.38674002556726,4.986639322763832,115.79301187,86.73047372,-0.8568235123868719,-0.1922187595911296,29.062538149999995,93.43888589,101.34076425,403.7327586399335,0.0880829109856059,0.0547616559931672,0.25123276,-0.05459696,-1.2822505100824508,-0.1523108712516199,0.3058297199999999,0.03455796,0.13526597,345.15156157860275
9.382301958957058,11.84878416024085,39.9886183,-15.65364702,-1.12547126621088,0.4633311253023792,55.64226532,-1.01610763,20.43666022,557.9236076366348,0.6976328813765298,17.95841127906313,40.03778819,-33.32974263,-1.3542409818653371,0.3483148706668611,73.36753082,-14.68677255,21.64331607,533.6853384707416,98.73623328355072,4.242542348403995,111.39521524,88.45253488,-0.4959926259570624,-0.2854874846685875,22.942680359999997,96.00018808,101.84756967,448.5173690575588,0.0906678185467507,0.0498031326468854,0.21025202,-0.02887501,-1.291047993948139,-0.3074244609350866,0.23912703,0.04393122,0.13352211,412.8194760680008
7.565505897019264,11.734860936707648,45.51556914,-22.13209207,-0.8648545314662734,0.7298962255996704,67.64766121,-1.94907386,15.75548212,450.2626179113514,1.191439969880366,16.07114240896687,43.21052531,-35.77877828,-1.0200133183352238,0.4817060917202191,78.98930358999999,-12.54945203,18.26567439,438.7259295587833,98.9152304111434,5.102554377332741,119.12814828,90.15824624,-0.948978461322691,0.1002030041878383,28.969902040000008,93.72771951,103.03012582,383.4095170116886,0.0802462591708179,0.0575180975683172,0.25406654,-0.041518,-1.3725658751183285,0.111962936167468,0.29558454,0.02431278,0.13439404,340.54803402262877
8.701824533438455,11.6798303159636,43.56244414,-13.7266794,-1.0532323434189603,0.4983928068403011,57.28912354,-1.51746805,18.6513819,508.5355993635911,0.6174001157027442,17.623599816505763,41.8208845,-34.79240819,-1.3063443419637872,0.3660196569595236,76.61329269000001,-14.37941667,21.01552561,482.1119429675488,100.9263497736366,4.413427963856324,113.57504007,91.0955784,-0.7335827455340032,-0.2907276533038228,22.479461670000006,97.78219339,104.27808114,438.3555203005163,0.0921807927063457,0.0508947718831819,0.21308579,-0.03912018,-1.3043367866015647,-0.2858241737643949,0.25220597,0.04436719,0.13679185,377.8988855139217
6.696491605516935,11.503433989537632,42.58915465,-24.73153551,-0.7267094819645572,0.7687233618220554,67.32069016,-2.35779102,14.28082888,456.28668300144864,0.7637667593736456,15.690152160616288,40.78873805,-36.62237188,-0.9225176790859037,0.485373717343721,77.41110993000001,-12.35326692,15.90274123,436.92839347102273,100.44921407585984,5.125074151558714,119.29163858,91.624181,-0.9562807750152232,0.1385212403540761,27.667457580000004,95.1391575,104.53965494,390.4065452075687,0.0796769553482611,0.0565715066831284,0.24534723,-0.04304388,-1.3510206971933152,0.1562994938123824,0.28839111,0.02496673,0.13395807,346.196519714041
2.067836813721608,8.913248518238957,40.63929884,-15.41822488,2.5057753453891456,1.8682408085628668,56.057523720000006,-2.61719043,0.96099548,475.40047586586775,-1.1212289337922026,11.055922902956665,39.73805979,-32.36299154,1.443108677070395,0.9427527000311248,72.10105133,-3.69063445,-0.98873874,473.4010654595178,97.28592668937571,5.985137522325738,123.72213479,74.46894571,1.763972868108311,-0.1436300184461121,49.25318908,93.40073892,101.88571664,420.4125321799782,0.0459934250578206,0.0510908603578438,0.2067643,-0.0881663,-0.2164121166325356,0.9461843275831804,0.2949306,0.01254171,0.07008914,356.1563716469617
9.265442573479875,15.343064046638684,50.86248982,-31.81181132,-1.2852942357171928,0.0178495127323574,82.67430114,-7.18848598,20.789867045,445.02349054178745,-2.2954869264223334,17.98827049972667,33.17776236,-36.04482904,-1.6233721430662076,0.0721882850801166,69.2225914,-20.51029077,14.74078307,481.4724394244398,14.32007701003364,4.133723097633371,36.37013787,-0.48528674,0.5631657686198768,0.0088545848336021,36.85542461,11.65634984,17.04597253,379.2245539247939,0.0985393813229788,0.0474600801774513,0.22369208,-0.04006698,-1.0611326268670125,-0.0731797519401527,0.26375906,0.05519146,0.13693497,347.7875246595484
9.90043752749068,14.753783487777277,54.0875417,-16.19771182,-1.1792366878027765,0.1054075658690913,70.28525352,-5.66369712,19.67679227,485.1974263277518,-1.8113578884050003,17.828826150644222,37.28564581,-34.06663385,-1.5579356914709472,0.1360647996546085,71.35227966,-19.585226205,15.01980147,480.7753676600881,23.012127235039475,5.14130559226991,40.46821374,9.9615342,-0.5736320135899127,0.2089390244781843,30.506679540000004,19.09500855,26.86064309,408.0092217193657,0.0971960348191879,0.0511063321684633,0.25050395,-0.02655206,-1.1854058116715838,-0.073966688670414,0.2770560099999999,0.04799803,0.14042269,362.301239714724
10.033209253289709,15.299970426905906,55.24830068,-17.11214816,-1.063633320985928,0.1293687571977063,72.36044884,-5.49585044,20.02665532,459.4793568917989,-2.51381212770897,18.121482943055963,33.08947882,-39.35598627,-1.5598627277287995,0.0525647490233566,72.44546509,-20.96914354,14.95549712,501.130404650088,36.05334085690536,5.710903188386668,66.83867043,19.57457131,-0.1748607392622068,-0.0589487761913783,47.26409912,32.23391503,40.04859704,411.44570246945057,0.0971872642286604,0.0506180777691024,0.24941404,-0.02241038,-1.0530006538995966,-0.1086856547352903,0.27182442,0.04799803,0.136499,371.67700627647224
9.274796306611604,15.532780957116888,54.41015828,-17.81623256,-1.230491441858307,0.0347505024675804,72.22639084,-7.42172753,20.17052281,499.8550757762277,-2.5175342396622256,18.41708857402013,33.46113715,-36.68569818,-1.6508181364105423,0.0703769037325841,70.14683533,-20.97677293,15.01653227,483.77467152615947,49.77870829136904,4.886054547854157,69.90132302,35.36196679,-0.4073407611616217,0.0129686835188398,34.53935623000001,46.26110238,53.28014535,386.2678231874698,0.0992097369323824,0.0457290276834061,0.23175744,-0.01369107,-1.0915838078069473,-0.0719607892103694,0.24544851,0.05475549,0.13540909,405.9240417988616
9.83360091687771,14.834187975580411,55.04775823,-15.45112121,-1.159334645925844,0.1340278779231185,70.49887944,-5.51546895,19.26916516,519.7385867431291,-1.8617379195547643,17.88825337369041,35.32816061,-38.78922906,-1.5379048817388734,0.1203627106801715,74.11738967,-19.757433085,15.1091741,478.65181666117405,62.519888989696376,5.061799054175094,86.66419381,49.18752068,-0.4888975440693026,0.1218489497132966,37.47667313,58.74606103,66.31550759,432.8176175494231,0.0974294100224791,0.0502499143864079,0.23437324,-0.02633407,-1.1742455905166496,-0.1028122323649852,0.26070731,0.04886996,0.13955076,396.7052578022739
7.557067398275648,14.14156181617525,54.90497792,-24.12247264,-0.9959496723199556,0.3464732058773493,79.02745056,-5.16015708,17.41631139,470.4774074859624,-2.0599320086545028,16.103469434931203,31.93744025,-39.55435052,-1.2963158347161363,-0.0316529103083917,71.49179077,-18.91574636,12.39855895,442.42621500207093,72.29261443891653,5.217712036471331,90.50614327,60.40818185,-0.796856275393838,0.1668244636712511,30.097961419999997,67.68879861,76.26097268,365.13948423836865,0.0849138722805739,0.05486816000758,0.23132148,-0.03766917,-1.1966342697341807,0.114636744523362,0.26899065,0.03426512,0.13170338,345.91883844234746
8.360200784574111,14.703502669669213,48.15623296,-17.29634463,-1.342168706424234,0.0471928109311111,65.45257759,-6.99448144,18.99123776,552.3576374724743,-2.218136270209518,17.939013585243597,34.57066855,-32.73694101,-1.5765441649045333,0.100034319536621,67.30760956,-20.09939256,14.9524987625,463.8938179326824,80.96170077764059,3.9823369686318646,93.60694283,70.05936593,-0.6623173742258053,0.1460535888074098,23.547576899999996,77.85769814,83.94486397,465.89993694333793,0.0974741166744991,0.0485904056214234,0.22521796,-0.01914064,-1.184198257441459,-0.0591186734388172,0.2443585999999999,0.05235768,0.1391148,393.2961406071899
8.86993584406179,14.9015974324723,55.52295888,-19.17971408,-1.146871639378587,0.1338282728402813,74.70267296,-5.87950027,19.342462185,533.6164577905063,-2.670752381054757,18.055053991827823,34.49655661,-36.90912881,-1.5221979379442483,0.0741542843004927,71.40568542,-20.71737352,15.00236258,431.33403361438434,86.41118889088592,4.227737960200452,99.29084176,74.42991799,-0.500893714788722,-0.3237236750187907,24.86092377,83.34540719,89.45437783,429.7489459989138,0.0978111051037407,0.051930511638065,0.22935964,-0.02175643,-1.186068516665437,-0.0979301810804398,0.25111607,0.04886996,0.14129462,404.87956159949664
7.855384063455715,15.387726213306458,50.55404485,-20.06690394,-1.3558694583332005,0.0128620465591652,70.62094879,-8.27839934,19.38033688,475.40190197928746,-3.0345028356383055,18.536161612998352,34.28402457,-34.82194582,-1.6281388183374068,0.0601411621093374,69.10597039000001,-21.5838553,14.9819267725,456.22778529013107,91.19081259380609,3.478675831939253,103.48700875,79.38357705,-0.3065032099297919,-0.1447784152134744,24.1034317,88.76773232,93.73228615,453.719988145741,0.1018535356371696,0.0468171213258356,0.22325612,-0.02066651,-1.1876942257269016,-0.1102879901607436,0.24392263,0.05867918,0.14129462,387.1010847535094
8.335283277762503,14.736738908964064,55.00633824,-17.71814143,-1.2421848480434077,0.1190540839505389,72.72447967,-6.51382958,18.8059522,482.2543505398043,-2.496654560344863,17.89437380552692,37.18319449,-35.93365732,-1.51462371276513,0.0933150792194916,73.11685181,-20.30647722,14.88683257,455.1656734655638,94.86619159600306,3.7831807637538657,108.40796822,84.11924905,-0.8216090212472276,-0.0216858749303857,24.288719170000007,91.62875527,97.81945962,416.4061129004814,0.1019798769415464,0.0504103417695945,0.23284736,-0.01761476,-1.248962261737968,-0.0893644939429332,0.25046212,0.05410154,0.14478235,387.56799653248294
5.9732318241119575,14.746294967883118,53.36057103,-27.04779994,-1.0709219563269146,0.3261411121738306,80.40837097,-8.02771937,16.39397252,484.1184475444294,-1.9673187696162888,17.88409899303868,39.63876852,-35.49769083,-1.2431851474445754,0.0914278064711301,75.13645935,-20.384132535,13.53860793,429.3832128136395,97.4400810381405,5.54204188569935,114.83300942,86.1246888,-0.6513397829758762,-0.2159235897989281,28.708320619999995,93.96661538,101.4652192,389.3356420291937,0.0956908514054153,0.0563116194989425,0.26292897,-0.03875909,-1.0699432791764811,0.1021960970136916,0.30168806,0.04930593,0.1428205,369.8603136287001
7.789200038447178,15.411919585126917,58.32185567,-18.66745555,-1.199068191181598,0.1739357047992229,76.98931121999999,-8.07240569,18.167535425,506.62662148406065,-1.7759628803566896,19.93330785070608,42.62731299,-35.02357927,-1.497693611042195,0.1821232199315727,77.65089226,-21.21001497,17.45684752,508.85159382668303,99.11790295639992,4.074002238238615,112.76217812,89.23639077,-0.8238121014737319,-0.0242750454485505,23.52578735,95.29631203,101.99382943,434.8327128614581,0.1099325054874132,0.0525990679086904,0.24963203,-0.01761476,-1.253316996714903,-0.0145960158013431,0.26724679,0.0584612,0.15437359,401.2531983160603
6.815613365013824,15.945802890338284,52.17038548,-20.22494113,-1.3341503069604703,0.0677849231748794,72.39532661,-10.07239711,18.82666028,492.7677590596904,-2.4534064038932355,20.301285975017684,38.14558539,-35.70913568,-1.611409606957276,0.1242706714858152,73.85472107000001,-22.48412385,17.41325125,471.046623654009,100.58546519047802,3.2436522439783615,112.93110818,91.32902688,-0.5318657836037559,0.0421623916513251,21.602081299999995,98.02109688,102.90935677,455.61281064118225,0.1125333783064288,0.0467533899095817,0.23132148,-0.01870467,-1.2104603996435297,-0.066459607742962,0.25002615,0.06805244,0.15175779,389.056835285465
5.7199204233499765,14.57771117831194,51.8597585,-18.75791919,-0.999262380956314,0.4178479900418763,70.61767769,-7.72472369,15.81631864,477.4305425498064,-1.9295054720144271,18.084639834737676,39.86765036,-40.49385324,-1.2261866545957685,0.1344360495694575,80.36150359999999,-20.02200952,14.6037267125,480.3903224414262,101.5891365720954,4.675505102817363,123.44333047,92.78950661,-0.3422219718747179,0.1395815840393931,30.653823860000003,98.10828561,105.1164338,404.1857255718197,0.0996583417355139,0.056131403999785,0.24767018,-0.02371827,-1.260693821838332,0.1221409577373946,0.27138845,0.0508318,0.14957797,369.2279969217428
6.76613218746726,15.654239771273923,52.9769193,-25.84780681,-1.2891642555638096,0.1039420360939473,78.82472611,-9.77267158,18.37788785,496.2715895832591,-1.697489681588381,20.158559689469087,42.3243154,-34.98870149,-1.4902054751059817,0.1863621869523097,77.31301689,-21.5786782825,17.24758467,485.79430434575545,104.45495620449633,3.865799782287276,117.73217934,92.87670296,-0.6727515292166464,0.0765275894153969,24.85547638,101.00200814,107.18181771,430.68048990548584,0.117918495437873,0.0508305819899198,0.2701224,-0.03156566,-1.105889269513011,0.067094037800014,0.30168806,0.07023226,0.16025912,384.229890658371
6.283946530930377,15.988264084853052,53.17855657,-20.50069034,-1.2911806256937084,0.0978547490248471,73.67924690999999,-10.48547446,17.98633588,534.1057021571454,-2.377138250694973,20.69091312958209,42.38971076,-38.93200937,-1.5613091694953676,0.152045746829794,81.32172013,-22.69229761,17.72169623,466.4328290506716,104.53736326143202,3.4349862205619193,116.6695115,94.96388406,-0.6753129985427213,-0.1047094334093453,21.70562744,101.77585,107.051027,437.0188313503179,0.1190401227600372,0.0478994371922274,0.2461443,0.00570938,-1.2000647617752906,-0.0337101240348448,0.24043492,0.07328402,0.15895122,397.91769947359575
5.163275964049571,14.96615834766325,53.09136022,-25.93390834,-0.9740438083787476,0.4235122949977838,79.02526856,-8.6775804725,15.29969991,474.7503608981474,-1.58060859650571,18.487525488316376,45.57879767,-40.32709756,-1.161363795978302,0.1719531892518271,85.90589523,-20.06669488,14.75495276,473.7428153069349,103.99555818555892,4.697065931092928,121.99374551,94.73500222,-0.5584666885170249,0.0240931805116679,27.25874329,100.83851784,107.45429391,393.1480970970106,0.1073984903830067,0.058216207690076,0.28058557,-0.02480819,-1.1071579587086429,0.201681732211863,0.30539376,0.05671734,0.15655341,358.7448556945811
5.773941089284505,15.848315992930136,53.85648168,-20.70341479,-1.3017597601590742,0.1145203880411171,74.55989647,-10.67947948,17.38688481,468.52322278744833,-1.9850187396475787,20.930699400389585,46.33301672,-36.71185556,-1.488763502297275,0.1936478016615162,83.04487227999999,-22.35660425,17.92660078,496.30049837299345,105.8502885111586,3.5611059752866026,118.46241921,96.46251839,-0.8312637640450098,-0.0836960938158777,21.999900819999993,102.79491585,108.51151437,452.1009431314851,0.1234066240086861,0.0496516474764253,0.27426406,0.00767123,-1.2064693858077458,0.0078132644233762,0.26659283,0.07698973,0.1654907,397.5654582599192
4.302104570528142,14.83772076719558,52.84721959,-32.49518764,-0.9932103136020576,0.4244548036966234,85.34240722999999,-9.20264613,14.4912566025,450.64979568645293,-1.689517293396228,18.598573908188317,47.02729163,-39.24808374,-1.118010657303328,0.1801603283461908,86.27537537,-20.03645006,14.75604186,467.5783619723081,105.28445921513156,4.806687377746064,123.77575082,95.60148782,-0.6313854698194286,-0.0028645066380106,28.174262999999996,102.04287881,108.87118691,386.2629404171262,0.1101358512230368,0.0576845101774989,0.28320136,-0.01957661,-1.096957077956175,0.2229328228889942,0.30277797,0.06042304,0.1591692,357.82451755009464
0.0618317982342139,11.00131183181321,44.49194539,-21.78351771,0.8108784931992474,1.2379773671148768,66.2754631,-4.59994161,2.754250115,457.0091114152788,-2.094599785153281,13.369079780503249,47.51557288,-38.64100137,0.5027231932783236,0.1934928434119031,86.15657425,-3.50109956,-0.31310239,467.9073584487291,101.20717988460191,5.361862783338991,118.75125283,86.02659768,-0.8510393006824444,0.6423070367170954,32.724655150000004,96.82219094,105.99381417,411.6502148396392,0.0721056951507354,0.0545192586578737,0.23916886,-0.05423585,-0.3586296650273004,0.9357744401754994,0.29340471,0.03230328,0.10445555,355.6724099341414
-6.90135626968676,19.500512289614623,30.89303891,-50.70333942,-1.4770500407577154,0.1058024739039175,81.59637833,-24.28819545,13.1841232,467.98099291200026,-10.906952000120532,14.428196123840898,22.42700727,-45.63264124,-1.3939719232736545,-0.4191545740467776,68.05964851,-27.09539454,0.53282459,486.984102637167,10.682992592951408,6.194040868704035,53.33265938,-2.23112999,0.0576038447742006,0.2570738543305063,55.56378937,6.71705974,15.75244201,386.15247109888406,0.0956395606803648,0.057503650698029,0.26715432,-0.04150919,-0.928997551102813,0.0204775005490663,0.30866351,0.05701899,0.14769979,366.66790976820056
-7.500028056690006,19.638168073235445,29.24835888,-56.80576404,-1.46688203552111,0.0644256031477748,86.05412292,-24.87347873,12.41464345,450.47383430978135,-10.907170836820564,14.761842354479548,13.13440473,-45.42664759,-1.442499051343405,-0.4454819061299679,58.56105232,-27.81255762,0.71810992,516.4071517133079,15.79851181823056,6.582971177269483,36.33000816,1.7252561,-0.6317605923979608,0.1389695167008482,34.604752059999996,10.78243698,20.78239311,400.5383219710336,0.0959854812187356,0.0597970632642803,0.25298543,-0.0351877,-1.0195828351578038,0.0663385713902599,0.28817313,0.05178741,0.15053357,403.2276231381108
-7.334274771063662,20.125647756099113,28.75026814,-58.98123249,-1.4555592956037948,0.0215493854811747,87.73150063,-24.99227794,14.091475645,460.09943860519985,-10.426222522427722,14.742991856347972,15.50278623,-45.45062678,-1.3900169661963295,-0.3775328101089196,60.95341301,-27.09975283,0.705575895,516.7090442166714,25.64292809617157,6.75394011770166,62.91845192,9.82331337,0.2671417990482703,0.2814630411336152,53.09513855,20.85868706,30.07935585,419.4054299306816,0.096297443927977,0.0542246007425095,0.25690913,-0.03496971,-0.7775572892836671,-0.048949915519143,0.29187884,0.05919881,0.13963443,414.9212350262011
-6.945554609583691,19.875045862233534,31.92191617,-53.7965134,-1.523826223211007,0.1245820054144004,85.71842957,-24.60644992,13.587935605,463.72375693835215,-11.1607339585783,14.735416373252129,14.55456312,-45.95852701,-1.436851664452385,-0.3781976751421126,60.513090129999995,-27.84143965,0.85216935,521.7006496903231,37.312246012990485,6.12493220006803,58.96206154,21.39274467,-0.3799977071640299,-0.0129936973198659,37.56931687,32.98942436,41.53979744,378.8872650019696,0.0969026751621808,0.0532097984006338,0.2396885,-0.03584163,-0.8742710173240336,-0.1091051900906165,0.27553013,0.06203259,0.14355812,412.3883640605482
-7.34337116766411,19.767987160074448,28.61838833,-54.5082291,-1.5166497743014375,0.0874699764415439,83.12661743,-25.07402309,13.27894513,459.1328658751166,-11.360646988306607,14.665101907099832,12.12296541,-46.35089533,-1.4472883478919465,-0.448025183613894,58.47386074,-28.31936686,0.34317954,521.762452039331,48.87368649390896,6.425528562862001,75.96471657,33.36544288,-0.4105034196091464,0.156436541262296,42.59927368999999,44.18828453,53.16372169,418.1865035235146,0.0967237583413415,0.0566518592494293,0.24862578,-0.03889339,-0.917297293805682,0.0350026279508308,0.28751917,0.05876285,0.14813576,395.4710718802127
-5.93956181112436,18.14432604085589,33.87831036,-55.50222858,-1.1914702297606312,-0.1036130823559998,89.38053894000001,-22.66313442,9.37378518,432.9931920291464,-9.360448257204292,13.621899323946176,14.46083029,-47.98903696,-1.0108928928287175,-0.7211657317948501,62.44986725,-24.68123476,0.26361592,470.8068835306597,57.79089986159686,6.696959350027941,77.55598701,44.6678492,-0.6449880850112408,0.4165020807317243,32.888137809999996,52.30269111,62.26450218,349.25200212506155,0.0836221797832888,0.0606607119261965,0.28154116,-0.03954734,-0.9531690164670724,0.2739175393425519,0.3210885,0.02606545,0.13789057,355.060186051559
-7.242143539314741,19.099479659868855,31.41946713,-52.12349781,-1.5226750170751944,0.1633719864418874,83.54296494,-24.60100063,12.50401608,484.0444732674348,-10.891261597988356,14.531555211571836,13.06574018,-48.14271586,-1.3496447982402786,-0.5106296430733089,61.20845604,-27.50302164,0.46960957,515.2892727414388,66.19596744904382,6.167406764480877,84.81481422,52.55337013,-0.6981695106182246,0.0886980038461227,32.261444090000005,61.94842781,70.98926033,455.1941321065368,0.0951625626693373,0.056870513134603,0.24383016,-0.03540567,-0.9899019115915016,0.0034294209283013,0.2792358299999999,0.05592908,0.14791777,407.35481294673815
-7.770477899057537,19.866382825343376,28.51811711,-56.92020496,-1.500582788859538,0.0653787906465231,85.43832207,-25.57756313,13.27785603,488.9010038105229,-10.353657412648817,14.838072784624494,16.32458265,-47.26751368,-1.304806096252166,-0.4948865118223367,63.59209633,-27.31337588,0.6112984,505.025513972814,71.40687681229396,5.574315654696909,88.64040626,58.874869,-0.6687967399157322,0.0024933416327662,29.76553726000001,67.20725502,75.67043556,417.94791045314895,0.0965417053132207,0.0543374377709056,0.25821702,-0.04477893,-0.9103840525776116,-0.0352208701979542,0.30299595,0.05767294,0.14203224,389.12134705690914
-7.476880198683795,19.734857082444027,29.15789715,-47.74313434,-1.520820664080169,0.1569521576075823,76.90103149,-25.08492168,12.953606285,493.9889891649752,-10.91153885057479,14.72334370124505,15.45483167,-45.5530781,-1.3507642467367422,-0.4704314088250274,61.00790977,-27.79947703,0.731733875,482.1915180449625,75.65633744577471,5.034327745399042,91.5068766,64.23179115,-0.6146170734022327,0.022121623808615,27.27508544999999,72.27535499,79.34344734,422.6009744235884,0.0978429287904669,0.0521275969807545,0.23554682,-0.02537847,-0.9482479112925946,-0.1056741063640069,0.26092529,0.06137864,0.14399409,366.8549419426985
-7.905737022593171,19.640912069032424,30.25979916,-57.40412601,-1.513055229467572,0.1223514548177596,87.66392517,-25.69636234,12.74924676,494.027921016923,-11.120155637862537,14.726039041420044,12.06737955,-48.97976725,-1.332403834483228,-0.5430812413596322,61.0471468,-28.1231827,0.30503257,479.4595432753535,79.72219631196427,5.421674906725668,96.47143806,68.50970711,-0.7141652934883056,0.2185859912912737,27.961730950000003,76.17179359,84.17176307,415.0804130222469,0.099031475378657,0.0542873342356612,0.24600999,-0.03387979,-0.9428431543512384,0.0106189961586254,0.27988978,0.06246856,0.14900769,375.9385188834309
-6.774679117703583,18.09786662303704,35.55786816,-53.27880557,-1.2090719857567696,-0.0661464258563474,88.83667373,-23.6680344,8.067523635,430.57248496206137,-9.702876467045774,13.867062619751618,20.75181158,-49.21191828,-0.9528284226551706,-0.7662376034392019,69.96372986,-25.155892775,0.01402576,480.44597487271994,81.73236575199371,6.693427793064166,103.51227821,71.07100166,-0.8464313773686687,0.2959236643545392,32.44127655000001,74.78216041,87.06548561,406.1952640367464,0.0884289644910969,0.0613019656480305,0.27587361,-0.03169997,-0.9825387656811913,0.237987059550838,0.30757358,0.02759133,0.14181426,379.0887647606538
-8.653584320597227,19.56054309049327,28.84400097,-56.76107868,-1.5171249325972809,0.0980232412429395,85.60507965,-26.47674068,11.96123997,518.9479131154884,-10.774923810405578,14.706465870755917,13.6771818,-46.1198353,-1.30754572925176,-0.5192026790353782,59.7970171,-27.51828043,0.22001942,506.41018676470344,84.95933776216934,5.681314959819405,103.84469856,73.95926918,-0.8277074443388934,0.0434222697125095,29.88542937999999,81.00556434,89.51778663,448.44849098332014,0.1020675077916142,0.0561091860130357,0.25015166,-0.04565086,-0.9619215368276892,0.0258162256441174,0.29580252,0.06116066,0.1514055,409.3984111189675
-8.348275661777274,19.724863310930697,29.25162808,-54.78397449,-1.519968575004042,0.1389109197496313,84.03560257,-25.86748012,12.43971173,495.0054704397689,-10.963038783360709,14.671996872886538,15.24556692,-47.60429804,-1.2993856982575998,-0.4834034897078581,62.849864960000005,-27.47468416,0.40639456,545.8992113210744,86.57375035245057,4.9672379678490035,105.03815712,76.20449318,-0.6513765285328925,0.0081465685395054,28.83366393999999,83.28893532,90.30797828,439.4593837295968,0.1037405087795804,0.0513865924828529,0.23794463,-0.02821224,-0.9182678797850324,-0.1209452162030133,0.26615687,0.06879006,0.14878971,409.56655592718226
-7.599985619188294,18.261473381080968,30.65979687,-54.95400318,-1.303260304333825,-0.0448991154462779,85.61380005000001,-25.12197765,8.57269875,472.9999017984313,-9.679228630696851,14.047704542317568,12.97963674,-50.1666836,-0.9097425768571664,-0.8238778152062417,63.14632034,-25.41256754,-0.03720014,469.51698736528215,87.05945549755587,5.56996151626066,104.66213478,78.16089119,-0.8647871279799926,0.3649193133384452,26.50124359,81.329813615,91.6540171,425.8020178298375,0.0918985474344364,0.0584567487732608,0.2547293,-0.0325719,-1.0888108818612807,0.2023929930359347,0.2873012,0.03434879,0.14421207,382.76832950855385
-9.098208390444151,19.479671678302505,29.47288052,-58.63354953,-1.4531898607355809,0.1106644035548181,88.10643005,-26.52033695,11.13072506,477.69859935433294,-11.477536235850652,14.57144869134886,19.84173353,-51.44188349,-1.3144012499856137,-0.5101795363866987,71.28361702000001,-27.99348299,-0.18433849,480.70899898633434,90.3410700357354,6.012599733874424,108.65667213,78.89657844,-0.8341365702824897,0.0969047237504922,29.760093690000005,86.47693123,95.36517586,423.1070128673336,0.1087646572750163,0.0581635167036407,0.27892537,-0.03736751,-0.8969028078131749,0.0486985108292498,0.31629288,0.06879006,0.1601248,385.2056722512323
-9.293503284961991,19.719489533261367,29.16988293,-55.79868396,-1.5113370586699306,0.1284927695822077,84.96856689,-26.91270717,11.5067455,515.7343859804837,-10.931862886972114,14.689988474764784,14.28753431,-48.14053385,-1.2701100876783755,-0.4943360074579195,62.428068159999995,-27.49648134,0.15026505,526.4543243951069,91.6820125787775,5.223469992003072,110.48772682,80.86932625,-0.7094418968815117,0.0158847544005511,29.61840057000001,88.04640449,95.76844276,444.93390502946227,0.1090144671754718,0.0519626906911872,0.25015166,-0.01992891,-0.8926212140095235,-0.1626691246100187,0.27008057,0.07402164,0.15336734,408.337960899244
-8.23634026031371,18.27868477554749,31.84126202,-58.4090279,-1.21503868045249,-0.0806386422010553,90.25028992,-25.59173091,7.15254132,428.3991871447059,-9.918136621429966,13.874754203747404,17.44828184,-52.64841501,-0.9285923904855856,-0.8029550295998223,70.09669685,-25.41038744,-0.3140382,482.47359351516656,91.72031946059548,6.053872533868545,112.66210426,82.46604408,-0.535772288532343,0.4714137490969831,30.196060180000003,85.60499824,96.37334694,387.07860954310974,0.0975495356925631,0.0608275382718915,0.27042405,-0.03104602,-0.9586626599823728,0.3224455632471164,0.30147007,0.03936239,0.15184146,364.83261442512
-9.447062237689758,19.14619370943028,29.04999463,-53.0935181,-1.5009721776743794,0.1350958017816791,82.14351273,-26.52578815,10.78413312,503.43754186272616,-10.840922853772511,14.406693111895825,14.25374563,-48.31164972,-1.229591504691733,-0.5320198678489401,62.56539535,-27.03762858,-0.18433849,489.6958704987266,94.04775987726632,5.3460404910199175,111.15802253,83.8502375,-0.7807212950288394,0.0104415314727716,27.30778502999999,90.59134926,98.29703773,429.28967589127393,0.1094858014133214,0.0529420131415833,0.24404814,-0.01709512,-0.9205976979124756,-0.1078771806065613,0.26114326,0.07423962,0.15598313,386.1573042048513
-8.403771710390503,17.770492199683506,31.33772198,-57.50985034,-1.169159365280699,-0.0685786680941138,88.84757232,-25.36938938,5.356908475,455.3846637731737,-9.865237330970306,13.900249266529274,17.71095236,-53.85168116,-0.778241503277985,-0.8682380381308005,71.56263351999999,-24.652352735,-0.43392865,440.409492750786,93.85481872844716,6.010189232236015,115.21795143,84.79846443,-0.6462160479798049,0.4143213608854283,30.419487000000004,87.57229103,98.38423408,402.62274651911144,0.0978663401542118,0.0601758550691073,0.28415696,-0.02712234,-0.9050136903709274,0.362418278448858,0.3112793,0.0404523,0.14704584,357.96821774346733
-5.836895186028164,12.600650495751696,29.38023678,-48.11479648,0.2905686842430017,-0.5054510839272599,77.49503326,-4.97492679,-2.32970669,480.7696672308997,-5.427803569554125,10.768286746334274,16.86299856,-52.74868815,2.352559457174535,-1.8800163475299976,69.61168671,-3.58813851,-0.59850566,463.34448120912504,90.46481504041114,5.48379873369351,110.02996315,73.99196876,-0.0843233050612042,0.9457577364712406,36.037994389999994,86.54232277,94.14447273,456.22761659086746,0.0623199070447167,0.0529242996020756,0.22857137,-0.06919299,-0.2376131143300823,0.9709709629822226,0.29776436,0.02497553,0.09996158,391.96495274784655
-1.3184222622874344,17.82204210364858,41.82783186,-43.76416719,-1.0751417105885148,-0.2681901473083521,85.59199905,-19.00542009,12.9023445775,400.2880538936359,9.297193558987724,19.342091987533745,51.25302834,-42.48825508,-1.1617788636711182,0.2758840279697456,93.74128342,-5.072339175,29.31634087,416.03941059480104,11.122791329253348,5.0205001613196645,59.34496573,-1.50490633,7.655121606032928,1.4845470631348268,60.84987206,7.65036657,13.89012221,328.1994929999778,0.0970354925187828,0.0560503458602275,0.2889834,-0.03602879,-0.8412509516655589,0.4792880904687093,0.32501219,0.05356209,0.14729465,340.50290239921156
-0.7818959509678164,18.06497721331632,39.02784407,-39.90042436,-1.1191038405794065,-0.2279413998432408,78.92826843,-18.48144281,15.10642206,422.9741953963532,9.40320978564457,19.269666940999375,52.9783625,-25.65998894,-1.2074447977352851,0.3483984985197258,78.63835144000001,-5.56089311,29.76947159,428.8807121818442,17.961526991888466,5.454013089674864,52.05889395,-1.4940072,0.9623589283025846,0.332124199528335,53.55290115,14.27159193,21.90643576,315.3047345405073,0.0969030477319163,0.0552358094625805,0.2715448,-0.02774546,-0.8025874295053694,0.5901162480473356,0.29929026,0.05486999,0.14685869,353.49638336680977
-0.3196336717086326,18.453156665680932,38.93956053,-40.61758745,-1.2040219854945198,-0.1632135042491009,79.55714798,-19.22258509,15.60669195,480.19093917586514,8.020025693970723,19.556231395254777,52.04539818,-32.51118522,-1.1500139380766334,0.2390575827852605,84.5565834,-5.47696977,27.98555512,486.6860941447799,31.4766657151127,6.4784975874062996,68.45663717,15.63943365,1.5604294197095756,0.7852073713696466,52.81720351999999,27.04537848,35.04534414,316.8729021828907,0.1002253468552917,0.0478890334006171,0.24778467,-0.01357658,-0.7574766722415744,0.522959727963735,0.26136125,0.06358929,0.14249903,376.2942935458827
-1.0722971340025305,18.09730700101385,35.13249266,-43.60831011,-1.066647514273139,-0.284956575316913,78.74080276999999,-19.2789877675,13.55547487,414.7141552238009,8.529287332895498,19.561600101666233,49.25630898,-30.19947868,-1.158708691069352,0.2257780620194882,79.45578766,-5.36470848,29.01225418,422.9378853622086,44.78927659820061,7.731351468073925,90.29305533,-3.19427225,13.22511430284666,-1.9003119123942176,93.48732758,41.01261786,49.23601797,277.2368656243248,0.1006634768458121,0.0513212238091056,0.28375183,-0.01292263,-0.6454207193111894,0.5428413142013165,0.29667446,0.06075552,0.14380693,349.1840335429084
-0.5619589989577963,17.876021413852673,33.14340269,-41.5200342,-1.142986624467666,-0.2430097478913575,74.66343689,-18.10978258,14.8696383175,424.6789369292249,8.559342839516779,19.301163514796983,50.28518624,-26.99840217,-1.191642139179501,0.3214608984488164,77.28358841,-6.25734764,28.7136187,448.6074105827688,59.715846604218406,5.076775291277036,87.83529928,44.14066961,0.2156219411394686,0.0201233576411641,43.69462967,56.27140692,63.15966299,365.5598971460049,0.1009692900953832,0.0513774177115394,0.2639154,-0.01096079,-0.7314128749381079,0.5625688437887119,0.27487619,0.06206342,0.14707667,358.38576728484065
-1.1796322947909013,16.70899737806145,41.02238524,-45.10258043,-0.7813018314781219,-0.2696976903732876,86.12496567,-13.7929080725,11.26883661,436.7474713470559,6.961186461018466,18.327855520639005,55.36963219,-33.53243309,-0.8155420650082683,0.4840312683514881,88.90206527999999,-4.9044924975,22.93162674,454.65014190082223,70.04785874336591,6.113170000968766,105.58999136,57.6991947,0.5843909867739052,0.6759741928018069,47.89079666,65.39398459,74.11329153,352.8976416018954,0.0883230753483935,0.0605330783254637,0.29094524,-0.04060643,-0.5339086958202373,0.4621426441052629,0.3315516699999999,0.04615068,0.13726745,348.4192814476956
-1.7651025740768391,18.234399886533307,32.86438429,-44.77124727,-0.9564528297015088,-0.3641561764921158,77.63563156000001,-19.1953367,12.56692373,475.686648493069,8.788388839350883,19.759519198957623,53.83939308,-34.10027939,-1.083315953000506,0.3709294084345509,87.93967247,-6.25298816,28.2918219,519.4672413723553,78.99311874286366,4.544039894780358,99.03961447,67.63375357,-0.2467960764904577,0.2019876071229203,31.405860900000008,75.61737326,82.18954733,392.9008404751784,0.0990840120753586,0.0555752614759133,0.27198076,-0.02055203,-0.8648943697934652,0.5363616259510248,0.29253279,0.05661385,0.15230825,402.2393405706035
-1.138465056953378,18.84659576488116,35.2076956,-45.18541658,-1.1167654987857558,-0.2362671612533605,80.39311218,-20.06508768,14.17999518,484.67886905262424,7.465186459231646,20.304881564970408,56.8922419,-32.59510856,-1.0579160317589165,0.3249846362181266,89.48735046,-6.8946745975,26.756677575,459.43613512916903,87.57757572566015,4.419951354587639,105.27936819,74.02064779,-0.3458606620511988,-0.0057677944696507,31.2587204,84.45112112,90.6254833,413.9523186592002,0.1033334707113198,0.0488405125740172,0.25737591,-0.02120598,-0.7360131492515882,0.5185467123464063,0.27858189,0.06664105,0.14729465,367.7161216951107
-2.1401834230005954,18.64185900422128,34.20497572,-46.62301195,-0.9997279647937232,-0.3458642971324953,80.82798767,-20.59778345,12.55602419,448.6614686731687,7.948026823779017,20.369729776886803,53.50915093,-34.62452751,-1.0571149832321405,0.2787356102924134,88.13367844,-6.6551662,27.62152428,470.097028341024,93.61656438004388,3.7565692904985504,109.19760397,82.21679953,-0.0383405786824626,-0.0208853548083011,26.98080444,91.08324698,96.19494131,386.2496753580334,0.1049361131027161,0.0511985333328573,0.26238952,-0.01444851,-0.7159954248894764,0.5187771091126091,0.27683803,0.06642307,0.15056439,366.9734330239788
-1.7082383375582288,18.47077531804059,33.37664091,-46.06061495,-1.065292615703595,-0.2927117822890583,79.43725586,-19.76972139,13.3026148,497.6234847547139,7.873156959092077,20.07176060008296,56.74401421,-30.74334579,-1.0742514184043848,0.360895477427047,87.48736,-7.19358354,27.22697586,439.3824395529875,99.56055573540816,3.296170193752471,115.02319601,88.24402121,-0.2414713181516314,0.0258259263628201,26.779174800000007,97.22490957,101.91698721,419.3689491075541,0.1074227728915804,0.0497775752068979,0.26609522,-0.01161474,-0.7651242390830992,0.5338828812350829,0.27770996,0.07034676,0.15383413,397.38006530002224
-2.6793077521792417,16.6988021328919,31.62842047,-47.91128862,-0.6817561021376259,-0.3565417675237538,79.53970909,-13.25530851,9.45630991,474.1159735972893,7.156043450582875,18.571134654333225,57.82521004,-39.05066734,-0.7582769527163524,0.5262699431625327,96.87587738,-5.02792531,22.24171204,418.8462658940696,101.64271092787526,5.336063715171753,121.44823721,91.20313528,-0.5529766661920235,0.0242070058553332,30.245101930000004,98.00964621,105.45920065,359.82032480913955,0.0939693255513032,0.0621499219413678,0.3016264,-0.03515686,-0.4588293390572047,0.5381464654222178,0.33678326,0.05007437,0.14642272,362.0439500607732
-2.05133157887816,18.451235155094057,32.26057112,-47.86115206,-1.0551502414074951,-0.2947069051245289,80.12172318,-20.25364244,12.9982565575,450.8935088494844,8.08976719118518,20.061088455336368,56.32439751,-29.74498421,-1.0643188950595035,0.3887397257778696,86.06938172,-6.61156946,27.244142,476.28699478025254,105.76773385458694,3.827428722778408,120.8869274,95.97695425,-0.7859696215349663,-0.0637054672345742,24.90997315,102.37475088,108.72894552,417.88733640444366,0.1099566580226491,0.0513976501569531,0.2599917,-0.00769104,-0.8592250951365217,0.5704848676640777,0.26768274,0.07187264,0.15971967,387.9948739249848
-2.743182886326904,18.538832859093887,33.90416014,-46.25571001,-1.0102502150371917,-0.3374050353861624,80.15987015,-21.62475527,11.75929701,524.8570407869255,7.765639027076181,20.242345936629285,55.84701485,-33.81581169,-1.0382068928337291,0.2794139829150685,89.66282654,-6.42846399,27.11798424,507.1703454183779,109.0337015802861,3.253557606249011,121.25750235,99.08320883,-0.5035434174557061,-0.2434285567138987,22.174293519999992,106.58181265,111.404681,448.9779491214717,0.1125796093220544,0.0495626938262924,0.27808428,-0.01553843,-0.7062946545601352,0.5374870603659092,0.29362271,0.07557834,0.15710387,429.29833242986234
-2.83756917629067,17.069733614144333,30.3281542,-45.4350046,-0.7319561743387499,-0.311596642802582,75.7631588,-12.9217943,10.0707491575,505.63324186971175,6.762284814211982,18.7767267490312,55.7794413,-29.86596542,-0.6975049322966904,0.5604453985836402,85.64540672,-5.46607047,20.1498946575,469.4673002067644,110.99651939143553,3.750956996578098,123.5354183,102.96330526,-0.761550487320116,-0.2183443995551355,20.572113040000005,108.36927298,113.86243704,411.6687875371127,0.0997645328090847,0.0567051141285632,0.27808428,-0.02600159,-0.6292320918777281,0.3781808934821735,0.30408587,0.06206342,0.14729465,403.1696911969131
-3.2544106602455676,18.097504829045032,30.85567152,-46.22519243,-1.017081985351891,-0.3444350527034543,77.08086395000001,-21.20949686,10.8620260875,448.9373484113328,8.619584364645378,19.8502339993337,56.62521309,-37.91388756,-1.1013079813450946,0.3767194017994478,94.53910065,-6.46879106,28.50762505,459.6374850177615,114.30506331807884,4.027520724291302,128.1239498,104.29299429,-0.8628069236228693,0.0783931017318419,23.830955509999995,110.72348288,117.40465811,409.27522497025075,0.1157656033036672,0.0556405918336427,0.30228035,-0.01357658,-0.6068988410459211,0.6207747775190899,0.31585693,0.07536036,0.16713108,364.9109300474332
-3.0290066827091966,18.658888696958105,31.85294401,-47.97668398,-1.0346495676524423,-0.3250597728830243,79.82962799,-22.00186479,11.4854563475,445.6746300083772,7.269568078642777,20.3802621568713,57.41649193,-33.76894623,-1.0364962206458153,0.3088202221495799,91.18543816,-7.32546287,26.56539864,518.725736488578,116.80593855431928,3.6187703477161848,134.96316794,107.4809902,-0.2522910356590393,0.0320925693629308,27.48217774000001,113.96052817,119.31200674,425.8549060571083,0.1193932853632004,0.0487479890967493,0.28070007,-0.0057292,-0.6637454923270649,0.5605540737887731,0.28642927,0.08298976,0.16386134,397.75706293287976
-3.70843536500188,17.106011928547353,35.86382353,-62.06054628,-0.712157050893409,-0.3391801450818358,97.92436981,-14.9509416875,8.90154421,446.2816303008836,6.848102727106578,18.859520802600542,57.47425789,-35.84087044,-0.7330437021982137,0.5567182244833334,93.31512833,-5.6513558,21.22700256,442.9206454877956,117.22470530394784,4.385427101548053,134.35826376,108.84338644,-0.5242141816136527,-0.0124631504805325,25.514877319999997,114.26025656,120.3583248,380.00825153796046,0.107226577714289,0.0595029267439662,0.30075447,-0.02665554,-0.5189764008272246,0.4577797544219889,0.32741001,0.06664105,0.155578,348.2409987691472
-4.020028583406806,18.63743144392894,34.11778319,-50.77667177,-0.96966943476962,-0.3473427483901515,84.89445495999999,-22.31140077,10.44050181,489.528898570576,7.642385888727309,20.354376396590148,58.0072245,-33.9444223,-0.9999142257309432,0.3720626333489969,91.9516468,-7.13690811,26.67329926,489.551309287533,120.33466033505292,3.628657063818947,131.31195334,110.74528769,-0.9139415477893418,-0.1706618208379803,20.566665650000004,117.17577627,123.21389273,435.29962530794785,0.1218085790292456,0.0504388277165277,0.27110882,0.00081028,-0.7976893573348871,0.5136698826863341,0.27029854,0.08473362,0.16887494,400.10459865385377
-4.290045620127191,16.897239343765236,37.79624235,-51.47094667,-0.558056339089632,-0.3972020805570724,89.26718901999999,-13.97465074,7.74078619,432.7810843153744,6.774434003473477,18.800693104125152,59.58977837,-36.23542076,-0.6380601457665676,0.6208523551431808,95.82519913,-5.55435353,19.61610932,462.05664951321194,120.8682421210095,4.492055385905698,134.29831198,112.34746054,-0.792549465955942,-0.0156265808614043,21.95085143999999,117.72618368,124.36920431,381.9609709806394,0.1087493476641884,0.0597813126826605,0.29901062,-0.02273186,-0.6098684698070613,0.4795099245400557,0.32174248,0.06533316,0.15775782,364.08024823969714
-3.643579588004904,12.217743731508811,36.06436979,-52.87257707,1.7738456117439076,-0.6370889696100799,88.93694686,-4.50112284,-1.55290664,478.697990622582,3.1939177436428947,13.852546034504853,55.346744,-38.75420814,2.0920930174450474,1.3608723308937156,94.10095214,-1.09006768,3.0437018275,440.04536001975623,118.86441166865414,4.784746145925693,136.78875998,112.00958517,-0.7356392200802286,0.8112662187336398,24.779174810000015,114.99049643,122.96321371,362.0619634510466,0.0717927381510932,0.0546995218087833,0.28527771,-0.02077,0.1774776958342694,1.0963966364727324,0.30604771,0.03089189,0.10217223,350.35475527624175
-8.623286047680564,16.27303615440464,36.4866601,-48.31624212,-1.0660831100912174,-0.452750346561391,84.80290221999999,-27.23077383,4.04974447,474.3514219715464,-6.5339115419959475,20.230908613631847,32.49734543,-56.31861832,-1.3565266066442818,-0.2442302148480699,88.81596375000001,-29.5525203,6.18792341,430.0838418902288,11.348282318084824,4.211099741151198,24.10723453,-0.41036893,-0.147686156679736,-0.1565221959528605,24.51760346,8.93018966,14.05823283,418.5541038009606,0.0924628481946801,0.0528617064249313,0.25767096,-0.04837675,-0.4156311560125512,-0.3083741233725346,0.30604771,0.05494705,0.12818924,376.8503307873367
-9.052514502337736,16.276087286716635,26.87798319,-46.47210684,-1.0967734761600436,-0.4640091435851961,73.35009003,-28.29888906,3.576722,525.4235873202012,-6.8109959035389585,19.88490190196143,26.64669083,-48.47450974,-1.376299119000785,-0.317073395796777,75.12120057,-29.52636292,6.15740583,523.1224003118414,19.37775330863676,4.920526785821398,35.62217097,6.33619552,-0.1763292425111502,-0.0573716880400276,29.28597545,15.92743449,22.86473422,444.7303673977306,0.0901665679175566,0.0547860286314263,0.26246658,-0.03725963,-0.6756749116974143,-0.1986186479202935,0.29972621,0.04731766,0.12906117,400.50946315098486
-9.127082177625384,16.38795662451021,28.28070269,-47.28845205,-1.1178069327322957,-0.5442584887202159,75.56915473999999,-28.67272939,4.09552083,542.9397682071925,-6.201234967686914,20.260970141618664,32.45156906,-48.56824448,-1.369667388879747,-0.2491923011002615,81.01981354,-29.02391388,7.37701939,522.8853307950347,31.89243806283014,5.427712442923598,48.79377513,16.87565951,-0.3029524723740393,-0.1100232539921154,31.91811562,28.07996898,35.91099696,436.9408809046597,0.0905533900525558,0.0532760567161807,0.24415604,-0.03747761,-0.6132896105901224,-0.2919063030690496,0.28163365,0.05363916,0.12840722,395.2870521028062
-8.487511517149755,16.359558650517585,28.09541712,-46.17129125,-1.0505591998690895,-0.4560064807273093,74.26670837,-27.79098882,4.05301414,529.0789083684816,-6.428861666786175,20.429065708896008,30.8701062,-49.77695801,-1.3666950499061272,-0.2297648927674909,80.64706421,-29.93181183,6.48438023,517.4245745272451,45.997838682903705,5.120943927717564,61.91088634,30.64126735,-0.3833518872204022,-0.0173018548742945,31.26961899,42.25429301,49.76924663,430.5463645885784,0.0919888976848371,0.0492776412737771,0.23500076,-0.0540443,-0.3270007684831464,-0.4732095885112096,0.28904506,0.05952469,0.12579143,401.0268883947253
-9.059306034945818,16.269395088221728,25.62567339,-44.93096914,-1.099557302098419,-0.4838263643824205,70.55664253,-28.6596507,3.43394313,528.8153117804432,-6.914752153466846,20.10630665559772,26.8199868,-49.28758576,-1.379681473006072,-0.3061014517664155,76.10757256,-29.74325516,6.24677894,520.3859841379544,58.53258510736845,4.897141131642889,75.10973888,44.78289561,-0.2701874657842045,-0.0469939054023437,30.32684327,55.04987865,61.99807887,441.6956261067602,0.0910008160131213,0.0526397771784784,0.23587269,-0.0400934,-0.7231652779746063,-0.2490376606376451,0.27596609,0.04949749,0.12884319,403.6468609952661
-7.793771225303911,15.468708254555107,43.35311518,-52.43175497,-0.6613967842448094,-0.7796258014696877,95.78487015,-17.48367681,2.43013284,434.910992695313,-6.034788217374949,18.512966270983707,37.20141266,-55.20363571,-0.999337349905098,-0.4363957300243018,92.40504837,-26.22828438,3.9699497,431.24424167233906,68.81782840185078,5.060309427811209,84.75546794,56.35232692,-0.4256173808777097,0.309891838584465,28.40314102,64.71741252,72.47214275,396.1545421836945,0.0788650564022543,0.0595930447834247,0.2809951,-0.04423508,-0.902300633521079,0.0824376119479557,0.32523018,0.01745403,0.12666336,336.3759643036215
-9.098447184817896,16.704873960685084,26.51940165,-47.29281225,-0.9702133046918228,-0.5248037793880825,73.81221389999999,-28.2433032,3.17672358,508.3953315851639,-7.20252888149841,19.904730245457593,27.61671303,-54.22162582,-1.2199967378722687,-0.3429687833786208,81.83833885,-29.37813522,4.62607763,503.3021519798611,77.2942334151845,4.203812112369241,93.45297771,66.48306804,-0.2841693482607028,-0.0435051514077997,26.969909669999993,74.56477885,80.17783122,446.5012345986646,0.0904252617920339,0.0532099603736308,0.24480999,-0.03878551,-0.9054651305800264,-0.3198416641521209,0.2835955,0.04688169,0.13102302,400.9637697594904
-9.80184166943564,16.84176314198078,22.79407702,-50.73802938,-1.041208941860909,-0.611987874035995,73.5321064,-29.82585897,3.48952875,527.4497938530383,-6.938940377142858,20.30748229185387,31.30498169,-57.7344165,-1.231174717177704,-0.3214246668584439,89.03939819,-29.47731735,5.69964216,511.9490859384339,82.83600278792147,3.9377319880324926,97.28947978,72.08522563,0.2501399966101134,-0.2245450546060339,25.204254149999997,80.66829448,85.28952556,448.2893051675973,0.0910883056906924,0.0541907127608032,0.25897886,-0.03464384,-0.7774431328897573,-0.2511374843231014,0.2936226999999999,0.05036942,0.13233091,399.3092141056863
-9.268248002773156,16.854957924702035,26.11177454,-53.79414739,-0.9593597789141016,-0.5675395606949902,79.90592193,-28.46128645,3.37944756,564.3568413074557,-6.9488698015774215,20.49300349840179,31.11642502,-53.65269043,-1.215635759829392,-0.2809519777366306,84.76911545,-29.91764214,4.81245277,516.7577531901135,88.09374962119958,3.5177089805802075,100.09600597,77.4421516,-0.0503147104393462,0.0210787747609068,22.65385436999999,85.83993297,90.23228984,428.0993986126795,0.0938880340099232,0.0496502425155592,0.23478278,-0.03595173,-0.7219453635045543,-0.4204425235803136,0.27073451,0.05799881,0.13145898,447.5629988474351
-9.98615413924858,16.80713741608965,25.25401316,-49.20888128,-1.0116662087325583,-0.5813634915875365,74.46289444,-29.47708502,2.79743371,511.6661472408663,-7.369423615701861,20.272121057573557,32.02541397,-57.71370651,-1.2353347787629012,-0.3511955311434073,89.73912048,-29.87949516,4.87348793,442.87697620396057,92.4091457350144,3.5893416587378595,104.71723704,82.93531566,-0.1214308090506448,0.0541079186471578,21.78192138,90.28133159,94.74452739,423.45976597595165,0.0952140551976234,0.052560834113039,0.25897886,-0.03355392,-0.8766658920879431,-0.2526551538158197,0.29253278,0.05254925,0.13560065,413.636076568353
-8.564096385893237,15.59292997193742,34.75805674,-55.47370519,-0.572544755677983,-0.7900509227137522,90.23176193,-15.88041486,1.32278071,469.8542638780296,-6.52463027940519,18.64739135765963,32.79707382,-58.94966843,-0.9212835583512144,-0.4662631566258293,91.74674225,-26.32419731,2.92036269,431.1969063519892,94.40964780367064,4.522356280843811,108.09052043,85.88898235,-0.7666343347366023,0.0599988700757014,22.20153807999999,89.93256145,97.58375316,376.1872409221409,0.0832891508095799,0.0593676535261786,0.26312054,-0.04052937,-1.1149340471090317,0.0101459242381876,0.30364991,0.02181368,0.13385679,345.52913402445336
-10.679839312730552,16.78803223619887,23.17554674,-50.07972326,-1.0121084710986743,-0.5847914479946299,73.25527,-30.31196012,2.13694618,463.1975315487024,-7.461109092284594,20.217363468450475,27.06957672,-56.10172608,-1.2230600157116414,-0.3634418254769577,83.1713028,-29.86968567,4.93670271,473.9437272123106,96.97634837998773,3.760364995414355,110.04146342,88.19959788,0.1018486281771946,-0.1893601487925453,21.84186554,95.44752269,99.36575847,430.86809897128165,0.096843607797748,0.0548912339818949,0.2546192,-0.03486181,-0.8763925604332772,-0.2439029217317023,0.28948101,0.05342117,0.13908837,367.75705397923144
-10.265024929327788,16.87779941377017,24.4899827,-52.63992681,-0.945198577011988,-0.5881914520131212,77.12990951,-29.34956541,2.38544641,456.3212984739599,-7.117968509816585,20.50401595422492,31.44448898,-56.68264725,-1.207812565262394,-0.2938114999495256,88.12713623,-29.8271785,4.69583176,490.28441861727214,99.2093463530154,3.3533029023480636,111.47469859,89.88896709,0.202745668557696,0.0169859850447097,21.58573150000001,97.46931224,101.10962443,442.7574697122539,0.0996070451216309,0.0500312827019491,0.23805252,-0.04837675,-0.632752921845984,-0.443829257224719,0.28642927,0.06541022,0.13778048,394.2002481393893
-9.354028564333802,15.868064211046551,23.49707232,-51.43448248,-0.5658315983380642,-0.8314978500295556,74.9315548,-15.00521364,0.64158476,441.8325745065987,-6.739349215836564,18.89003913617147,27.58401535,-56.84613754,-0.8855857429488054,-0.5301853263726956,84.43015289,-26.51057198,2.61736677,478.1767088314338,100.05945375450196,3.8100964244092808,112.72265391,92.7935844,-0.6383505043270676,0.1572951969091869,19.929069510000005,95.92708354,102.74994426,419.4512494368406,0.0869281813094682,0.0578441006692168,0.25985079,-0.04358112,-1.2243025381903374,0.0023983443870337,0.30343191,0.0279172,0.13669056,374.7373136795704
-10.990456244686175,16.583602579372684,41.05993662,-49.09770956,-0.992474109664708,-0.5427585352944521,90.15764618,-29.6438426,1.25956575,485.0854346841453,-7.852376280181967,20.11020057794518,30.73604629,-56.88428452,-1.2366415206230326,-0.3409665135805182,87.62033081,-30.21191933,4.43316267,422.8952170894726,102.35487440873584,3.899120546412039,114.87523418,93.47478252,-0.2267627926894442,-0.0798600354489294,21.40045166,100.54286723,105.05511241,415.8190052566157,0.1029070571434842,0.0550527049038572,0.27205782,-0.03943945,-0.762111891240493,-0.2126992349096309,0.31149727,0.05996066,0.14431996,385.2233224355557
-11.09815816356314,16.740325956010807,23.97990427,-51.5587348,-0.9536974614054978,-0.6293555543742845,75.53863907,-30.04166021,1.5244147,510.00576423340897,-7.351936403484286,20.446393299422272,30.39708374,-56.64668228,-1.1950497778914122,-0.3083346375026634,87.04376601999999,-30.00919487,4.74378822,467.6636626420712,103.34980250186776,3.4316622245342945,114.80438762,94.64098888,0.1757765378820521,-0.1040374486482275,20.163398740000005,101.66547923,105.36573558,436.6244449813184,0.1030804885298855,0.0510235176243646,0.2408863,-0.03115612,-0.8254677678915852,-0.3823690005882411,0.27204242,0.06475627,0.14279408,377.9329216374181
-10.032812804802298,15.58009559562445,33.25288782,-52.45028295,-0.5778911343454278,-0.8267127158155029,85.70317077,-17.16215315,-0.27394261,432.0038222225068,-7.125328902983967,18.737020090842705,35.82376144,-60.22159912,-0.8853332089670873,-0.5300501214770997,96.04536056,-26.7590728,2.37867568,458.9306349766851,103.70267144467238,4.066976759478165,120.02507548,96.66277843,-0.6585923419461959,0.1799149355352696,23.362297049999995,99.41480785,106.6027885,390.5478348659064,0.0922425220427423,0.0599920621115416,0.28470082,-0.04031139,-0.9483690242397356,0.1178288120740533,0.32501221,0.03031501,0.14235812,343.71223240401696
-11.253568073902066,16.47993678656073,24.24693308,-52.05246343,-0.9115940300289008,-0.6440717857606552,76.29939651000001,-29.27545156,0.76147525,524.7924102662548,-7.463323763079829,19.96530652895092,28.55077026,-57.45212891,-1.1501360268524763,-0.352988398498698,86.00289917,-29.30293038,4.29365394,498.33678807219945,105.08424499773074,3.631111182044976,118.97330241,96.69002299,0.0868602600142334,-0.1188759142508452,22.28327942,103.48018413,107.36572795,442.522115228724,0.1044294726578538,0.0517569637008724,0.25440123,-0.02309075,-0.8821015099809606,-0.3399582181682625,0.2774919799999999,0.06497426,0.14540987,419.9514690753859
-9.958578636071282,15.343160718468049,23.35211382,-52.61050024,-0.4547636243435442,-0.8661762369418499,75.96261405999999,-13.91857042,-0.68701985,432.93536810055497,-6.974769941196793,18.24638571725574,33.30279205,-60.35238602,-0.7754338814491777,-0.5618362232997572,93.65517807,-25.0762458,1.93181131,434.03462670496054,104.73874854225696,4.103867661111405,122.04141002,97.57285075,-0.6973660657692555,0.1476643352646468,24.46855927,100.41207652,107.71449809,386.4834984027754,0.0921339736410915,0.059271039521226,0.28731661,-0.04183727,-1.001987838172504,0.1241688505918772,0.3291538799999999,0.03118694,0.14366601,348.8391628357389
-6.619484332923769,11.610208472409427,22.67309771,-57.46715536,2.954729724200999,-1.8970007721957565,80.14025307,-5.00307741,-2.17802157,480.2928854652689,-3.926847277467206,13.232210083088985,29.42379043,-54.96167709,1.76381898263271,-1.2313456335405366,84.38546752,-2.40604474,-0.1597329,436.6094664631356,101.655136101764,4.028029435850438,117.49647288,94.20502238,-0.5097276550195171,0.8787607747393903,23.291450499999996,98.51563029,105.24584727,407.90756045139614,0.0569321261314406,0.0533136233565386,0.22410163,-0.06123772,-0.594960810504213,0.9199436286246958,0.28533935,0.01810798,0.09788965,383.7407320603291
-8.381519120534406,18.859643268612174,25.74668549,-64.33793976,-0.8741610974357426,-0.3710204438240316,90.08462525,-23.73320915,5.85467432,442.40674686042627,-2.79686139890564,16.13318426951952,35.69669239,-42.37599286,-0.5921422636447731,0.284802043668577,78.07268525,-15.7973605,3.60854951,459.5443643130541,25.70673138407149,6.958512782414265,46.39794926,-0.78985699,0.0830435174734551,-0.267339909934764,47.187806249999994,20.943018,30.26722721,404.3777184778092,0.0830415895462363,0.0580316796872339,0.23248846,-0.04652939,-0.9204060857394074,-0.0194295602812191,0.27901785,0.02932858,0.12436904,344.7087030528223
-10.707720870433768,19.91296578484142,23.59519623,-66.08942749,-1.1308398172936298,-0.123764439742668,89.68462372,-26.20622207,9.5189638,512.2637944132011,-3.6551872549103694,17.638120368570114,34.48253147,-42.71822461,-0.8803504457003521,0.3008617210838676,77.20075607999999,-16.50035485,4.97748081,511.9159574884401,32.5778088331473,6.008693589195458,53.23170475,18.16373829,-0.1741269034309489,0.2327346168346722,35.067966459999994,28.62145809,36.52333072,437.46683437802017,0.0979603168630244,0.0516014954524174,0.24077179,-0.03693816,-0.4390889468044547,-0.2036745035677407,0.27770995,0.06682161,0.13003659,386.0480274752812
-10.812699483727137,20.412378678805943,24.78429268,-64.6681781,-1.0708070284587876,-0.2114497510428824,89.45247078,-25.97952034,10.29934166,530.4079667955756,-2.9537894836843495,17.820671566506377,34.90541736,-44.11549481,-0.8803762464544231,0.3656882562333223,79.02091217,-15.78428181,6.32679407,524.4973373765012,43.434448575104106,6.607045740912116,68.05997471,26.73045925,-0.2896057411903907,0.2327026487217644,41.32951546000001,38.63776401,47.89657978,463.1902662638185,0.099262680491464,0.0517242714536644,0.25276085,-0.04892721,-0.4618923185818127,0.0747986368826145,0.30168806,0.06267993,0.12981861,394.95021756626426
-10.565928687463783,20.52157783621456,25.90363358,-64.72158386,-1.1699960315094384,-0.1048467521402027,90.62521744,-26.68251373,10.83775852,523.524312240143,-3.292667684671122,18.109690317742757,35.63457004,-44.70949658,-0.9256530610247752,0.406373712596183,80.34406662,-16.62678536,5.73824064,527.7325035677898,57.725773416908496,6.51453413794134,78.50135044,39.71677784,-0.363507826437691,0.2046144108573187,38.7845726,53.02462009,62.20714191,450.76891635167823,0.1021116034972452,0.048176342163257,0.24251566,-0.03977194,-0.3278158306719736,-0.2110921198577456,0.2822875999999999,0.0731431,0.13287036,396.0633440147821
-11.132153388669693,20.180903002978035,22.82462738,-61.96410705,-1.1777970359957777,-0.1323796220070323,84.78873443,-27.07270386,9.6562929,524.1651353652661,-3.555950841600423,17.706823534872246,33.67599384,-44.1144038,-0.8896887651724521,0.3143453772870679,77.79039764,-16.39245327,5.28047697,517.4859029304484,71.11481743855418,6.403234407721845,92.31055454,-3.83616515,0.2080873427675675,0.1372901867052122,96.14671969,66.62673954,75.40599827,417.8334862123945,0.1011998139634333,0.0508484882673468,0.23989987,-0.02952675,-0.55071212850181,-0.0861178404703319,0.26942662,0.06638564,0.13265238,400.4963361294666
-9.50655198339688,19.10963079829114,25.39573334,-67.92157318,-0.8389904184094306,-0.3922898119436978,93.31730652,-24.55609276,5.41870878,428.61323971436514,-2.998017154477766,16.133573156802488,40.46942417,-42.53621014,-0.5777509260151481,0.3188540649130527,83.00563431,-15.459488,3.54206506,439.9126768200654,82.43659917412822,6.571161822822479,110.80093387,67.88014225,-0.0616372009943151,0.6663063242957388,42.92079161999999,76.92642216,86.61575321,386.83231430847707,0.0894651886204218,0.0571951968570057,0.26518585,-0.03998991,-0.7732330143859456,0.1137415423242075,0.30517576,0.03717596,0.12829273,336.2443554774755
-10.65330560080386,20.05394732325413,27.94395111,-64.74992706,-1.2086825554270988,-0.0792247587628095,92.69387817,-27.01711799,9.73367642,485.4435733360498,-3.540559883189935,17.747509578846348,36.37026111,-46.66371258,-0.904488864549998,0.361924198942929,83.03397369000001,-16.87201603,6.5262479,480.1034565098171,92.83431916756722,5.4933178599858765,114.59928135,78.73023228,-0.1088342187570443,0.1816883985469247,35.86904907,89.30239109,96.21789554,424.11108841986464,0.1023828527654461,0.0486039209019475,0.2420797,-0.03432237,-0.364624848803718,-0.2912938783784885,0.27640207,0.07423302,0.13352431,380.325858498277
-11.305748619483028,20.39002463149548,24.82461975,-68.57988312,-1.1174169334030977,-0.1891375167441689,93.40450287,-27.26779892,9.3718252,514.3717615583415,-3.1583166577969544,17.88571624748859,39.1767873,-45.98796566,-0.86195349998011,0.3768753655127771,85.16475296,-16.53850182,6.41725675,491.13415070445814,99.56413595999216,5.675272373406382,123.204155,85.31330875,-0.1102805466109475,0.2116178216536787,37.89084625,95.50399784,103.24783329,456.4751560345133,0.1035097871910295,0.0513775422891748,0.25733849,-0.0402079,-0.5035655868843123,-0.0631948867961991,0.29754639,0.06703959,0.13635809,390.69672274438847
-10.98176252341959,20.514049721867387,27.33033035,-68.4578128,-1.2289887177388767,-0.0853660241737118,95.78814315,-27.87923958,9.9690976,523.7900601904444,-3.4102361882801087,18.140047068307297,37.48088352,-44.46208676,-0.9216540647648914,0.4434998304592393,81.94297028,-17.29054173,6.23306123,538.6053750663749,105.36047986393856,5.095316586612113,123.73821262,91.89093784,-0.1154287562683444,0.2645919167041458,31.847274779999992,101.68926243,108.56661228,429.48887014790256,0.1069734478727039,0.0473413603711328,0.24752926,-0.03563026,-0.394047255369423,-0.2853439018632365,0.28315952,0.07772074,0.13897388,389.0251474930802
-12.005413836376531,20.32947874428586,24.53361176,-69.57387878,-1.1694008246298218,-0.1435626662275392,94.10749054,-28.25526001,8.75275419,476.4647152373571,-3.8658953484825496,17.80062755210893,35.48961155,-47.22828778,-0.8520484940051825,0.3705383585870928,82.71789933,-16.99735554,4.73552028,478.33510570069234,110.64825293020805,5.340394198267856,134.07059482,97.72197727,-0.029517763115419,0.3404446529423487,36.34861755,107.07343296,114.05977634,401.8499051604075,0.1090609671325182,0.0502367118400482,0.25930033,-0.05110703,-0.5334430893640159,-0.1237926030585433,0.31040736,0.07423302,0.14202564,393.766584345505
-9.90646130639144,18.8952440248556,24.50418518,-69.36897613,-0.8741123994112914,-0.3677487877574162,93.87316131,-25.76916649,4.34514402,394.38321848272864,-3.3943945817118153,16.07991406735852,38.14681903,-43.38089093,-0.5484238958324017,0.351745966595421,81.52770996000001,-16.16248234,2.80637328,397.92453241416626,111.59419429895183,13.422950670020157,133.76541904,-6.15223118,51.69508169519529,-6.461722581431081,139.91765022,107.91811374,116.82815555,223.60934785985648,0.0984357830676704,0.0563482238185356,0.28545826,-0.03541228,-0.7487582705528353,0.0678816766949122,0.32087054,0.04698518,0.13788396,345.47216722218315
-12.153305436915362,20.088027913426465,26.26221512,-67.28070404,-1.1386774691735984,-0.1573306156719655,93.54291916,-28.15280868,8.30370997,532.0453605077026,-3.667810717031492,17.838831126756542,36.26454059,-47.54763134,-0.8512726043295125,0.3636393209396173,83.81217193,-16.87092598,5.45050327,469.35968371482807,117.07600084085058,5.453587678229384,135.99428562,104.68106846,-0.1944341439179377,0.2024533050854005,31.313217159999994,113.45487217,120.44122318,428.16590782143606,0.113748606948326,0.0516886182091841,0.26039024,-0.0428237,-0.4779959053258289,-0.1835804779503161,0.30321394,0.0794646,0.14660327,371.38253735225015
-11.733089782295105,20.42859749897564,25.35431717,-71.38204529,-1.1941912032366655,-0.1236072011691195,96.73636246,-28.52773811,9.21923731,471.1766624328441,-3.332302988239263,18.159377317196988,38.16207782,-45.85499676,-0.9249200561974912,0.4229766482318264,84.01707458,-17.09980782,7.25104038,475.533065420841,120.3024031194981,4.886529082531864,138.46294407,108.61020664,5.289708913247537e-05,0.3454582086368949,29.85273742999999,116.74641422,123.16055301,436.9937041340202,0.1172600388548166,0.0476590183312647,0.2734692,-0.02342323,-0.3589499738861228,-0.1905888486655813,0.29689243,0.08774794,0.14900108,375.4411035022186
-11.656476328754916,19.710066199289304,22.9379792,-72.60493042,-0.987115983879864,-0.2934716487640939,95.54290962,-28.01220848,5.17020844,470.822984428718,-3.7164619415212554,16.982634152934406,34.46073047,-50.86750897,-0.6761898983882957,0.3360493744008401,85.32823944,-16.60062703,3.22054044,473.6419845679659,122.25045424276412,5.316197516452658,141.50925449,111.74371342,-0.2095749212392172,0.4213180650709753,29.765541069999983,118.53932194,125.62375645,420.9591859098863,0.1107415955682819,0.0540592596832498,0.27412315,-0.02843683,-0.7779693765807658,-0.0359053365364762,0.30255998,0.06616766,0.14812915,353.9551026947303
-12.044413385857617,19.847474492928935,25.60826729,-66.78479339,-1.0999717774452982,-0.203896633368633,92.39306068,-28.4078479,6.31134794,459.1185323775099,-3.723715279720955,17.236221458812157,39.3152074,-48.51438626,-0.7855474941600251,0.3239865792926624,87.82959366,-17.09871777,4.8902878,468.60290410245983,125.01044576536812,5.818844353025052,144.94792942,113.44942478,-0.4046188121863605,0.0990884075799651,31.498504640000007,121.44939426,128.65917209,403.64954267025024,0.1184201653153282,0.0541631518579969,0.29025387,-0.02582104,-0.6180919305691219,-0.153608580220411,0.31607491,0.08229838,0.15445065,353.1153550793796
-12.565752007839004,20.39886333015692,24.16958092,-71.30793335,-1.1791437180681248,-0.1425557004690639,95.47751427,-29.29503776,8.17401026,500.09751769183896,-3.357933223943515,18.12492723997697,37.28796665,-47.02992352,-0.9227205650153314,0.4296266426084591,84.31789017,-17.17283162,7.10826198,497.1313705337081,127.574343709527,5.106172454388973,146.66999058,115.87993625,-0.1359453001427941,0.3592289951397194,30.79005432999999,123.58016971,130.67551426,436.88043755273367,0.1250021718150545,0.04848648525545,0.26867359,-0.01840963,-0.5116291346267632,-0.1647723565065688,0.28708322,0.09232558,0.15793838,380.16263849255904
-11.61058300223201,19.179233169749228,23.74124573,-70.36516144,-0.8648587051514065,-0.3874002639604718,94.10640717,-27.38441803,3.32062529,432.3776612662756,-3.494298769572638,16.274972555930972,36.35391132,-46.43265255,-0.5507681564293643,0.264577652550396,82.78656387000001,-16.23768624,3.30555383,445.5603266414371,128.509376051807,5.796726031244836,150.39203647,118.35948948,-0.2936525763107589,0.4477166949090846,32.03254699,123.99433903,131.97795872,384.5776878661588,0.1148296413746471,0.0576164951977661,0.29199774,-0.01557586,-0.8563026924124792,0.1141018344303696,0.3075736,0.05962818,0.1551046,333.9947691073806
-12.645714363090692,19.83194958793245,24.80500076,-72.34226562,-1.1704897552164495,-0.1357221266032256,97.14726638,-29.12065079,7.33477686,487.83039477095474,-3.5464248735799067,17.75204661048083,35.44710437,-45.22175702,-0.89060713282058,0.4110638262164565,80.66886138999999,-17.11288651,6.79109708,482.9308890873897,131.10139413656972,5.05760588773275,150.53372959,119.95620731,0.0102538960806404,0.2668698399883727,30.57752228000001,127.5474625,134.07604221,444.5725757246464,0.1283192290237889,0.0481165085828851,0.27564903,-0.01230612,-0.4573752646048747,-0.2198213820161682,0.28795515,0.0971212,0.16055416,383.88424876710087
-11.57953806361384,18.554978809119973,24.21099899,-71.16079285,-0.8733195920877335,-0.371762197295068,95.37179184,-27.38877823,2.12716995,441.31840625360985,-3.497167480968174,15.953927898324094,36.30159656,-46.17760952,-0.5175811649360638,0.3207821572141339,82.47920608,-16.32378872,2.49574796,469.0027356944328,131.32577256986588,5.617158612030175,151.01329807,121.87445835,-0.4776706459074122,0.2844114495593655,29.138839719999993,126.56653599,135.01335911,411.50851916786326,0.1164863604830387,0.0561005392182888,0.29483151,-0.01296006,-0.9140842349832936,0.0529572376078859,0.30779157,0.05984616,0.15772039,365.7118782422702
-7.627678218556475,13.3384807053313,20.90529106,-63.88889648,0.6475643563323055,-1.0268123042646606,84.79418754,-6.95834972,-2.48752405,430.2744144951771,-1.9363689809763664,11.647769020773657,34.82476322,-51.69475277,1.1757302322074947,0.3312133993797056,86.51951599,-5.31130274,0.20910923,447.1148050842178,128.27732184243595,5.422635912482221,149.10594944,121.61287693,-0.323427938225,0.939598650235006,27.49307250999999,123.98343662,132.75179294,362.9901056695858,0.0820439380259515,0.0518772341106878,0.27085341,-0.01361401,-0.7203523291838896,0.7850965097746463,0.28446742,0.04197158,0.12807474,331.2133320546966
0.5195971708937651,5.126865730001756,24.02695586,-33.35045312,11.929901051835374,-1.1034447194772838,57.37740898,-0.11571811,0.98618461,504.90387877179074,0.9688743295188924,6.209963771867253,45.38034601,-18.0951293,18.531327517850833,3.800947867871499,63.47547530999999,-0.41455244,0.73748615,430.3091379216049,16.361493101151332,4.636713331682403,39.73334619,-1.02396821,5.129209508611785,-0.6954069294630831,40.7573144,16.04952738,16.86696169,489.92073262239904,0.0128568375162324,0.0327507865277084,0.23947932,-0.04825784,5.774071352419979,2.1483447148594346,0.28773716,-0.00640517,0.01800889,385.4896838921352
-1.681572088316123,15.496246810431163,32.42692114,-32.57988428,-1.413709493645699,-0.2083609190467174,65.00680542,-18.70610021,13.6447124625,454.4021262662096,12.32617704245326,19.7950352553079,51.78903741,-31.90651541,-1.4219008670534303,0.2445977898845424,83.69555282,-4.9652138225,32.55206079,386.9893173743508,28.4612759015769,6.1644056730095,50.3327572,16.5672352,-0.4710547036941066,0.5239085884988237,33.765522000000004,22.33287737,31.40095636,341.28224098695836,0.0991849606305249,0.0586212462699703,0.27479251,-0.01883018,-0.4230669252126438,0.6217381251570177,0.2936226899999999,0.04787252,0.13789938,316.0118439952627
-1.1559101026593914,16.381243293821637,27.79260756,-32.96571039,-1.499214291875915,-0.2785027760663134,60.75831795,-20.0701277125,14.50656249,416.5776141280678,10.62631576661093,19.602143813068487,51.16996545,-21.26895743,-1.4664987436203587,0.2859580336638794,72.43892288,-5.107992702500001,32.5498826,491.9437682048296,28.33826755637644,5.867702176721304,45.13386652,19.09038469,-0.6220672137519481,0.4670412935963374,26.04348183,22.4364197,31.68978617,440.6644781717638,0.0954885441074082,0.0527408539592511,0.23926133,-0.01774027,-0.8724186190468202,0.2892044280697464,0.2570016,0.04896243,0.13768139,433.97579787838976
-1.6413152385830794,16.240064793659776,26.15991713,-33.03546594,-1.4900032130088088,-0.2931997826084922,59.195383070000005,-20.22680353,13.6785001925,538.523676998846,10.90721657782152,19.6222899195051,50.57923288,-20.74580031,-1.4693883779100156,0.2857913246524254,71.32503319,-4.86902886,32.7594182,430.3161183752047,28.815943789366152,5.877668781638317,46.29462549,19.15578005,-0.676581041762264,0.4576273128176274,27.13884544,22.87238428,32.13120005,365.9000120981527,0.0950319238480795,0.0556178074423139,0.25277626,-0.01163675,-0.7455217247781762,0.3859553969722365,0.2644130099999999,0.0456927,0.13811736,362.20199880993874
-1.462527690414222,15.869820604700712,25.00678946,-31.30141519,-1.4922421456798196,-0.2921076753393081,56.30820465,-19.82680391,13.4834058425,463.78613206366595,10.752004941862044,19.2139896250994,50.31874246,-20.20084219,-1.4769823508904791,0.300747562068095,70.51958465,-4.71862107,32.31773157,443.1984128060923,29.349879687193148,5.874862584856454,48.01669046,20.10400507,-0.5364367248021957,0.5203075980662221,27.91268539,23.47728655,32.57261392,415.9003855217229,0.0935284008032152,0.0531220749864223,0.24645476,-0.01577842,-0.8870505953742187,0.3203294184162327,0.26223318,0.04394883,0.13615551,353.39653792386315
-1.681470323636079,15.891902024535758,26.01386954,-32.24527811,-1.467992644084301,-0.3036881797761356,58.25914765,-19.87040018,13.20302512,437.26736152959376,11.116637718816788,19.357892867598633,50.62282724,-18.97250967,-1.4793483389416966,0.3223805952862342,69.59533691,-4.59001141,32.664596270000004,393.986429368409,30.36190310424724,5.986518615081327,48.33276483,21.16122171,-0.4013536542617908,0.5977748256829688,27.171543120000003,24.55085108,33.37915155,372.16286707169434,0.0928443464421497,0.0554287778238326,0.23184992,-0.02645958,-1.1507580405847913,0.1806317339880518,0.2583094999999999,0.04024313,0.13942526,336.2244541595787
-1.4370315090827663,15.413130641650136,25.31741454,-32.04364465,-1.473460807377327,-0.2968499359390592,57.36105919,-19.05296586,13.0735979225,392.39848731301777,11.231275912133302,18.998134297269633,52.32745523,-20.01991682,-1.4828622807051874,0.3414483029245347,72.34737204999999,-4.4911016725,32.37767572,476.53228807183046,31.47445767613021,5.849160771986076,50.31095621,22.02770159,-0.3212928735181131,0.6046748705530189,28.28325462,25.6448523675,34.2946789,432.44722956594103,0.0915598762002268,0.0539999670851006,0.24514687,-0.0122907,-0.9384153223057932,0.313391985452866,0.25743757,0.04002515,0.13441165,400.6466876142632
-1.436006718038606,15.394881200934524,24.49888922,-33.3842399,-1.4728371784684984,-0.2752750268419293,57.88312911999999,-19.0957453125,13.05043723,505.6411303951586,11.832617905766448,19.060692001360223,51.6582467,-16.82429152,-1.4807346892307187,0.3562746128659065,68.48253822,-4.2742085925,32.932715127499996,436.65486360452087,33.977900871068805,6.073499720058395,57.3027508,23.8206093,-0.0702771219216935,0.6496643907479466,33.4821415,28.43639299,37.05761072,340.18338335291753,0.0937163241627552,0.0558441819336936,0.24471091,-0.02951133,-0.8327218407965389,0.40218096702126,0.27422224,0.04329489,0.13855333,352.9707190686283
-1.016142952604631,15.69265552282002,26.6231301,-31.44419168,-1.4731695642004972,-0.2625168565504545,58.06732178,-18.46877168,13.8528862125,439.4409867835128,11.258780795539977,19.139292567451925,53.6244523,-17.01066618,-1.4387624377337458,0.3842012699834418,70.63511848,-4.73169976,32.283398815,431.8299153933555,34.462692074837676,6.088382275866729,58.88312647,25.2156994,-0.1352855962812635,0.6765754675098723,33.66742707,28.6312148275,37.41727945,354.394055689743,0.0933117184123445,0.0582905597506254,0.26890698,-0.01752228,-0.6102299892357217,0.5630948337962135,0.28642926,0.04155103,0.14029719,352.54902268444044
-0.8869569523525387,16.35117495858417,26.65800787,-33.26434778,-1.503267936590675,-0.2431735025935659,59.92235565,-19.444790115,14.80846812,424.5231698115136,11.295212815157434,19.95254376797877,55.75414056,-18.70439177,-1.451187760202072,0.380898162086078,74.45853233,-5.37801867,33.539797495,381.9005188876744,36.23015450195396,5.81972826989975,53.22102472,26.37645647,-0.2535833727974137,0.6240481891433292,26.84456825,30.55082628,39.27013513,359.6916714207934,0.0948896800017601,0.0555777094445323,0.26280346,-0.01316263,-0.9449633115036642,0.4527805637958201,0.27596609,0.04503875,0.14552877,333.0167538912997
-0.5946313266827036,16.136683714920466,28.11631323,-30.4425628,-1.5243249383015838,-0.2323753130104641,58.55887603,-19.11291002,15.16595961,374.11603209775257,11.174008642472424,19.92836341112825,51.02718515,-18.86787825,-1.486066679928072,0.3407708041679988,69.8950634,-5.43251448,33.858051010000004,476.5395697984883,38.05383377878726,5.609500990814907,56.07660028,27.79334375,0.0017671653234998,0.6951654296152934,28.283256530000003,32.82874414,40.97039911,439.1166780861713,0.0946819544160212,0.0540033082739816,0.24253107,-0.01708632,-1.0151483550331917,0.4204389820187345,0.25961739,0.04634664,0.14400289,401.8610524482993
-0.4933444816758586,16.150249264729876,25.5070603,-30.444741,-1.5470369270474014,-0.2140410798689581,55.9518013,-18.752422555,15.4558766,490.6469402659619,10.727799352988738,19.74603240546243,51.10239191,-19.7681468,-1.476010410862333,0.3183512394967148,70.87053871,-5.7096248225,33.12154169,434.8296417129857,40.453503365423025,5.316102203249893,55.23191568,31.4990513,-0.3194621828151569,0.5686190769593181,23.73286438,35.46633646,43.40635416,367.6743046455579,0.0940358334283814,0.0497597851539603,0.25081442,-0.01250868,-0.7285230290799998,0.4965949786686769,0.2633231,0.05157823,0.13659148,397.00672348355647
-0.6064202369860362,16.55006525759605,26.18280531,-32.04800485,-1.5539844457811969,-0.2143087900042742,58.23081016,-19.2036459325,15.73162486,432.9716175089752,10.456418279532777,19.92370889104409,53.88385172,-20.69566374,-1.4615800394190972,0.3053348807277412,74.57951546000001,-5.848043972499999,33.05124445,450.2300193909694,42.961471252487485,5.292675265128465,61.31908533,33.60803339,-0.1888324635682079,0.5933020481769034,27.711051939999997,38.0385296,45.95130274,399.43293385829134,0.0952008590896112,0.0490909556961379,0.24362099,-0.02863941,-0.7675128170909309,0.468022556989176,0.2722604,0.05550192,0.13724543,345.7000549399283
-0.7211257910201048,16.350320686302325,26.67544676,-31.34936975,-1.5318336568244018,-0.2322481873955515,58.02481651,-18.685664879999997,15.25424315,411.7015055066709,10.32009518821208,19.762563239143415,53.13071985,-21.77140837,-1.4378918471352884,0.3050476121678955,74.90212822,-6.01343851,32.203562925,414.30655218910744,45.39851738319194,5.159257199591083,61.09565088,35.78785822,-0.4959612618481306,0.4783265660021471,25.307792660000004,40.53988382,48.54529688,377.663558326817,0.0943856536585699,0.0506907410464002,0.26258547,-0.01054684,-0.6444421725038296,0.5215383084043987,0.27313231,0.05375806,0.13659148,342.9066371392997
-1.2350338351081511,16.475543229907746,25.72722174,-31.83111261,-1.5243801442629163,-0.2631623800192275,57.55833435,-19.619993435,14.767051,465.322086349905,10.56843554639619,19.769247295453507,51.36615152,-21.47604208,-1.4705695286348297,0.2688729854287049,72.8421936,-5.56439381,32.6016547175,524.5529578268812,48.683624587736254,5.300307429790139,65.17737696,39.02490351,-0.4609516761758363,0.4439654078575082,26.15247345,44.01125833,51.94582865,566.9997161169455,0.0954978803700226,0.047584065257694,0.23664553,-0.00749508,-0.8980118713149761,0.3485951349155478,0.2441406099999999,0.05484797,0.13615551,465.2759565108594
-1.5937476327751705,16.355664744927985,25.57572485,-32.03056787,-1.518096511376903,-0.2461198377705038,57.60629272,-19.7924725875,14.1907596725,393.35444985496554,10.825239016603692,19.51009256848891,49.68223352,-22.02862769,-1.4758262429779925,0.2559524087166414,71.71086120999999,-5.321615742500001,32.110102845,520.8126289912192,52.321414873794886,5.614297288174609,71.42257807,41.43361017,-0.4793315438316461,0.3603170874746891,29.9889679,47.92949793,56.21828958,389.6726420008651,0.0972357607850269,0.0492489841765431,0.23381176,-0.01447053,-1.045865636860544,0.2167899515741187,0.24828229,0.05310411,0.13855333,376.1769889068667
-1.8019364807613627,16.43938943302161,28.34846427,-32.57116388,-1.5070948099413657,-0.277372949315773,60.91962815,-20.62571023,13.96078779,470.58700827813686,10.635734382748572,19.778575015639863,49.21248026,-22.48530226,-1.494676005363354,0.2520100342727138,71.69778252,-5.48047047,32.59348077,374.34694816605776,53.88923322792713,5.331235726070144,70.67054102,44.65430567,-0.5598186920122763,0.4538046479019474,26.01623535,48.81777689,57.03572199,419.62431819181535,0.0961079095844089,0.0489035851750526,0.2320679,0.00035229,-0.9840656309647536,0.2640755413972889,0.23171561,0.05005235,0.13615551,412.1082795114908
-2.03142808122702,16.424842604727196,26.45419432,-33.72102045,-1.5003714913348325,-0.2950019335137555,60.17521477,-20.8276178725,13.5956669025,397.2151930649098,10.826514382576274,19.956435969787687,50.40920419,-22.25206023,-1.499353389643391,0.2629608990724753,72.66126442,-5.4818330325,32.8487917875,469.06551541894703,56.39037110741591,5.371034770276868,76.34899256,47.05756494,-0.400000772290852,0.5240636585843268,29.29142762,51.25373194,59.40628549,410.6863497440854,0.0962612887428616,0.0488625528725085,0.24078721,-0.03735872,-0.9408021345592896,0.2215212369449855,0.27814593,0.05266814,0.13571955,417.7864015943562
-2.040696867412579,16.149927551093736,25.66945578,-33.67742609,-1.5014865135524,-0.2850747012362062,59.34688187,-20.665493235,13.27495982,491.540327852702,10.969656062253971,19.822078593139192,50.84407968,-20.93108397,-1.51344066539502,0.2733080002577193,71.77516365,-5.5188899525,32.6656863175,384.89487183645025,58.84479097106939,5.487561973678952,76.16370508,49.71150324,-0.4127754298627026,0.5413075539839696,26.45220184,53.58069727,61.82589456,474.4399518331741,0.0952130943153015,0.0535657017102533,0.25059643,-0.02427975,-0.7674563111520065,0.3285970984122418,0.2748761799999999,0.0493984,0.1363735,330.50408240158714
-2.2743860557504108,15.906592845991344,22.65148665,-33.13137887,-1.492547552774682,-0.2993149702524988,55.78286552,-20.42080759,12.813926,405.82275023728454,11.173957444106623,19.63567492311683,53.49910898,-20.36541968,-1.513444915675248,0.2902127686207719,73.86452866,-5.15567618,32.91827173,525.0572882980699,62.005828106312094,5.540350064231372,82.27812311,51.79868814,-0.1433444178107161,0.582891745002176,30.479434969999993,56.94852945,64.76866266,423.57564904077424,0.0945563965248768,0.05139169161622,0.23642756,-0.01011087,-0.8398406448600384,0.3243833761148681,0.24653843,0.04765454,0.13571955,415.1797246256113
-10.47022910663384,18.886477955879307,41.46342699,-55.98683318,-1.3235402125131466,-0.3883458578290636,97.45026017,-31.324815355,7.08210413,383.68117779624095,-1.3898545334365002,16.009477956556022,47.53471744,-41.44146359,-0.8410633851000657,-0.1438293445947842,88.97618102999999,-14.197439795,10.21716869,426.5802720994615,11.595380847403282,4.572644659138675,25.88896841,1.08253729,-0.5457197797764133,-0.0386368087247755,24.80643112,8.11792892,14.81544775,355.35233459531435,0.0910431572941389,0.0822263319399357,0.32259678,-0.12121598,-0.5182357769740848,0.2075430879033097,0.44381276,0.02832014,0.14254307,302.6759347661539
-9.649084428748155,18.583053094720523,20.12618867,-54.63643034,-1.1115236424448065,-0.4462346404890255,74.76261901,-25.47688254,7.81016628,424.32193789696754,-0.2858263096612285,17.49840754753277,32.5276984,-41.26598752,-1.0602768955035244,-0.0362271352715863,73.79368592,-13.77945721,15.55611026,443.6165790145532,14.005220599444987,3.6211701259642295,27.27860731,5.55663198,-0.7186742783848068,0.0270636048423783,21.721975330000003,10.88085932,16.64650244,379.0423508497128,0.0943626018685757,0.0725929493901407,0.29578491,-0.08197911,-0.5520896096631929,0.1760729886451654,0.37776402,0.04118111,0.14014526,348.66066667415475
-9.264460321318555,18.82454469903478,19.58995096,-52.22009047,-1.1388620552722974,-0.4280200494154921,71.81004143,-26.19295557,8.56983606,501.21907856053554,0.2449925967000975,17.881961062192783,33.08791339,-41.17443478,-1.0544336182429297,-0.0779696177509113,74.26234817,-13.31024993,16.87436092,446.80789037949734,16.467106061226204,4.590733088019896,35.3984651,7.35498947,0.7323536612088475,0.652762791406451,28.043475630000003,12.81545633,18.83722776,410.40545481918934,0.0980808116536951,0.0733368271480016,0.30123447,-0.07238787,-0.5294046929348348,0.1993107633895716,0.37362234,0.04357893,0.14406895,315.4621682653595
-9.188498473921172,18.639829505561725,19.94308321,-49.76124724,-1.1752116268075674,-0.4114000467566073,69.70433045,-26.54499777,8.57310573,442.38535803070096,-0.1550270594840142,17.662455477776597,31.66993701,-38.98697674,-1.0799582332875914,-0.0779160607681717,70.65691375,-13.73804104,15.787172195,518.0029103498265,16.44118626907785,4.796608971253031,40.1232385,7.08796066,2.173479485401846,1.1460127853854976,33.03527784,12.83725447,18.47755712,392.4335136951819,0.0962316510262984,0.074457858010145,0.29905464,-0.08154314,-0.5930003852472141,0.1792028338629447,0.38059778,0.03747541,0.14297904,334.31963918246515
-8.973629979492411,18.46903383668887,20.16869585,-51.21410139,-1.1577849237922604,-0.4130216835615289,71.38279724,-25.837099629999997,8.41833798,434.6350698611982,-0.1328216681616029,17.438432079798083,33.11625278,-37.51668561,-1.0547227385953268,-0.1097864790518528,70.63293839,-13.68354523,14.989900465,443.20151072088913,17.769182590464478,4.380099056832364,33.22408766,8.55934423,0.0059706301920989,0.4688667033784119,24.66474343,14.19419664,20.20506948,432.195505581083,0.0961441284983322,0.0752267867455367,0.31431343,-0.07674752,-0.5759880811933473,0.2509530064768023,0.39106095,0.03747541,0.14385097,322.7042495242738
-9.287085368677817,18.439203538304817,19.30875436,-48.61792906,-1.1607973215562526,-0.4039209303681868,67.92668342,-26.06107672,8.150764145,449.13395822175414,-0.7555489133071633,17.539226355094396,30.94623554,-39.34882748,-1.0331556112189966,-0.1565319757135001,70.29506302,-14.324959395,14.541945815,449.17110144677946,17.456334557337705,3.3340189809444367,27.80176634,9.19149393,-0.9282748155940594,-0.2095927312150511,18.61027241,14.57566637,20.071555080000003,405.566397422204,0.0931230815123323,0.0726741501959621,0.31562133,-0.08939053,-0.5316193558163196,0.2524425486978164,0.40501186,0.03791137,0.13992728,327.6805583653409
-9.506483149433414,17.912317252403636,17.84935991,-46.63210448,-1.172281583542763,-0.4185514728770901,64.48146439,-26.36298331,7.504445475,487.2671286367355,-0.8545708154947698,17.037025326263876,30.11245143,-39.62130749,-0.9872817160673022,-0.175674767552354,69.73375892,-13.421420694999998,13.69290292,506.2299768040921,18.652767185649743,3.34181580601227,26.83174414,10.41764635,-1.0648163928018188,-0.2795907542558273,16.41409779,15.51299185,21.34402937,443.9778446507444,0.0914977153359352,0.0738675281325279,0.30515816,-0.08786465,-0.4911239763307184,0.2327507683941369,0.39302281,0.03594953,0.13949131,348.459336512651
-9.37371436525924,17.66760029010118,17.67497293,-47.97814711,-1.154843911116092,-0.4523837213288902,65.65312004,-26.29322775,7.316435495,424.7733266046499,-0.0326924709750176,17.027328370016487,37.2710036,-40.5815202,-0.8365095906250697,-0.1943387767796681,77.8525238,-11.37619794,14.121784089999998,402.29627330198423,22.48354638661977,7.314270483161785,53.60001844,11.78003782,3.30660708920027,1.764159947239801,41.819980619999995,17.30589956,24.00341886,272.23640412931894,0.0942047794234303,0.0761013396654391,0.33284197,-0.09048043,-0.4542837431513198,0.2856734885622639,0.4233224,0.03594953,0.14123517,318.38997194334087
-9.889678090986136,17.795899093140644,17.80576364,-49.04299315,-1.146884774620358,-0.4775661799813419,66.84875679,-26.45235594,6.898453635,429.2413673308691,-0.2783676766760454,17.040269756205056,30.99855029,-40.01803601,-0.8339016903049412,-0.2323168201464698,71.0165863,-11.448677665,14.32178295,415.6209498124761,24.39512733048308,4.447396941525971,38.23223966,12.76640982,-0.8174287558980606,-0.0173728370325686,25.46582984,20.57564062,27.77996916,376.6133849733799,0.0946358975947902,0.0776707936348151,0.31583931,-0.08328701,-0.4652087703636396,0.2940871561373989,0.39912632,0.03485962,0.14254307,302.28682442722624
-10.564061665556942,18.008442474734814,16.671163,-52.63207777,-1.0853815444488584,-0.5172468305264618,69.30324077,-26.11012228,6.1812905449999995,473.33144766665066,-0.4761603369846384,17.218472960459973,30.42525661,-40.1738931,-0.7989417887773671,-0.2319448460153611,70.59914971,-10.998543385,14.677640315,447.38870092686307,25.603450174992854,4.771951799877792,38.82624143,14.68465799,-0.9736613227159644,-0.0849189123546502,24.141583440000005,21.32767958,29.36034292,398.466488521261,0.095623806176624,0.0807013540148295,0.32085292,-0.09353219,-0.5667035102567879,0.2864944338273557,0.41438511,0.03485962,0.14712071,371.81637806842446
-11.12052000832679,18.34139242007365,16.44555132,-52.49801787,-1.0811335347719817,-0.5315076415891712,68.94356919,-26.916113455,5.949139035,413.4842088596105,-1.1356234645571917,17.483866806380803,30.38601863,-41.30849469,-0.8006242018807468,-0.243100341899597,71.69451332,-11.7086221,15.0133332,417.1915329900839,25.65113300903406,3.9526540748471297,42.57554334,16.03615087,-0.9855449054519356,-0.1331518988871949,26.539392470000003,21.90533537,28.70639509,392.89634073240865,0.0928698870445417,0.0811895923446946,0.30058052,-0.09767386,-0.6942393216659442,0.2961990192156044,0.39825438,0.02984602,0.14690272,325.53954710075357
-11.080391074844227,18.05773095284162,15.46353952,-53.05932387,-1.0892873844336206,-0.5412666667181316,68.52286339,-26.35371836,5.790011565,417.2175082837136,-0.9396638539629236,17.16889040976462,33.68954837,-40.80168545,-0.8425568915251938,-0.1848989667018618,74.49123381999999,-11.22034085,15.4313153,441.0402504160492,28.041098805209547,4.190555264445923,48.71175855,19.21869749,0.2948375339776765,0.2787957138989106,29.49306106,24.13965696,30.84807485,340.6666921631223,0.0918334020671189,0.079366686060463,0.30232439,-0.08808262,-0.6565079930746629,0.3051306928674538,0.39040701,0.03224382,0.14853759,321.76917465202206
-10.982322975856231,17.829257122884645,15.45263998,-51.15524443,-1.0602955103812728,-0.5522063382281079,66.60788441,-25.99077757,5.51589815,425.7695401496703,-0.7271932357432326,17.039828014809633,32.97674167,-39.31613171,-0.829286501248867,-0.1681435920157527,72.29287338,-10.95331204,15.613876220000002,420.4045061373231,29.951767984454857,3.880337974604126,41.45838255,20.97345823,-1.089674871152233,-0.1614547526338345,20.484924320000005,26.22139257,33.03335279,391.97088401127246,0.090603848289805,0.0769089213367525,0.29404104,-0.07805542,-0.6435606667763412,0.2669623117996713,0.3720964599999999,0.03311575,0.14406895,333.49579237426815
-11.09670614631254,18.24321616858188,15.89078561,-54.07403334,-1.061937786976485,-0.5466271578914351,69.96481895,-26.043637835,5.82543365,504.2860570067185,-0.6876056140096661,17.239219098924032,31.45195377,-40.88451779,-0.8874359384790691,-0.1094559152219075,72.33647155999999,-11.431238775,15.71087825,466.93801307196367,32.41123808032924,3.7147102971556514,41.99789137,23.51295751,-1.1731280656126195,-0.2043443128278293,18.48493386,28.76633924,35.38211531,494.5506772772736,0.0915858759032016,0.078107979676812,0.30624807,-0.08350499,-0.6957674934908886,0.2512303245309409,0.38975306,0.03137189,0.14581281,459.6061620439405
-10.749293618497424,18.125591561934023,16.91857378,-55.75359114,-1.0909307850015233,-0.527938047199953,72.67216492,-27.503032285,6.00744907,497.6350978041244,-0.6047020237160491,17.21599560404741,32.04268634,-40.47362149,-0.9199901823736498,-0.0862139638456372,72.51630783,-12.1184293,16.4770869,500.0622509912615,35.3257052595986,3.769058015616868,48.52647108,26.1886949,-1.034328027422165,-0.1844487177036134,22.33777618,31.6328134,38.1831941,437.12997221765806,0.0925973629184724,0.0767459519118902,0.3021064,-0.07979928,-0.5521250844491861,0.2638884571414799,0.38190568,0.03420567,0.14494088,307.1080613768721
-10.465642577096048,18.244894016308987,17.34473077,-52.40428694,-1.0894952526808188,-0.4814466019640355,69.74901771,-26.214754665,6.58401338,445.27203033457505,-0.6018607990027456,17.47132879577343,32.03505695,-40.2992326,-0.976292281905005,-0.0526803875269385,72.33428955,-12.766382815,16.24657047,426.99119125021787,37.883312569476985,3.568737343791855,46.42838758,29.13691038,-1.0950842608236884,-0.2398593374993562,17.2914772,34.496560035,40.70634168,393.4455326275894,0.0925290909275941,0.0727934652780231,0.28161604,-0.06933611,-0.6566621729256523,0.2151426149766645,0.35095215,0.03747541,0.14297904,323.63557262643593
-10.281758768712306,18.45482140208275,18.19704286,-55.50291212,-1.0673093793679922,-0.4845466238386551,73.69995498,-26.01911505,6.985646645,543.9492422248504,-0.2437418332853803,17.4969068549655,32.8034476,-40.76244748,-1.024044603559923,-0.0220011278461255,73.56589507999999,-13.245944625,16.65092838,493.78463970124926,40.747753667777,3.766357483007995,53.15315336,31.78540129,-0.7731455061428987,-0.0418738076765599,21.36775207,37.51834577,43.55101484,381.4469610613622,0.0939031768074243,0.0739580792236106,0.28314191,-0.07500367,-0.6797160663122286,0.2195489635838285,0.3581455799999999,0.03703945,0.14428693,381.97021897849777
-9.993695846621812,18.58530277253878,19.22701112,-53.428804,-1.1471599793498466,-0.4245201593525,72.65581512,-27.419653495,7.601447975,427.43924108444867,-0.2156805972857434,17.759287647221097,34.7609328,-39.7542764,-1.0379892063039975,-0.0407738669828625,74.5152092,-13.85520661,16.94139087,453.7368712212062,44.097410209439765,3.854192924486485,57.71989149,34.61917585,-0.7861648358946498,-0.1001794342975219,23.100715640000004,40.6790933,47.01149076,405.4567930268885,0.0963716425068639,0.0732193464457885,0.29164324,-0.09505807,-0.6695769939239686,0.2217345062570489,0.38670131,0.03943725,0.14733869,330.9722545424439
-9.921547078621542,18.97815824172285,20.79539529,-53.19120558,-1.1668245192436666,-0.4082383567188779,73.98660087,-27.37278803,8.256485855000001,423.7950579059648,-0.4920132828109188,18.16653879653232,33.2143439,-39.10795987,-1.1051079038968885,-0.0389424589260859,72.32230377,-15.23231232,16.74139202,424.0996865138561,46.29044547861791,3.521482574439788,68.13401502,37.92161268,0.2029192170216345,0.0798672637864879,30.212402340000004,43.39297956,48.85344404,379.2139936331136,0.0980653103526128,0.0712424334305339,0.29186122,-0.08808262,-0.6893268516797724,0.1874749336642388,0.37994384,0.04270699,0.14799264,319.3816858769196
-9.840729860201495,19.08235136229752,21.36106149,-51.98684843,-1.1635739652190815,-0.4088093889557557,73.34790992,-27.39131602,8.45757476,473.66522201312824,-0.5148786897113747,18.142660951048505,34.79907977,-40.4485513,-1.1198576881921178,-0.0490423802407219,75.24763107,-15.526589035,16.527223465,461.2916892788256,48.63648992256518,4.1352048571478015,75.22935194,38.92978376,3.4160201292096524,1.050134696104298,36.29956818,45.51286024,50.94608015,415.4001125918294,0.0975712175450976,0.0720330752280274,0.2970928,-0.11794625,-0.6748988610633231,0.1285033366175547,0.4150390499999999,0.04270699,0.14668474,432.4212265595049
-2.0732889434979587,23.091955980852656,53.21784522,-48.54084084,-1.2183553666202556,-0.1500699882448517,101.75868606,-27.5777156125,17.86214187,422.61642537052035,1.8039161689914875,18.23567469591338,39.25478714,-44.9519313,-1.2312065686686111,-0.1859741652279694,84.20671844,-13.9962073025,19.392476255,470.2307015976436,26.259901971920844,6.385056747373912,52.01573777,-0.50174553,1.18763330243556,-0.9024642214888712,52.5174833,22.98588967,30.28286194,407.76012762384926,0.1029587920736846,0.0582064302519117,0.27408573,-0.04329709,-0.3580151105539957,-0.2660905155196765,0.31738282,0.07550348,0.1432961,339.921680113502
-3.0341927108979667,25.071361501592214,39.89147498,-53.03891442,-1.5351633770562387,-0.1097272363421297,92.9303894,-30.11149285,21.74768378,454.1094338339888,1.8929522426025729,19.683276785141995,37.58940094,-36.37322265,-1.54288519132905,-0.2634897398257747,73.96262358999999,-17.68665535,20.50827568,502.984581025227,33.35600087282944,5.481490616299039,80.67500901,20.41914391,8.110099857497465,1.7851423951387968,60.255865099999994,30.08667588,35.84686875,336.02422521918567,0.1219049956636622,0.0429521539073404,0.3146305,0.01969991,-0.0297516970942814,0.7214360957952721,0.29493059,0.08814648,0.15027155,394.4642794978058
-3.457692089352554,25.120000279252817,40.63152625,-50.2803428,-1.568034060856469,-0.1699602128958143,90.91186905,-31.092687825,20.93896796,457.44115208347864,3.0250555387965488,19.87756220178694,43.3768422,-36.83752472,-1.5297419695129446,-0.227969376695305,80.21436692,-17.26267845,21.4532296,515.0421107828288,44.51672051973989,5.759123742279528,73.04561448,28.44635605,0.0182068285320107,0.2581587300262025,44.59925843,40.2501204,48.62610459,360.30030846187424,0.1221542627005623,0.0456822465433393,0.27081598,0.00705692,-0.5228973180155743,0.6120507652211208,0.26375906,0.08553069,0.157247,382.87664913642413
-2.8498605957552576,25.602543206860016,41.11217811,-50.98115609,-1.5513793476194475,-0.1092458087514672,92.0933342,-30.77088998,21.8632138,419.2677360768012,2.2813396803994683,20.2488307911276,42.75450104,-37.81408722,-1.5619374743500385,-0.2110787014019916,80.56858826,-18.5836528,21.36712807,515.5537797059677,59.67970660589231,6.30786412251467,98.09728074,43.7269423,0.6535995821102256,0.4154420013361575,54.370338440000005,55.13288712,64.10287308,342.45009623242794,0.1254784912856482,0.0405477350785049,0.27473966,0.02732931,-0.4534943322858424,0.5956599123867927,0.24741035,0.0929421,0.15419524,370.2733339883558
-3.3549511530686003,25.00034834325868,40.60972526,-49.76699517,-1.5645631567956386,-0.1367433398091685,90.37672043,-30.86598466,21.20599677,424.3693503239504,2.049873751179609,19.658697806811844,41.11527222,-37.01300079,-1.5164632062400152,-0.2601887951723699,78.12827301,-17.11335975,20.50391548,501.7028033320391,75.00314843000642,5.815538457497377,102.53322434,58.34813523,0.1309505586552442,0.2068980725456906,44.18508911000001,70.87123703,79.10553574,367.9408377791181,0.1264599776562668,0.0423005477040711,0.27038002,0.02536747,-0.420065462759446,0.6348312400997169,0.24501255,0.09272411,0.157247,390.36510907175904
-2.9702751187314536,22.877608955311892,40.00700309,-53.13482736,-1.2386296085387316,-0.2054459504410238,93.14183045,-28.04719613,16.71773269,437.3358695240124,1.7941784358695403,17.956733067898945,40.17685669,-39.61244613,-1.2229717897271468,-0.1778640622077255,79.78930282,-13.74879677,18.98348587,458.6183181987155,86.18931712159205,5.563885292671365,118.95821976,73.37258744,1.1632973273786344,0.647650870433027,45.58563232,82.07555222,90.05916428,344.35486882839564,0.1112898898030968,0.0556941313570781,0.29130636,-0.03784752,-0.4452563340045321,0.0189686583003572,0.32915388,0.0802991,0.15157944,335.64984562950383
-3.692602599145752,24.975895666102996,39.34433677,-53.29613183,-1.48301932626487,-0.1165538842824888,92.6404686,-31.37034295,20.6130841,469.173674855869,1.1746509832990524,19.612206422095475,33.72347611,-38.01245147,-1.5141902472986457,-0.2718362334572593,71.73592758000001,-19.23869163,19.40419358,486.1086695334855,94.83543449591455,3.4953653817493056,106.62585282,82.84938645,-0.1393960728485148,-0.2592267131387034,23.77646637000001,92.58776688,97.3125441,440.8501813698342,0.1240518825997997,0.0407581273357678,0.27735546,0.0159942,-0.1939802560985857,0.5956314331560073,0.26136126,0.09272411,0.1533233,377.2350494532204
-4.391894652329752,24.85686535690706,38.76123359,-52.77951501,-1.494988759179069,-0.1870113340561858,91.5407486,-32.2695205,18.95859458,468.52349499671567,2.311635154343849,19.646623904674655,38.73162812,-40.31652862,-1.4740555650201184,-0.2869966698896716,79.04815674,-17.91662628,20.42326134,483.425536048936,101.1374759015707,3.303853336877211,115.01273941,91.12183213,-0.1529601192942631,-0.0180501121016235,23.890907279999993,98.84931778,103.41060471,415.72559122218973,0.1260807094419921,0.0456123345053344,0.29065241,0.0072749,-0.4792101278497469,0.6236292560326053,0.28337751,0.09032631,0.16204261,378.8170081662918
-3.9136381343049074,25.32703114606355,41.48056724,-51.76371453,-1.484866010341605,-0.1346778822864172,93.24428177,-32.09077523,20.2907417025,480.8613634036858,1.5842840900662891,19.983405781615424,35.64935272,-40.48982651,-1.5064389548379755,-0.2616862738171244,76.13917923,-19.26157982,20.24124687,486.0059281055399,105.41133489678592,3.244370406238241,117.83016037,95.38339066,-0.298805277477435,-0.2653158147753159,22.44676971,103.32341599,107.68852066,416.8056549442335,0.1301407081465218,0.0404694097407105,0.27081598,0.0286372,-0.4190108139915747,0.5986084213476193,0.24217878,0.09860965,0.16073472,377.1398268242371
-4.605192568020453,24.83764736340385,39.01845481,-53.21983788,-1.494483324220903,-0.168932538416782,92.23829269,-32.52347253,18.78202941,481.3546452315085,1.904931466312148,19.643559198621144,38.51909607,-39.57102997,-1.4521283597831474,-0.301583618717584,78.09012604,-17.90572769,19.98511666,446.4309036656126,109.30786901989336,3.2927836768829093,126.05355668,99.07275223,0.3648068569644875,0.1177050653910116,26.980804449999994,107.21985459,111.39967179,429.10461160001586,0.1334019742941992,0.0432645694507659,0.2769195,0.03103501,-0.4278840991017798,0.6311071109376307,0.2458844899999999,0.09969956,0.16640227,373.95834306523903
-3.9128368151231023,22.914062589527653,45.11325004,-51.89777444,-1.1958991818748383,-0.1849305705147347,97.01102448,-28.71967385,15.10793044,430.5984572543694,0.94167129128118,18.13712856518413,39.58503311,-47.96118194,-1.2082648978056372,-0.2176281325649115,87.54621505,-14.523998085,18.1586944425,469.61510193978125,109.8462866955369,4.641200063388487,127.29060959,99.25803971,-0.3733428595202017,-0.4433363279709612,28.032569879999997,106.55500626,113.01274704,384.7839503186991,0.1209576122552962,0.0549538122968534,0.29893575,-0.02716637,-0.3218515521409086,-0.0538524671964696,0.32610212,0.09141622,0.15920884,341.1451431456646
-5.0641034766889685,24.8667203673778,38.20428779,-54.06997369,-1.4808700739569045,-0.1627632948405407,92.27426148,-32.77524255,18.55314757,483.5517405562776,1.683398802730221,19.68411006510614,38.19648331,-40.08437759,-1.4714227136965132,-0.3017322192209121,78.2808609,-18.70572311,19.81073159,531.4780205265213,112.60323747435004,3.002086659031873,125.07263779,102.4405806,-0.1581317186745647,-0.1028231199943525,22.63205719,110.71302628,114.66396164,442.2621064139615,0.139210039411486,0.0444803139690145,0.28890854,0.02907317,-0.3987449246118699,0.6661169614634301,0.25983537,0.10493115,0.17381368,402.1551067331953
-4.732113815894923,25.25467627496221,40.16613319,-53.57406304,-1.4899930765037848,-0.1458082978264898,93.74019623,-32.85153649,19.86322333,497.14056552116944,1.3993393980362838,20.029184790673213,36.96488159,-38.85277588,-1.5031310163103817,-0.2640462154961457,75.81765747,-19.6542208825,19.91209191,504.29376074631347,114.05849608457464,3.041859813255684,128.9254744,105.09997391,0.1868746316996299,-0.1059568508850122,23.82550049000001,112.37514328,116.03180527,442.5415672201384,0.1438836196718665,0.0412156193886308,0.27713748,0.04803766,-0.5223393467467417,0.5847331306060058,0.2290998199999999,0.11147063,0.17490359,394.56116083171867
-4.803358966478777,22.739533564351277,46.67182471,-56.29993508,-1.1804854367348463,-0.2583698846801531,102.97175979,-30.10168336,13.16134479,460.4559616631667,1.1595819738827131,18.028237976711377,42.07221573,-50.34373504,-1.183856519239154,-0.2598521698900645,92.41595077,-13.28885299,18.34479683,458.10917880080865,114.23451164906432,4.168803954835358,128.2606337,104.97463059,-0.5466751727435701,-0.4684473402714998,23.286003109999996,111.37787461,117.28520798,400.7583282660758,0.1300587307948155,0.0550898576617464,0.3046033,-0.01844706,-0.3045102323770119,0.1365992095882711,0.32305036,0.10035351,0.16901806,348.38147199952954
-5.266279421908598,24.829710114934237,40.53561332,-54.19967339,-1.4666827038445185,-0.1208832724678373,94.73528671,-32.306852085,18.36132171,444.18998993775824,1.0609783870945226,19.646356333668606,39.16868561,-41.52633316,-1.4714681626396022,-0.2739217731826216,80.69501876999999,-19.238963905,19.10664719,478.69582801883706,116.97169968068876,3.379332646071775,133.07804703,105.78117203,0.5155908967995146,0.1256572547507698,27.296875,115.05088639,119.03996872,424.89531186331175,0.1520473580075494,0.0427924989537483,0.31942612,0.02776527,-0.1743480562227484,0.6303677327236509,0.2916608499999999,0.119318,0.182315,364.67997402361794
-5.322008174356675,24.81471666577712,37.50238349,-57.17295525,-1.4747647131902224,-0.1694796395189585,94.67533874,-33.02047036,18.56731536,502.5484009825683,1.3109383332660427,19.747149305393904,35.59485977,-38.51163131,-1.487150432016143,-0.2782475640667237,74.10649108,-19.36403114,19.5099141,476.8266670942969,116.97154366395694,2.891989603447843,127.62303757,107.68306565,-0.3741318872178172,-0.3062295724493591,19.93997191999999,115.20347428,119.01817154,453.3892589084172,0.1533592684335182,0.0422519063313224,0.29523004,0.04738371,-0.4534570808661247,0.603252641262097,0.24784633,0.1206259,0.1862387,423.7847338077126
-5.982152612115515,23.867284499076476,40.63697364,-64.19090722,-1.106043811583069,-0.2834130768024712,104.82788086,-31.294049,12.8553514725,408.9339281797451,0.0097151414148756,18.546055636437636,42.01880997,-45.81405288,-1.113749854138104,-0.283155126787701,87.83286285,-14.77113563,17.5513398,474.48772150108175,117.3376062044156,5.113649169910492,137.13253617,106.81114029,-0.3697572333750383,-0.1126244441404885,30.32139588000001,113.83018326,120.57129502,373.8731580155174,0.1443220023522456,0.0562704566129043,0.3122327,-0.00318827,-0.4085964224811338,0.0122179350642185,0.3154209699999999,0.11386844,0.18580272,342.638183983042
-7.52281050052053,27.12807101221752,42.49963691,-65.6012542,-1.428779530252393,-0.2182830565220798,108.10089111,-37.59483788,18.22290351,484.0933154203082,-1.4584299371097371,20.64853685501453,37.45207184,-47.96445114,-1.4304111707779128,-0.2993552689657036,85.41652298,-24.63594276,17.47177666,462.9228333093754,120.27879127655557,3.944191240329524,134.07531571,110.16261887,-0.6322775170749337,0.0629414076982444,23.91269684000001,117.38329911,123.19798874,434.3574077032745,0.1648311700268084,0.0408284858429642,0.31746427,0.04847363,0.0440792983086542,0.6747438132947213,0.26899064,0.13435881,0.19212423,388.41314229573413
-6.9415055031466375,24.339157604611582,41.18955924,-63.9478576,-1.0737363175491472,-0.3155877425947809,105.13741684,-32.47115395,10.38969447,433.9601736084024,-1.4990436811821508,18.706671860354763,37.48585861,-46.61513931,-1.0373937677888587,-0.3450240038575198,84.10099792,-16.413090535000002,14.30121773,416.98707877613384,118.91510072364352,5.328283631881078,135.0943892,107.25255417,-0.6996343060111707,-0.2803395010744626,27.84183503,115.25796341,122.93640732,393.38542812047206,0.1500678380088206,0.0551591924578819,0.32901737,0.0085828,-0.3225534419135294,0.006568248111908,0.32043457,0.11953599,0.18841852,337.407604520767
-3.698888091603112,14.066425336500862,42.95413138,-63.957669,2.866602622128852,-0.9520645893732548,106.91180038,-2.9562969,-1.67564843,452.2068617863117,-1.4455365838451195,10.883396671514548,42.77520722,-48.02439911,2.586358243677749,-0.6106884465681162,90.79960633,-1.98536009,-0.650216,450.3567825667654,110.50038973424486,9.73476187989885,133.81374955,91.04553818,0.0031782256718191,-0.5819116251745488,42.76821137000002,109.63401627,116.66395401,418.8887509095322,0.0914063907195516,0.0521819499723395,0.29784584,-0.04002735,0.481366092261938,1.1362608741363414,0.33787319,0.06046268,0.12760135,367.1575168157908
8.719056396011249,23.361283360317817,69.34883479,-36.40329763,-0.8571133947219738,0.6671969405336877,105.75213242,-7.3636429,29.71194628,376.11773304336936,17.5661430522078,21.245613817985245,77.9108387,-37.80527916,-1.094155835150008,0.4967256425283401,115.71611786,-2.23704186,38.76659355,461.1171532415989,10.881213851569871,7.648886612065226,46.39338045,-1.42657561,-0.3465407697916056,0.5858561311645148,47.81995606,4.02844124,17.54336863,340.11624114756023,0.1133501127777045,0.0794547502872833,0.31923897,-0.0478439,-1.300500899523803,0.0118935864235298,0.36708287,0.03041189,0.17449845,349.8248025990842
8.69110886519852,23.492885493527695,61.91997889,-34.95044347,-0.9058471346915762,0.642944217667596,96.87042236,-7.05737707,30.1013176825,381.30420712106184,18.05344186824777,20.831740576681987,73.60676918,-15.08603325,-0.9568871145852672,0.6025097374578187,88.69280243,-0.9991728325,38.74616012,475.6535045368263,16.531519679603036,7.622325229879856,46.91108828,3.60337525,-0.7457976261908206,0.4078320115628397,43.30771303,10.42623358,22.31174021,321.18285525801167,0.1107297902037921,0.0821534756065212,0.3364596,-0.03629082,-1.2715160790022098,0.0471255419961877,0.37275042,0.02300048,0.17406249,362.38770633832286
9.529658573333462,24.13791924573715,65.99190119,-35.76787969,-0.9021180745128876,0.7040813483443549,101.75978088,-7.33857461,30.959079062500003,408.8993397666707,17.039671412509573,21.0817883858249,75.08578071,-15.08058396,-1.0300535152199488,0.5322322270213143,90.16636467,-2.70897475,37.32899818,456.2780905577417,30.684219752643095,8.440458472096559,67.32516604,13.93030482,-0.104161299455824,0.6101731027309453,53.39486122,24.42617159,36.9601758,372.920970014064,0.1148546097714412,0.0799850252504767,0.33820347,-0.03323906,-1.2565717663292837,0.0964540916710409,0.37144253,0.03171979,0.17907609,348.0773475792511
8.410814979315022,23.8998993466475,71.5526388,-37.91173955,-0.8898858241605621,0.62239607570075,109.46437835,-7.5729067,29.37952212,451.0365360172725,17.53228077011019,21.24860138748408,74.35009346,-17.91435852,-1.128378649174296,0.5122655799386254,92.26445198,-2.11170187,39.43253288,416.0036144167363,42.88527848675011,8.274355157448053,103.14517336,-4.320296,2.6874653416540992,0.3941019094817555,107.46546936,36.8402875,48.70944338,308.7308771096195,0.1143358827727434,0.0776280279378034,0.35106443,-0.02691756,-1.3527564518167403,-0.0449305285269765,0.37798199,0.03084785,0.17471643,318.44665362237265
9.360872509168823,23.193421631942417,60.61971263,-33.3875086,-0.9163361330174092,0.6505990693160026,94.00722123,-6.00016137,30.56098918,462.8226375993043,17.569517866272868,20.84214358458356,73.83565101,-12.49094811,-0.9892811361574392,0.5908155680524382,86.32659912000001,-1.69753495,37.79984245,410.0069495193261,56.57091506503248,7.032965190071127,80.5022214,41.35798006,-0.78800793588037,0.2762923381338447,39.144241339999994,50.98191576,62.22437411,332.37309650150684,0.1140510870687343,0.0801374624748653,0.32120081,-0.05220356,-1.2894109114645254,0.0247474545020212,0.37340437,0.02932197,0.17602433,360.18356374241637
7.023563422107415,21.06466957379618,66.13031367,-34.69758626,-0.3258625141521429,0.9172668589848536,100.82789993,-6.5244095,16.75723342,353.65705593740813,14.450135260420453,20.05315703835965,78.42419014,-16.4168171,-0.7120622747271712,0.7822501225058561,94.84100724,-1.58963337,33.377244562499996,363.5540897068876,64.58152174349341,8.401210726467607,91.19427615,-6.15135069,16.117728735534406,-1.803554559368574,97.34562684,58.97097903,69.77747469,246.0676731163936,0.0972479775199993,0.0797058567375733,0.33297188,-0.04217634,-1.1074283891602268,0.3717436465097724,0.37514822,0.02300048,0.1638173,296.29073474953935
8.114691301182717,22.96240385063359,63.70743922,-36.04580709,-0.7569235530571197,0.6956554596654411,99.75324631,-6.95383569,25.84711245,465.6305611735267,16.65248893306219,20.271445782027428,79.00075111,-15.92308655,-0.9184903732113732,0.6280172406306422,94.92383766,-1.17110672,37.4360824525,502.5374648954104,72.5455905004906,6.845904191598386,92.60571413,61.56497317,-1.0272050451885746,0.4416947129831721,31.040740959999994,66.40419131,78.69296389,443.1788039417316,0.1079816822197761,0.0779463714185443,0.30637798,-0.04392021,-1.3996825519710292,-0.016425643707224,0.35029819,0.02496232,0.17057476,399.72972044503865
8.329851802519766,23.547637999645097,65.49380854,-35.31883642,-0.7677699397165898,0.7871757828040071,100.81264496,-7.83775541,26.9051463975,440.7673155141125,16.319083143350515,20.47474518104204,80.37077674,-15.13071862,-0.8615153431131928,0.6161250298045656,95.50149536,-2.10298243,36.40802345,508.5761891707914,77.89101911702528,7.125895684657734,102.78005343,66.86195498,-0.6889846685952388,0.6299269337196585,35.91809845,72.03904085,84.36051302,379.26599984804136,0.109270308696707,0.0782945417597886,0.32338064,-0.05198557,-1.3091696695287365,0.1010877810680735,0.37536621,0.02932197,0.17406249,408.4308421625768
7.681437263297378,23.409786208879147,64.83005122,-37.60002538,-0.7263501193526807,0.7287726066326171,102.4300766,-8.00015279,24.6288617025,400.309962328494,16.314075196125003,20.507309498463577,77.41711006,-14.91382637,-0.9953171321799066,0.5718256211389388,92.33093643,-1.94167557,37.53281364,477.1226994925608,81.83773640323449,6.276447111619727,100.65472536,71.50498324,-1.0231147497863584,0.5719931384287824,29.14974212,76.64937716,88.16431551,383.303619865843,0.1105384546736147,0.074977634185116,0.31836704,-0.0328031,-1.423747408235695,-0.0100997637205219,0.35117014,0.03150181,0.17166468,354.5779957679473
8.035718336765798,23.088585999414335,62.41044215,-37.2915804,-0.7684478721158685,0.7600479012818651,99.70202255,-7.50424215,26.49343089,437.1388417758231,16.64299521555882,20.56002504198508,82.1102787,-12.28822461,-0.8361609327102006,0.6399743602885039,94.39850331,-1.95039454,36.71755943,490.00530802499514,85.26268687551897,6.103026036663763,103.93536501,75.49952059,-1.004105245163953,0.4925975755598469,28.435844419999995,79.83737307,91.00898867,375.6307347229767,0.112557336853896,0.0769149525537106,0.33907539,-0.03999653,-1.3022439941908692,0.057441778182366,0.37907192,0.03389961,0.17428047,362.3233320336044
6.219986766003496,21.05045656615126,66.98807887,-36.36733266,-0.2492755869388236,0.9128356376998262,103.35541153,-6.78707858,14.765416415,419.0326537535197,14.15217914074579,19.82641472718832,80.03508339,-28.11376992,-0.64699313531482,0.8200759882397176,108.14885331,-1.3814601,31.57125816,404.1240945764793,85.34643859958304,6.582733791359596,105.55933504,77.05809145,-0.8517010711167874,0.6872621890316805,28.501243589999987,79.53764468,90.1043561,337.60859755822224,0.0985396176062757,0.0795049146434196,0.331446,-0.04065047,-1.270705606369566,0.3134045050360644,0.37209647,0.02365442,0.16861292,318.47171330268344
8.439906155947336,23.4103714262156,67.17009333,-34.38369008,-0.7543314941676469,0.7754521968681756,101.55378341,-7.16636869,26.50542048,440.7877186098448,15.936565730431385,20.18209652865916,82.89065132,-14.36124077,-0.815687146426761,0.6654876938795558,97.25189209,-1.97655287,35.832821457499996,463.9724680287597,88.22461704766384,7.32122446503512,110.87265902,78.2678998,-0.7781164248628691,0.6202171546139588,32.604759220000005,81.96270876,94.89997988,360.22420052560153,0.1145492254765356,0.0798570979617257,0.33013809,-0.04697197,-1.3185928823040631,0.0846193599898166,0.37711006,0.03302768,0.18038399,362.16946289612395
7.321897901795835,23.286327461881715,68.58153132,-40.50791189,-0.7034661354466074,0.7420299540052708,109.08944321,-8.17453882,23.776822365,426.24609019210726,15.769660683535356,20.327001739799694,76.660709,-14.84843102,-0.9585970824262486,0.6002715360788389,91.50914002,-2.30243674,36.48649559,438.3869940436329,87.74562389917948,6.295903867597314,106.15333681,78.76925783,-1.0156411670569163,0.6375900034082818,27.38407898,82.18613558,94.19698458,381.6896861789224,0.1147985578598725,0.0752743437107942,0.30768589,-0.02822546,-1.4184849937792796,0.0057025890340468,0.33591135,0.03629742,0.17667828,356.4181815776182
6.417481386841261,21.045736200286708,67.15810755,-37.1542513,-0.3077158827330368,0.937390763864772,104.31235885,-6.69116613,15.9408882,448.7239952885998,14.103536691672351,20.01653107873853,81.96313819,-29.85763207,-0.514676812991687,0.8721898623104019,111.82077026,-1.78581801,31.64945945,418.013062392986,88.14049248798341,6.354745268408431,110.75277071,79.63028841,-0.6341964178827277,0.7311784322619007,31.122482299999987,82.7201932,93.13431673,395.35655071200864,0.1036178892873089,0.0805150148012143,0.33994732,-0.03912459,-1.1526883269741186,0.3800236872405933,0.37907191,0.02932197,0.17231862,367.0067052399421
7.135902301230272,22.78776766992457,62.79409007,-37.17168828,-0.7308813171339783,0.7502434971462103,99.96577835,-7.83993551,24.2375824825,474.9498425787603,15.735861687135904,19.930482652432676,77.24272499,-14.13780823,-0.8874829029844622,0.6439032036028663,91.38053322,-1.79562703,36.06578788,488.2784118442483,88.56539194325873,6.683561218123371,111.33042269,79.6738904,-1.1484910185816388,0.4766788537489827,31.65653229,82.11529665,95.47763186,402.9035534969235,0.1154839519141266,0.0773562677599311,0.32621441,-0.0402145,-1.4119212032307746,0.002452169893319,0.36642891,0.03455356,0.17907609,371.0498838583999
6.995037244564549,23.009723407776843,63.55921153,-37.23490163,-0.7029012863781889,0.7754915238767688,100.79411316,-8.4876165025,23.2659252075,458.8988913729202,15.144438297870106,19.950913840844628,83.32226142,-13.7617878,-0.93807369150688,0.6159354933878036,97.08404922,-2.63922015,35.72246513,480.53894907266744,88.82708939545934,6.342958721508697,110.9217084,80.04445772,-0.9068370997308768,0.6728948126049921,30.877250680000003,83.27060061,95.19970827,397.6959330178998,0.1172960695772224,0.0745665441734248,0.32120081,-0.02648159,-1.4363966313432164,0.0258829777366788,0.3476824,0.03934918,0.17929407,376.6917505763891
5.990269760537037,20.764835701784467,66.21423701,-34.57224294,-0.2131241174292006,0.9730951181388356,100.78647995,-6.74457237,13.382315905,430.7469916612871,13.33819275255058,19.533669826283106,78.3402668,-37.49574318,-0.5142415022825104,0.8757931571811803,115.83600998,-1.90788832,30.00505218,473.4156479801789,88.57080954787622,6.491520295128054,109.00345736,79.80467348,-0.7445834916979219,0.7002823572612571,29.198783879999993,83.03627138,93.81006747,340.99052182357144,0.1057436962561238,0.0799783606694737,0.3604377,-0.04348425,-1.0362226677455904,0.4129434379020535,0.40392195,0.03237373,0.17406249,336.259648630245
6.704447447777472,22.58000874368937,62.07256678,-35.64363118,-0.6621099296428175,0.8062104074056387,97.71619796,-8.27590104,22.1166108025,481.8494198928514,14.816830624598811,19.49093815913427,78.86124763,-13.52636567,-0.8846041666040594,0.6521677014451692,92.3876133,-2.23595229,35.04672203,546.6869657439627,88.28208339078238,6.45397105822065,110.83451205,80.06080752,-0.9939669885534056,0.5990485376083479,30.773704530000003,82.36052065,94.69289522,392.4629545837049,0.1171063367298688,0.0751240881877083,0.31466133,-0.03389301,-1.4484064329072326,0.0189136940304194,0.34855434,0.03956716,0.18060197,379.28729129341866
5.0912171839416995,20.13113014604955,64.94013194,-36.87305089,-0.0489579160568562,1.0547814994173093,101.81318283,-7.1372136725,8.043919715,434.5284869854613,12.516790510575332,18.593488539594897,77.27433357,-32.47233239,-0.4354884447310487,0.9236795563735812,109.74666596,-1.61252156,26.810788245,405.7249340706369,86.65997980467266,6.2963357776241,107.07431155,78.76381045,-0.6357673726066664,0.8223235860035323,28.31050110000001,81.36869936,90.59481936,380.86783399412593,0.1014191964030185,0.0774600978809693,0.3477947,-0.02800747,-1.0105105943181545,0.4638702587057983,0.37580217,0.03150181,0.16861292,349.8558739720361
0.1368586735702381,11.248003735088114,62.77338389,-37.73626348,9.612247278691584,2.8746401890023776,100.50964737,-2.16584536,-1.07811161,390.08988930022167,2.9852164733601674,11.09459150768322,68.02314338,-26.75573769,7.463120350835828,2.870631569151524,94.77888107,-0.92587605,0.02888832,405.0341499284452,77.73654630485605,9.281051633197904,101.3032239,60.36061983,0.0388383078148573,-0.5880250146165853,40.94260407000001,78.97634249,81.12347536,349.30277759890663,0.0457095003405708,0.0521922818711517,0.27302664,-0.07509174,2.874291070604894,1.9244739288778152,0.34811838,0.0227825,0.04022111,320.3534169415122
8.623203678114063,16.090952373903708,50.82323141,-30.46034175,-1.1133198253076846,0.3754993358166184,81.28357316,-4.2359324,26.59227247,444.9389475939496,8.852732219892331,22.521198750688892,60.13287519,-30.5762694,-1.5366162564749668,0.4075311208415786,90.70914459,-9.75020147,35.90736555,418.4131338481819,12.097047767751135,6.464836728399184,33.26052821,-2.2107079,-1.0597318335741006,-0.1911002527211995,35.47123611,5.5440265,16.82463038,363.0446041957939,0.0937098515202217,0.0568041051736075,0.24588008,-0.0453448,-1.2069838807808744,-0.2002783983679688,0.29122488,0.03618072,0.13906856,329.85696031322027
8.9078656881922,16.13554308494094,45.20799703,-27.40640383,-1.1284349217127387,0.3159061249461515,72.61440086,-3.56781536,27.12905473,467.1944089191584,9.506150786446678,21.921817438286276,52.40320753,-23.18229509,-1.5635883480132762,0.4594195140279034,75.58550262,-8.90333868,36.07194303,478.6453913863139,16.511626724138942,7.200913840391198,38.80273784,1.97455991,-1.0617880040702314,-0.2236492942779437,36.828177929999995,9.3478247,22.19245494,436.0047473848072,0.0916356715923105,0.0587340356564199,0.24914982,-0.03815138,-1.304879923465453,-0.2288193433818075,0.2873012,0.0289873,0.13841461,390.0388758354798
9.382110038197895,16.47282032947189,47.77910299,-28.53555422,-1.1798539511663568,0.4214863349284213,76.31465721000001,-4.22830301,28.03967733,508.1803683950872,8.603823460206653,22.63679006145855,52.7312715,-29.56809832,-1.5482986140771051,0.3853723019847494,82.29936982,-10.31259657,35.54551481,471.19535937658605,26.91407728695595,6.861066343815722,49.12966884,9.90368045,-0.368406419498068,-0.282828494088658,39.22598839,22.63387073,31.94173015,371.12340093196366,0.0926475914977811,0.0547807984526355,0.25154763,-0.02616233,-1.194255024775699,-0.2271104873301424,0.27770996,0.03574476,0.13536285,355.7337268010472
8.917616787967482,16.66661523685819,49.69299001,-27.25817614,-1.1155165854419329,0.3250302775315027,76.95116615,-4.166722945,27.53177709,500.81500246928294,8.865454957995233,22.981661414942412,52.54380583,-30.21659685,-1.5709244480865578,0.3810279658239617,82.76040268,-10.06736589,36.45886396,405.7529351660128,38.87393831855671,6.352141815967349,57.83262599,22.73741115,-0.684085248952313,-0.104595936399786,35.09521484,34.30684245,43.870834,366.66214097334534,0.0943118534468926,0.0518753267882876,0.22691558,-0.04076716,-1.211236944283859,-0.260904467480245,0.26768274,0.04119433,0.13558083,376.9528610762327
9.163093095487936,16.286409664310682,46.92678899,-27.69523173,-1.1728519080830937,0.3575234233454399,74.62202072,-4.02230936,27.70125932,469.2692553543257,9.56804905008662,22.222138766735696,52.48931288,-23.98774172,-1.5679423950204194,0.4452623792636591,76.4770546,-9.10170294,36.50900053,450.2588047155923,50.040272933028504,6.844181012642195,72.97152675,33.99076808,-0.8562984808869172,-0.1408314763162303,38.98075866999999,44.55747951,55.52745784,437.0320260077624,0.0923284453549212,0.0560142959630033,0.23410901,-0.03052199,-1.302977673033042,-0.234188875437583,0.264631,0.03225704,0.13688873,390.66988679059034
7.368431070609112,15.132216701251515,51.30823964,-33.56877452,-0.6850406587856894,0.6618080839258652,84.87701415999999,-2.63702934,19.841347405,432.9195645556419,7.69810249911978,20.805632069275617,57.53997206,-28.61006571,-1.1882207425535545,0.6043993927673835,86.15003777,-8.60252214,33.0545175,432.36265668457986,58.20919976323764,7.360173114690218,87.76709712,44.66647304,-1.0038463982708257,0.1644354010296157,43.10062408,50.90077556,64.26856196,331.4949200623137,0.080012906621708,0.061229709211333,0.26724239,-0.05297419,-1.2848745575373,0.0921852934050099,0.32021658,0.02222983,0.13340101,354.77717014792256
8.243523817162801,16.092469506074423,48.25321264,-30.61728983,-0.9635858150574292,0.3358242478968913,78.87050247,-3.46863323,25.40099592,479.314221636701,8.959327280671435,21.99058692333959,58.46203779,-27.18445803,-1.4631547066415125,0.5006042161610644,85.64649582,-8.90224863,35.65995573,470.1712657223596,65.93096600882983,6.7485414320071895,85.2984463,51.64736903,-1.3027180370041922,-0.2314726424558376,33.651077269999995,58.88984263,71.3421017,454.6193416252543,0.0906245821240625,0.0567908186021169,0.23498094,-0.04752463,-1.3794350597132223,-0.2395730536729424,0.28250557,0.03094914,0.13841461,390.87338540138273
8.88278970192287,16.333568507446994,51.29625387,-26.66853266,-1.039246811613816,0.4891397195094559,77.96478653,-3.88933998,26.89853734,527.008894431076,8.200799236672983,22.496945180586813,56.75523161,-29.60079599,-1.447324834244035,0.475232178486504,86.3560276,-10.01723028,35.47031187,479.02649501462594,71.32504350766932,6.264180798116808,89.71259273,57.20047725,-0.9707426307685556,-0.3894937557724363,32.51211548,65.55466426,76.00693477,374.80990497360693,0.0921516099851559,0.0555274073376924,0.24696999,-0.04599875,-1.3076598464001026,-0.1959764727498012,0.29296874,0.03443686,0.13754268,352.91701433889506
8.16483392383563,16.64745661955797,49.9850852,-30.33173304,-0.9436658410812746,0.4109498229262051,80.31681824,-4.42884713,25.57265825,504.8217679736679,8.197696040419006,22.656013889037023,58.14923262,-29.84057833,-1.445265662386855,0.4599871128859722,87.98981094999999,-9.9943421,35.50300764,415.26491368639705,75.27577801319924,5.544548947090345,89.49461329,61.84350932,-1.1221192007663752,-0.2770718938329467,27.65110397,70.11595119,79.65814174,399.0149691341066,0.0937576824073406,0.0522664652744515,0.24173841,-0.04316498,-1.31240445598181,-0.2571904745414755,0.28490339,0.04119433,0.13754268,384.0887696433952
8.354175205812261,16.420561040646206,48.80362005,-27.16662341,-1.0298611781295954,0.4501237405316996,75.97024346,-4.60105353,26.20698709,489.90662673263904,8.673860862142318,22.190321513856873,57.83097624,-27.75993181,-1.4510616723810938,0.5110104615135044,85.59090805,-9.368186725,35.61200117,439.5510867304093,78.44981688434952,5.979621832993305,94.76434291,66.41569484,-1.2952803189157296,-0.2324010112450791,28.348648069999996,72.06689418,83.26030696,417.53146148565367,0.093990019864504,0.0553668203700032,0.24653403,-0.05493605,-1.3620429313721494,-0.2032533268052892,0.30147008,0.03618072,0.14037645,381.6340581753116
6.613721882543379,15.060565706915584,51.64502401,-29.95135241,-0.5928481981533089,0.6640541720578071,81.59637642,-2.43866509,16.51711149,460.29812733859904,7.317354161462512,20.716493983817827,60.37156462,-40.86505343,-1.1297214214038085,0.6537437302802893,101.23661805,-8.66682745,32.338445414999995,418.63997943828593,78.79226488445912,7.144190934411666,100.68802608,67.15683711,-1.3397910485972675,0.0291902503996445,33.53118897,71.83256495,84.92515147,354.9328863702064,0.0826045448863825,0.0618312177541681,0.26244676,-0.04839656,-1.3722691551528388,0.0856840769773284,0.31084332,0.02440966,0.13906856,338.51923614914926
8.363987931128577,16.29128462674961,52.0679099,-29.07070284,-1.000401779200303,0.4636934922010083,81.13861274,-4.1847065,26.19499845,492.13617302218904,8.214312124440672,22.04560404410497,57.17267012,-28.82150866,-1.444742871432062,0.5171911376971072,85.99417878,-9.77635885,34.95042204,457.4164594714656,81.06503537841827,6.4292772203102615,98.55179561,69.34756434,-1.3085858420821972,-0.3031487613814999,29.20423126999999,74.05599177,86.07773555,419.4143678499309,0.0954485003973412,0.0571601854665657,0.24348227,-0.03706147,-1.3616336588143068,-0.2157403797430624,0.28054374,0.03487283,0.14255628,384.66316633944086
7.708779345926748,16.59989619895039,53.63629598,-30.08541232,-0.9206985948568284,0.4106814272958075,83.7217083,-5.01304083,24.81135244,537.8159087820071,7.690007451525143,22.692440300891793,57.23261427,-29.7337668,-1.442836340834056,0.4769453866693177,86.96638107,-10.7638209,34.96241163,445.8706224631851,82.5003857392404,5.460096115622117,96.26842463,70.71540034,-1.1918725929343907,-0.2505006632158512,25.553024289999996,77.22763789,86.73712886,452.40579621672015,0.0983411130174214,0.0526756487007636,0.23912261,-0.04316498,-1.324468266276715,-0.2274640596761898,0.28228759,0.04577196,0.14299225,414.8685266134605
6.601161687018081,15.281530337955417,49.19489736,-38.00581294,-0.6944615668791063,0.6945022588555089,87.2007103,-3.51549965,18.5846774,449.1586573983855,7.354488139340425,20.684842054207255,64.63857435,-44.64051271,-1.129094666236533,0.6963097639148896,109.27908706,-8.735492,32.69757246,416.39484153130235,82.15877574644867,6.819975653486958,104.33378566,71.15136683,-1.2762758902501905,0.1095026702890561,33.18241883,75.46742976,87.91968501,360.5396852390893,0.0862523163146328,0.0621572384544231,0.2683323,-0.04011323,-1.3803828140235626,0.1060285871622743,0.30844553,0.0276794,0.1423383,348.39765939871535
7.456747334474003,16.0303655553229,48.70770711,-30.42764407,-0.9273292195277514,0.4226213048217648,79.13535118,-4.39070016,24.14650602,536.9710839466475,7.82184649827417,21.92817369212868,57.03098082,-27.03405024,-1.420166942264698,0.5232917830023888,84.06503106,-9.90714861,34.41527342,511.6224432421104,84.06358479562661,6.344846816522307,99.89783443,72.65000117,-1.3908493469592618,-0.3187724343000838,27.247833260000007,77.32028163,89.13494075,454.2928148910238,0.0983140534589074,0.0557390131226388,0.24522613,-0.03313777,-1.404027667341533,-0.2168834095235795,0.2783639,0.04010441,0.14539006,408.71826935904056
7.538324177075519,16.06557245040552,51.52949209,-28.14209681,-0.9135456676263316,0.4955579965746763,79.6715889,-5.01958018,24.064217274999997,521.4637569352492,7.1215880167780545,22.27080948475409,54.49693083,-30.01823259,-1.413578428044842,0.490875658476793,84.51516342,-10.94910646,33.82999205,481.5991490594358,84.4312568787033,5.5010215293604325,101.91417659,72.84618342,-1.18195404745525,-0.270823413494439,29.06799316999999,79.11318934,88.73712123,428.36245368126254,0.0997788525807414,0.0526970215784971,0.22713357,-0.02943207,-1.379785450710696,-0.2372603315449223,0.25656564,0.04577196,0.14473611,399.03650735090895
5.99862742032785,15.20721160827567,51.42813177,-45.02485591,-0.5655803832903952,0.6956227819048131,96.45298768,-3.45446449,15.88441629,455.2688013273188,6.686764709279965,20.42072280660924,58.11108564,-41.10701204,-1.0750532245890398,0.6998159027444953,99.21809768,-9.06573607,31.29158186,427.832091650419,83.72590270687256,6.916030030182674,107.45093501,72.41021693,-1.2674069098470742,0.0999134738411781,35.04071807999999,76.99875606,89.6417538,368.0328971722994,0.0883070479240354,0.0613563909236005,0.26004896,-0.03967726,-1.3349431366301374,0.1293738700576717,0.29972622,0.0313851,0.14430014,350.478311970943
7.083127850050075,15.803751438491927,50.76982564,-29.20258265,-0.8876934307959985,0.4991174836766724,79.97240829,-4.72421365,23.25386686,502.2673594368344,7.15368241805864,21.90693648262723,56.91436171,-28.20679689,-1.3810641690866916,0.5349034100290893,85.1211586,-10.58943487,33.63925718,450.1791838074008,84.60254823673931,5.872761555554568,99.18939174,73.57642329,-1.3174170250425714,-0.2811780464753437,25.61296845000001,78.63362849,89.31478084,423.3680924874261,0.1001840799889928,0.0543272051120786,0.24261034,-0.03073996,-1.3954703274659588,-0.233935189654015,0.2733503,0.04468205,0.14691593,393.20281163247535
5.477935206916535,14.41727365591849,47.86738271,-41.4139741,-0.433114835920295,0.786319092557271,89.28135681,-3.16018777,12.175986,489.12811545446374,6.312798272388039,19.67050366763878,56.6429727,-31.09615732,-0.9536929910462492,0.7767181570548687,87.73913002,-8.55674578,29.86379599,401.7704475069121,82.63145289918877,6.729916399086479,105.00408137,71.90341151,-1.277439658214678,0.1586846139450184,33.100669859999996,76.01238215,88.64447749,381.8260793778441,0.0857124053943375,0.0605617155819151,0.26855028,-0.04621674,-1.310947399873124,0.1991364586490964,0.3147670199999999,0.03029519,0.1423383,362.7648816193824
0.1997038078050113,8.36414346924193,47.03033132,-30.86143046,7.530289167921977,2.4275871765115817,77.89176178,-2.09752207,-0.79180568,451.9396437190677,0.9580696187234076,10.984483055270085,59.18029188,-28.25366427,6.002789645026565,2.3800565575337207,87.43395615,-1.46467866,-0.34533746,410.40983676823834,72.09943409398217,10.197763238044372,99.01500667,53.80539668,-0.2679378680133872,-0.4033408409722174,45.20960999,72.32302821,75.73445857,364.6771382151734,0.0335142755335542,0.0462949854859186,0.22146602,-0.08370976,1.814028744271936,1.6083777561718695,0.30517578,0.01133069,0.03378291,333.09824102413484
-4.449187500752635,22.162050261071823,40.75667803,-50.55300673,-1.1335654938341413,-0.1316804833397924,91.30968476,-28.44601973,14.37968103,467.98064957750495,-11.297197689920663,19.193334412380704,28.3654833,-64.0025091,-1.1597581322438062,-0.5893417932069022,92.3679924,-33.0715799175,5.788742797499999,451.9395824983397,14.587977651726852,6.689845230573985,33.55959116,-1.33943762,-0.4222043819326959,0.1360809810723121,34.899028779999995,10.51337133,18.52423654,404.44463084140904,0.0970753302234394,0.0616380792707683,0.26444384,-0.05795258,-1.0223293507383444,0.022028878379143,0.3223964199999999,0.0431914,0.14586125,357.6934162660454
-5.2025132114973704,21.596640185895613,38.26622621,-47.83585509,-1.161475507987685,-0.127891974693424,86.10208130000001,-29.52421721,11.7603460975,534.7761931825561,-11.658609194745338,18.626798691107528,15.09251692,-60.17909144,-1.0984095827893658,-0.6490919475729878,75.27160836,-32.68711184,4.6456957,517.3814534514186,20.94277121227577,7.084864194811791,43.45055567,5.59241234,-0.3876338090756994,0.2388211225617457,37.85814333,16.19182001,25.51058183,401.51086045987125,0.0940722040802491,0.0635673838720965,0.26161007,-0.05075915,-1.0340505397620363,0.0531103656108108,0.31236922,0.03403613,0.14171958,398.8441538419718
-5.020500658145623,21.95280799238268,38.32507936,-50.8788925,-1.2025204905716091,-0.2349279099316904,89.20397186,-29.3890663,15.35733263,489.60715094692097,-10.933710692243617,18.907392820729054,16.24891569,-62.30660151,-1.131888030037101,-0.6044630661839285,78.5555172,-31.88820551,5.81517317,505.55474370427294,32.69205207610771,6.907780251688593,57.27610956,15.81035028,-0.2479021548825892,0.1778560470922553,41.46575928,27.7939509,37.4124354,428.0237577306618,0.0948645224465999,0.0580806168181881,0.27316315,-0.04334773,-0.8586101001271622,0.0440734379567018,0.31651088,0.04340938,0.136488,384.1299220610539
-4.233517622357813,22.476098802060115,40.2389702,-49.36827238,-1.1627534689289618,-0.095834497758927,89.60724257999999,-28.77435644,15.20801489,489.492364327979,-11.514725209447212,19.313984463830995,16.74482633,-61.55129145,-1.1876390581205116,-0.5808653992345082,78.29611778,-33.77593516,5.77593614,503.2396527908633,46.6302731247157,7.0103255926633,69.6248263,28.87296472,-0.2122039175999752,0.204580665303968,40.75186158,41.72304331,51.18349252,434.293234507527,0.0969515717287116,0.0584125166566697,0.25267277,-0.03724421,-1.0204055198840316,-0.0233360958398888,0.28991698,0.04406333,0.14171958,383.88333552162806
-4.7755945778211935,21.550519331968356,38.78611604,-46.24458082,-1.180213775466211,-0.1509461624022267,85.03069686,-28.9114127975,13.76170007,388.3059859671714,-11.714005158606795,18.91303429915016,17.68542196,-63.45537089,-1.1135583769152586,-0.6371135612538675,81.14079285,-32.89855479,4.92689373,400.31636025314793,58.30112547174277,8.419590980005973,79.10708032,-4.66367378,14.963867277128715,-2.1592289467742862,83.77075409999999,53.68484674,63.18889032,278.1625311106893,0.094203277729773,0.0604092838235038,0.26248199,-0.03811615,-0.9594440308960248,0.0484440498009706,0.30059814,0.04122956,0.13953975,345.33935758694577
-3.5500840017753905,19.881462105102543,41.2089905,-49.12740095,-0.7496420723424295,-0.2919197625405879,90.33639145,-14.465425805,9.16771452,430.90041042497904,-9.600039454678166,17.84789776794411,19.22328855,-65.15345667,-0.7327520960586971,-0.8335871192478306,84.37674522,-25.6078519675,4.36231853,442.2607047055763,67.39376733829344,7.280688076154941,91.30320917,53.91372858,-0.5374114110278412,0.3999601874929675,37.389480590000005,61.37963281,72.29511438,391.453136728502,0.0799664268546481,0.0644310893667291,0.27490701,-0.05206704,-0.997097522445214,0.2472962215390015,0.32697405,0.02139313,0.13212834,335.39583803403843
-4.466245072163931,21.439270182903527,41.36266939,-49.13939055,-1.0123426542715157,-0.0941876696131097,90.50205994,-26.75801619,10.46035139,508.2960466131317,-11.45031825442641,18.685671854002223,18.23909666,-66.68587778,-1.0261839358524638,-0.681702429406567,84.92497444,-32.557139857500005,4.40918447,538.312233702869,75.33384363046063,6.5850960666957405,97.54841028,61.71205698,-0.3421976466783074,0.2672972330272906,35.8363533,70.72019373,79.2378634,447.3531269285753,0.0914153772814996,0.060826338852814,0.25419865,-0.0348464,-1.071020354729495,-0.0173007615506134,0.28904505,0.03621596,0.13975774,405.572613749631
-5.027285848010195,21.717219806556052,39.14033739,-52.23910292,-1.0667379084917497,-0.254812804433654,91.37944031,-27.94057234,13.17532579,470.3370988120785,-10.872297396964818,18.94385212450397,18.00803663,-64.91367625,-0.9930529532234668,-0.6810854526105885,82.92171288,-32.02335451,5.34651043,488.6510405437671,80.31422439949854,5.871302169386448,100.78000818,67.15072809,-0.1240958075470977,0.2609795481677082,33.629280089999995,76.38229547,83.53212915,408.8126898983524,0.0918757091451736,0.0580838530673567,0.27207323,-0.05272099,-0.9616908707217768,0.0112269611858916,0.32479422,0.03948569,0.13605203,378.5135955987951
-4.318615369360439,22.021970321613573,41.67329637,-50.84728392,-0.9985097681915982,-0.115672633559099,92.52058029,-26.07245978,11.90230695,503.91993767038736,-11.198472822299902,19.15717002385358,17.67016317,-66.6455488,-1.048573404349901,-0.656792486770128,84.31571197,-32.89310549,5.32689192,505.7525739752639,84.42549254987907,5.811924877663945,103.15601526,71.37413965,-0.1186723189078033,0.3185513446208459,31.78187561,80.70379816,87.56480585,449.84062663764973,0.0935409074425325,0.0569858386982526,0.2548526,-0.04116791,-1.0509823869334278,-0.0449203308717166,0.2960205099999999,0.04166552,0.13866782,396.7640277167831
-4.923171551451156,21.347906428517817,39.87275926,-49.07835539,-1.0532830481340771,-0.1921720468955594,88.95111465,-27.329675755,12.35135118,437.1783593109299,-11.340559957366724,18.981081717115018,16.38079549,-67.21775339,-0.983477171476178,-0.6965980543273196,83.59854888,-32.488475305,4.93452312,448.66608778500887,86.86108643065823,5.990414222345908,104.89988123,-5.20863046,17.20231264682223,-0.8891653732317369,110.10851169,83.26510034,90.33318506,333.5436663235334,0.0932548858985612,0.0578311737625985,0.27512499,-0.04857931,-0.9799905145810808,0.0214260257708318,0.3237043,0.0418835,0.13844984,374.4941199266727
-3.7232958142043264,19.929465182069706,42.55176393,-52.55190809,-0.6901611297786858,-0.2183027807984152,95.10367202,-13.17987307,6.84292833,476.6315333071024,-9.861461836625978,17.929246795081173,18.98241903,-66.60631083,-0.6435445326455338,-0.8851505375428789,85.58872986,-24.4691643575,3.86640789,492.26745260110505,87.07054875321195,7.131520579408709,108.06607996,75.11799036,-0.6669129133634537,0.311307371332945,32.9480896,79.59753595,91.4122027,390.68140300567126,0.0814599848623259,0.0662701902785051,0.2851522,-0.04923327,-1.0316543335704214,0.2288339574365075,0.33438547,0.01659751,0.13583405,367.34224663387056
-5.460561419699783,21.57905118006971,39.15014498,-49.78025969,-1.0515123204058834,-0.2134125539599812,88.93040467,-28.26427611,11.3592576175,502.93885418528697,-11.226926563727504,18.85311450819282,16.05273153,-69.34744547,-0.9403399243524824,-0.728184998849256,85.400177,-32.222264755,4.74705793,464.37713686590166,88.66839872736851,6.0487113984616165,107.55926691,77.46130548,-0.294485268660916,0.3209524211737825,30.097961430000012,84.48034845,92.05524622,412.19905839352066,0.094707371495394,0.0603200196670657,0.26923946,-0.04203984,-1.0227786852017176,0.0425663418741973,0.3112793,0.03992166,0.14106563,376.1891017966547
-4.752895607644976,22.051905786344964,40.22262041,-52.01022108,-0.9957297038779012,-0.1227582541465357,92.23284149,-26.234312135,11.68432466,507.7956266842516,-11.161850612381173,19.16025347760348,16.94101049,-68.51910685,-0.9918233381808036,-0.6893815241084478,85.46011734,-32.22716807,5.23315908,459.7234174242864,89.77712383890069,5.766083927703645,109.57016168,78.54577051,-0.1629072273532248,0.3245506107161392,31.02439117,86.08797632,92.7909411,447.0260602038788,0.096847032979283,0.0568429692667581,0.25572452,-0.03964203,-1.0739447089539254,-0.0413293946984603,0.29536655,0.04428131,0.14193756,371.2032207745929
-4.545575827333214,19.890345566422415,44.36647264,-51.7094055,-0.7174022392385573,-0.3082086044822861,96.07587814,-15.2643328475,7.76390592,499.6582986686017,-10.076400120082551,18.169886241896396,26.43633749,-66.96380137,-0.597740727316169,-0.9117730762794324,93.40013886,-24.822841155,3.98084881,424.51967757802635,88.77096017987887,6.778573669608983,109.49931513,77.61389337,-0.4930800864716271,0.4269161920115233,31.88542176,82.1860827,92.88903223,405.3515625380782,0.0841481648227747,0.0661907646252258,0.2927816,-0.04661747,-0.9653022490263088,0.2711779246517034,0.3393990699999999,0.02226506,0.13670598,338.70087467036666
-5.282701292735778,21.429215212057855,40.46349184,-50.8919731,-0.9806502257497636,-0.1340656136703652,91.35546494,-26.72531851,10.058718605,492.6047198752291,-11.24234081039505,18.66804009302525,18.44182111,-66.54854868,-0.9601004072754264,-0.7214996417151508,84.99036978999999,-32.28820322,4.4353428,474.5178692549917,90.11262338062832,6.126485974129074,108.93801294,78.88909326,-0.4251802317584303,0.2164451825960931,30.048919679999997,85.73375116,93.84815393,425.71759709035047,0.0967263295782231,0.0595082797151963,0.2688035,-0.04530957,-1.0522571663171476,-0.0366431213675198,0.31411307,0.04166552,0.14346344,377.46763299377847
-5.220306886284157,21.62740787361766,38.89946596,-52.9682556,-0.9927118882216744,-0.1695205600979611,91.86772156,-26.38853606,11.2884136875,451.3294882200505,-10.9323151838448,18.818867707333204,16.21185781,-67.94908427,-0.984661860700898,-0.7049818291975485,84.16094208,-32.03970431,5.08166124,495.99391236733226,89.97404253481925,5.626939238457533,109.09060083,79.21061884,-0.1617290652605989,0.3224432824464654,29.879981990000005,86.41494928,93.0743197,421.0203927309625,0.0978131356197655,0.0559699497949273,0.25812235,-0.03964203,-1.0672869309061714,-0.0919544565928312,0.29776438,0.04711509,0.14215554,392.86234875610427
-4.626303163024103,19.808368198374655,40.72942964,-54.87669523,-0.6604580585527304,-0.2893036423240148,95.60612487,-13.5447214475,6.47562782,462.533041134812,-9.906673096765086,17.974680067731722,30.91697027,-68.62156199,-0.5711943260742203,-0.922362385358892,99.53853226,-23.7331995775,3.89583542,432.49736755460617,88.78030167918205,6.759853318688319,112.33309351,77.70108972,-0.5239627921018126,0.3784312546960101,34.63200379,81.98990045,92.94897638,371.7122462411166,0.0857500572312954,0.0650174423597293,0.27534298,-0.05511879,-1.0114801943294216,0.2891843487085868,0.33046177,0.02640673,0.13953975,353.0030577839471
-5.575227434069868,21.24805431694799,40.5201668,-52.89959105,-0.9358139590327968,-0.1794125762260847,93.41975785,-25.6166039275,9.50667707,466.30616352970014,-10.915282701495665,18.54239244724483,16.27180387,-69.06733988,-0.9311336997338304,-0.7423399154921585,85.33914375,-31.75305651,4.59337999,492.87055958724216,89.65462033759009,5.790764173475954,109.64645563,78.92724024,-0.1969625125273291,0.3105288741055042,30.71921539,85.6792544,92.88358484,440.6284625405379,0.0978042844347772,0.0571861112310493,0.27468902,-0.04116791,-1.0723989705892278,-0.0688352039934461,0.31585693,0.04515324,0.14324546,396.8053814560396
-4.806773999888241,18.87172496629143,40.24768678,-51.1699005,-0.4764241063952394,-0.3324468784406137,91.41758728,-10.82565935,3.13177292,427.5781341741788,-9.416443930581805,17.163663083700154,26.58892538,-68.96270274,-0.4243808556870605,-0.992292323929318,95.55162812,-20.2182287975,3.26150562,448.9752849812621,86.66531137116523,6.452176965085764,110.37124811,76.44223963,-0.4672628676348087,0.4208099276023998,33.92900847999999,80.18609033,90.67106043,382.91453884314103,0.0817882964780395,0.0630142691069353,0.27774078,-0.04574555,-0.9511497776131196,0.3345413280118047,0.32348633,0.02400892,0.13409019,345.33191528687576
-2.2274222001343817,10.077201879869843,43.49017946,-51.78025206,6.382445944473988,-1.0950429280777472,95.27043152,-1.83932265,-0.78210655,485.8194311254916,-3.2241193135262214,9.478674428333374,15.82166959,-58.32078837,8.410558326196831,-2.9697259567526304,74.14245796,-1.471716305,-0.36354671,436.2686629870824,75.12355625000657,10.030043967522031,101.17237268,57.04722772,-0.2423299856279661,-0.4710634359015229,44.12514495999999,75.63570581,78.26239191,400.40453382279736,0.026848419745609,0.0463954050910527,0.2208473,-0.07931488,1.9166318815252923,1.6241334790974111,0.30016218,0.00417249,0.02575279,361.10567879144895
-2.640899410069635,17.278705939864057,37.78052172,-47.01039472,-0.5836802429599972,-0.4205486334964895,84.79091644,-9.05415407,9.60189566,431.20757322411106,-10.76071394904597,16.580477033894713,18.06563585,-55.34440024,-0.8655815273037843,-0.7149817036662502,73.41003609,-25.31510336,1.03682702,478.0740398623218,24.4373662545978,6.668406815372057,44.25433934,-0.73728794,0.1316605242018971,-0.2028052789917047,44.99162728,18.95744908,29.71489537,414.08081751405695,0.0813932215762632,0.0712478715324772,0.26516604,-0.05962818,-1.440354927780375,0.151180741591508,0.32479422,0.01208813,0.1472374,363.91873113475134
-3.124459682238099,18.303346364967055,36.28952059,-39.82459226,-0.9668738137682746,-0.3255474563664917,76.11411285,-23.36744371,10.85529646,455.25436014341614,-13.296925853898763,16.298824299698563,12.94740217,-55.86755927,-1.0853527855160383,-0.5425183870843946,68.81496144,-29.05786498,0.03955613,532.7471211011859,28.862862372050557,5.727772865200355,47.66032231,16.86481488,-0.9107265513571768,0.0960207985323277,30.795507429999997,24.07459271,33.54049122,400.11468921986193,0.0915159038062624,0.0677828534219731,0.25404892,-0.0504729,-1.3970487445878896,-0.1490737517105644,0.30452182,0.01862761,0.14963521,414.268797557621
-3.949275521483764,18.582808596814463,34.71023592,-43.23929182,-1.0559914550596528,-0.3755153760191375,77.94952774000001,-24.23174539,10.97845682,437.16991515298525,-12.668416449071954,17.16822603621957,18.72176378,-57.2190531,-1.1596627666204506,-0.3956904854719391,75.94081688,-30.48892195,0.95508354,464.1710475394572,38.66213717994846,5.849859699675795,58.90277684,24.05824483,-0.2588373476005516,0.0117053788566717,34.84453201,34.63040364,42.60857213,408.6894599183666,0.0935383453369028,0.0627691713442442,0.25165112,-0.04000973,-1.341868064074963,-0.2198533955322212,0.29166085,0.02778288,0.14571153,358.3890100335323
-2.842238605580858,18.90400432654645,36.21758303,-40.49816099,-1.0084102596316138,-0.2492259407199905,76.71574402,-23.42302957,11.29453215,478.7847710617103,-12.909071557658647,17.25389853516484,17.66563814,-58.66427786,-1.1684314394306456,-0.424506729413364,76.329916,-30.44641478,1.45099418,482.6655560728196,51.182986227752295,5.852998124472038,72.72833073,36.03639424,-0.4193723142654186,0.247030281205609,36.69193649,46.89738286,55.03903401,416.4381112019176,0.0951228808815992,0.0633313250931625,0.23988005,-0.04720316,-1.3745769982737064,-0.1888112548921557,0.28708321,0.02930876,0.15137908,384.9318868874272
-3.5263824484036315,18.098707705582072,35.34238467,-39.79625669,-0.9960148343718568,-0.3443537425675355,75.13864136000001,-23.57834211,10.55502543,440.276319919252,-13.089793043354264,16.592061717674078,16.07218378,-58.00160773,-1.1071465061518924,-0.4927347856764707,74.07379151,-29.80118735,0.28696649,440.06598419113226,61.940180085655896,7.173435920346732,80.72829259,-3.32038295,24.150154013168045,-2.8984247829036605,84.04867553999999,57.79106724,66.41773045,292.80914664153846,0.0927070046107366,0.0644994468298875,0.24838138,-0.04894703,-1.3643930695133897,-0.1804752348134848,0.29732841,0.02429516,0.14658346,346.05016189131663
-2.378914113293301,17.014745202089134,46.80282626,-44.83056608,-0.5461036330378093,-0.3932531736563714,91.63339234,-9.43780389,9.75448355,417.7159459262486,-10.765895986736624,16.34320768835871,27.13916605,-56.29807456,-0.8228148032652691,-0.7164230087971286,83.43724061,-24.81810172,1.03900688,415.2330219750203,71.07045517110635,6.343927482129336,88.71191228,59.13165867,-0.8675346218132698,0.2450679279305987,29.580253610000007,65.94361699,75.8509351,351.8717291280831,0.0816345487932709,0.0682248830413718,0.29132397,-0.04698518,-1.3365487609716442,0.2225161267235121,0.33830915,0.0162298,0.14287775,323.41543013927105
-3.262747745582471,18.10978533580171,35.87753329,-41.83984342,-0.9088952343248856,-0.3343955933140313,77.71737671,-21.27317396,10.515788885,472.79573648401146,-12.99291860635168,16.167242957576022,14.25856798,-58.27517874,-0.99693193309507,-0.5880212834108918,72.53374672,-28.0486048,-0.07052512,465.47905566388505,77.59072257603479,5.976313273163703,94.16692937,-4.01247799,24.91727352608843,-1.9384574471425509,98.17940736,72.90816319,82.13973057,290.91082371985476,0.0905408818492117,0.0667625304208936,0.25993447,-0.04872904,-1.4370351630204865,-0.0968307544916174,0.30866351,0.02058946,0.14898127,334.26158518438734
-3.680392506639286,18.88711566644536,38.13583407,-44.67252699,-0.9897584854037782,-0.3478842806093519,82.80836106000001,-21.346743255,11.21169791,450.137935150752,-12.18050657858806,17.24357121878263,19.06399744,-58.44629462,-1.0789105252716398,-0.445003338586337,77.51029206000001,-29.09165366,1.63518946,465.77700475744086,83.38485598612041,4.566108280227365,98.53748143,71.58936894,-0.3527481659225389,0.0927588337654572,26.94811249,80.24328435,86.48848546,406.1718309178984,0.0952938791964935,0.061879478037095,0.24402172,-0.0404457,-1.4019324219269038,-0.1471528406086305,0.28446742,0.03257851,0.14876328,373.3116382454032
-3.216064660768456,18.3556045420976,37.86880526,-41.56518522,-0.9297844037148132,-0.3001476018643607,79.43399048,-21.14619985,10.71033797,432.166177482203,-12.874150316418124,16.759918828236916,15.68417566,-58.85392172,-1.019893575851658,-0.5561577286752214,74.53809738,-28.10473616,0.6281095,458.9884113666874,87.10115004491611,4.7623180808357555,101.38215458,76.83730137,-0.8401459230991857,0.2759801795246729,24.54485321,83.27869237,90.89719212,394.3241390030249,0.0951799665271102,0.0639434619752083,0.23966207,-0.04676719,-1.4276787691567243,-0.0716445766654456,0.28642926,0.02909078,0.15159706,359.9663062269977
-3.0801872525677085,16.785344220956734,37.12657198,-48.73354688,-0.545493945432507,-0.4705444566983847,85.86011886,-9.60020033,8.98282561,439.567722000427,-10.874999410595318,16.24068718129078,31.75058954,-58.74057181,-0.7563115170285881,-0.7502073235838913,90.49116135,-24.2862242,0.75453942,444.0788809160896,89.04039541629963,5.290953584886385,110.40663731,80.49941075,-0.781478641720526,0.4344627369539253,29.90722656,83.96533787,93.22960484,406.05096513343295,0.0859184505617019,0.0681889793297493,0.27933491,-0.04306148,-1.3438416319317124,0.2360045671751509,0.32239639,0.02058946,0.14701942,343.03410419041535
-3.815434047726636,18.33917178155064,35.27808031,-41.80496565,-0.9296578726469114,-0.3291754954584946,77.08304595999999,-21.92930189,10.199713555,440.20170196696665,-12.93410813229304,16.455315893805025,14.06456392,-57.7694567,-0.9872524469907642,-0.5934036216714526,71.83402062,-27.74125082,0.12783914,481.8894648944355,91.31441161319314,5.556909025061654,106.06878483,-4.44844329,33.45468618241773,-1.985277108959925,110.51722812,87.07703984,95.82904637,325.90391169270055,0.0984310943282908,0.0664691938535293,0.25383095,-0.04829307,-1.4312240277922703,-0.0887078233350237,0.30212402,0.02865482,0.15595671,373.7352989387366
-4.0605856742283,18.891909632880537,36.79632983,-45.28942075,-0.9487958552064462,-0.3156738444443761,82.08575058,-21.27044931,10.43785986,460.4018376345039,-12.302102881544975,17.302057279746943,17.586075,-59.02285941,-1.0430447522685458,-0.4831667429512756,76.60893441,-28.333618,1.71257346,509.54368366230807,93.76128398345844,4.3867732195521025,107.32763493,83.42583287,-0.5826179249805956,0.2094718286947759,23.90180206000001,90.59746373,97.01160252,434.31100085607994,0.1026696983797983,0.0620470718830516,0.2481634,-0.04088167,-1.414579763955521,-0.1105333189404731,0.28904507,0.03911799,0.15595671,396.33313165292947
-3.516204290019461,17.090969670928178,37.28897128,-44.19405714,-0.5400323677246108,-0.4622827548428236,81.48302842,-9.11518922,8.294,451.0642597776598,-11.102122864654174,16.20606557260458,18.11577241,-57.01850684,-0.6650802541172749,-0.8071241683093714,75.13427925,-23.06334097,0.57906334,489.6928622133825,94.4435698545498,4.920166180438659,110.74451268,86.7119199,-0.9673071159846676,0.4222592207886786,24.03259278,89.63834202,98.63012517,389.2391335372077,0.0899829486011031,0.0668920683682007,0.253177,-0.04088167,-1.465331618506926,0.1940986909204105,0.2940586699999999,0.02603902,0.15072513,360.33601521091015
-4.710277898300523,19.29367394898652,36.74074206,-50.29975095,-0.9144998764961892,-0.3528193621585155,87.04049301,-22.36417738,9.77628264,460.6628858220118,-14.912105349928538,17.372163440659286,27.24706857,-63.4936846,-1.0641352779050048,-0.3936150087250213,90.74075317,-30.203909705,0.24881952,476.5866787923595,97.63993464875456,5.455847260776898,114.94067967,87.27322972,-0.9765990193669244,-0.0703813560882437,27.66744994999999,92.75004399,101.68188298,410.7747734093872,0.1074198395483949,0.0690714308271368,0.29088801,-0.0404457,-1.3712825961659172,0.0023074561269944,0.33133371,0.03693816,0.17012559,354.3147665671116
-4.908088228437427,19.516651286500203,38.24264559,-46.95807615,-0.9449533239321152,-0.3682983783206878,85.20072174,-23.315128,9.88200411,514.4612162315519,-14.005113205816212,17.62467514025542,18.33484476,-61.23647101,-1.08948952243115,-0.3498300533893183,79.57131577,-29.00881941,1.33546345,469.80559502283046,98.57688140688002,4.560747712913201,112.55377019,88.40673649,-0.8000187439353406,-0.0240577910906006,24.14703369999999,94.8154279,101.92166722,417.1351833766582,0.1079675716100592,0.0638872505121476,0.25949849,-0.03673999,-1.3946609031700832,-0.0403251371406778,0.29623848,0.04391361,0.16336812,366.297793136362
-3.96904417314156,17.8700361576408,38.45408663,-51.13135496,-0.5013735212467831,-0.4630466864382072,89.58544159,-10.08739153,8.38882241,458.6111065854998,-12.643549523454109,17.130015427118984,27.77022569,-65.37269385,-0.8050341521789823,-0.6708618790505375,93.14291954,-24.88622172,0.47552161,437.8873856630524,98.6550677491744,5.634636286898957,117.30034459,89.5129987,-1.0156433544974854,0.2581561671842159,27.787345889999997,92.88628209,103.15871251,367.3877830310198,0.0975002373514749,0.0710082280488999,0.28151474,-0.0291106,-1.4020044772234024,0.2628023261984934,0.3106253399999999,0.03061666,0.16249619,330.8937559448531
-4.833999703361646,19.758044710490907,35.60832247,-46.84472623,-0.9334238138381776,-0.3368764070209633,82.4530487,-22.91785398,10.29726061,444.809144566958,-14.113203838178098,17.60224780569037,16.59425371,-61.6822489,-1.0687904228222906,-0.3911179895066919,78.27650261,-28.96086295,0.92456596,507.0945488070243,100.43045502721505,4.72615278095977,115.26765263,90.3522321,-0.8608003850659589,-0.0677093061938176,24.91542053000001,96.57018864,104.00884831,436.8509525004135,0.1110202418403237,0.0654801976938912,0.27519325,-0.02191717,-1.412259061535592,-0.0218250661753567,0.29711042,0.04500352,0.16838173,397.6493729934013
-3.603454573650543,16.352873650282437,44.16087374,-49.05507246,-0.1022089820253562,-0.5546664192716669,93.2159462,-8.49284807,6.671663615,419.5049144410772,-10.848688603812963,16.177516087379193,30.25631921,-60.20541556,-0.4624751998225385,-0.8731957255375784,90.46173477,-18.04319937,0.34691172,421.7370563511214,98.96390804843826,5.464341503033201,119.44202244,90.33588231,-0.9736573781486464,0.3745964416848062,29.10614013,93.37129033,103.48023808,362.8244933347259,0.0890340843956319,0.0684277865839829,0.2895801,-0.03652201,-1.183985012210748,0.4944362766080363,0.32610211,0.02952675,0.15137908,325.8951769636173
-1.5457986141254072,3.19338132491064,21.12228236,-47.09104505,89.1869878584015,-7.670419359813825,68.21332741,-1.56099835,-1.26672164,460.5288397456477,-0.9236631739956348,3.6427578515679526,12.10707872,-56.00815756,101.29752700496464,-9.307578820116651,68.11523628,-0.85308304,-0.43564616,451.05182697000674,82.71326222814338,9.365245564225775,109.53471196,73.175192,-1.7275682474112737,0.2331906729408327,36.35951996,74.0416776,92.1778394,380.11973656828616,0.0258956455877388,0.0212143212968142,0.26102437,-0.08426021,35.02695034822119,4.256476736557061,0.34528458,0.02451314,0.02582104,348.92462800828554
-1.5711385325433025,0.0365724067138092,-1.4247593,-1.72230569,-0.1690215582621412,-0.0744969566899221,0.2975463899999999,-1.59696546,-1.54573956,596.6081566185767,-0.8058308714912176,0.0631703372962946,-0.60131301,-1.00785076,-0.7385190567085522,0.035291511820387,0.4065377499999999,-0.85526286,-0.75608073,507.4426062823456,74.25689805995108,0.4886425567097106,74.87000859,72.89726842,-0.2959888246526954,-0.9737969609594272,1.9727401699999945,73.94358647,74.63567937,476.6264308546938,0.026483042385468,0.0013077785652284,0.02974473,0.02407718,-1.276046788545056,0.6262656554185808,0.00566755,0.02538508,0.02778288,718.3711864006872
1.1548015866571435,27.740644058058727,56.03451312,-62.64835203,-1.3181649919904666,-0.0538265242864851,118.68286515,-22.46541822,23.85154688,383.1115990961898,3.641066910771915,21.433930079133905,50.35554737,-42.17484432,-1.210428917543014,0.0060541954071751,92.53039169,-16.0964809,22.62923664,447.3749664457257,17.79278005546294,5.18295169770287,39.8998613,-2.37243346,0.7900573475627639,-0.0445169165998063,42.272294759999994,13.99261757,21.43127724,349.5643608219837,0.1330686865911249,0.0339429309018875,0.25141773,-0.01648302,-0.3663298472673522,-0.1119383764285437,0.26790075,0.10733116,0.16008297,344.33165048744104
1.859325327017968,27.59181601213852,58.18382418,-50.79009092,-1.3211632427045774,0.0198709932935774,108.9739151,-21.74607694,24.08805811,474.54106219276713,3.2237502464702064,21.475057171418182,52.87869496,-39.80428081,-1.2169928152659548,0.0505590082394056,92.68297577,-15.9959371675,22.5529427,506.8519658479831,25.449020042343392,5.377211034619488,46.89165588,11.88908478,-0.5748874933598502,0.1764208384537624,35.002571100000004,21.32773491,29.12061783,401.2580059414471,0.1313830198090094,0.0331464746578096,0.22656769,0.02667756,-0.6437363032014276,0.0008907972014786,0.19989013,0.10754914,0.15703121,381.69959429386023
0.9641328712843508,27.49218494196721,57.23341906,-50.55031049,-1.3243837616018814,0.0402601782831367,107.78372955,-22.20274961,23.18342936,370.5902759709533,2.267344701327244,21.483119187792056,50.27489323,-46.26964718,-1.19506287602557,-0.0693128940632217,96.54454041,-16.71010357,21.233874265,456.15341946214335,40.45982038164263,6.772768796595473,65.83979889,-2.96643631,0.7408703804153762,-0.0646822216062797,68.8062352,35.7036943,45.02790542,334.9881855205887,0.1323131883377989,0.032180647197432,0.22940147,0.02951133,-0.7876382481609556,0.0670031949618154,0.19989014,0.10689519,0.15724919,368.4846798742539
0.6833695277521254,27.83500734925175,54.8072716,-53.85602033,-1.3147540124247403,-0.0294889022933274,108.66329193,-22.80983198,23.14528239,465.9984618578932,2.901756427024647,21.614031840311824,50.60731739,-42.67838436,-1.2035228643789813,-0.002853987756756,93.28570175,-16.55097538,22.05812115,501.3489692624275,57.9936869476975,6.310118885913989,84.11219879,41.25135513,-0.5035037864576166,0.0193842345755782,42.86084365999999,53.51287933,62.43927093,356.19917954266015,0.1352895167015033,0.0320053828448518,0.24269842,0.03147318,-0.8586643760366579,0.0410253288103412,0.2112252399999999,0.11016493,0.16182683,371.5360028531368
0.9309077574963516,27.563064655301737,57.82742083,-54.54157484,-1.3300148113964672,0.0412015005621993,112.36899567,-22.495663525,23.3313847775,488.5595157893534,2.476893341394652,21.448700355387945,51.49341816,-41.87402492,-1.1945589651423736,0.005077107186802,93.36744308,-16.29266697,21.60035748,523.4299543467539,73.81485742413204,6.3534375356642,102.12847229,57.92702957,-0.5244864583114688,0.0307180841527087,44.20144272,69.20763489,78.21032043,394.31091361854993,0.135831952944776,0.0326524232470826,0.23790279,0.046296,-0.8382158449363541,0.1150527379761977,0.19160679,0.10972897,0.16204482,382.3917132035585
0.5087421086874272,25.00844112146578,60.36691821,-55.61731946,-1.0248250710276918,0.0097544429183316,115.98423767,-20.34553754,21.64120257,429.5837977626472,2.254022856873924,19.528877507748557,50.06344837,-43.39336544,-0.930254692238706,0.0215952799457203,93.45681381,-14.72428089,19.98837513,441.9089597337616,84.32818808205295,6.857627162068583,103.0821466,70.64631744,-0.8287959676432397,-0.0713681386733725,32.43582916,79.04955383,88.99501129,405.6147248747623,0.1190656407284436,0.0498179542790504,0.23703086,-0.02280451,-0.4403348207093009,-0.5482337651917911,0.25983537,0.09207237,0.15768516,342.55822359366084
1.457970790329668,27.42554709232111,59.92986453,-54.13176572,-1.3214180870478962,-0.0150792756160182,114.06163025,-21.84307897,23.6213032,467.8041270649019,2.957985935859207,21.145091905166655,52.85035938,-40.7906509,-1.259779081591896,0.0595970756413671,93.64101028,-16.39947849,22.01343578,463.24785095263206,94.20642240909562,6.734549254018698,109.15841766,-5.65307287,105.82461581099928,-7.507565577750482,114.81149053,90.90781494,97.91050812,274.19573194827507,0.1340363404746002,0.0330038133654075,0.24117254,0.02951133,-0.5187234555105111,0.1187926356345216,0.21166121,0.1102194275,0.15833911,374.2743092666402
0.8642932765160722,27.590606433474537,57.61924899,-52.81406248,-1.372290111751657,0.0419878664267683,110.43331147,-22.89048612,23.66190112,498.1576524982788,1.887733239381433,21.51812474103537,51.03565449,-44.5595718,-1.2814659068067684,-0.0575816923141022,95.59522629,-17.32781177,21.44994969,523.0674724135519,100.71801560490144,4.288236276396861,114.95675751,90.20481964,-0.6659848025795019,0.352833552223121,24.75193787000001,97.45819183,104.00312134,449.361777802373,0.1368100970578106,0.0321785988035299,0.23550499,0.03125519,-0.6320033666710865,0.1548910122126116,0.2042497999999999,0.11190879,0.16008297,394.1403339524904
0.6505182752611788,27.599580423973933,56.36475909,-55.435305,-1.3817447144063173,-0.0277557184876243,111.80006409,-23.11064756,23.4068619,497.3296724942285,2.4804810200014287,21.417315984823343,50.1724419,-44.51924663,-1.3007253214514676,0.0038891551261628,94.69168853,-17.33789402,21.95130962,493.4085541756876,105.80164833412368,4.094736657116846,118.22649475,94.54267212,-0.8591591167017816,0.3113910104747431,23.683822629999995,102.55353638,109.16931244,486.2805351861258,0.1398003551452794,0.0314457957441595,0.24684009,0.04041047,-0.694615729321304,0.1242580234252734,0.20642962,0.11605047,0.16400666,408.7606509749004
0.5215660543636349,26.954927814212457,57.78927386,-53.67727125,-1.345181761939826,0.0450096283574663,111.46654511,-22.56569135,23.1289345,512.8069976944666,1.8624595511908053,20.980669938232385,51.93810124,-45.16556698,-1.2526658538087962,-0.0205502712415138,97.10366822,-16.7907558,21.04341168,480.0276486456096,109.77276235853496,4.086031690467235,121.41449066,97.24565979,-0.4526211158757651,0.1001950161289437,24.168830869999994,106.79875274,113.16929718,471.9211776796832,0.1405639232539051,0.0352071231837208,0.24095455,0.01381658,-0.0189226013161771,-0.1945627638816849,0.22713797,0.11605047,0.16684043,413.94288324720543
0.2203444883215838,25.640585724410307,56.46066821,-54.69089353,-1.0916524606460227,-0.0164185930516153,111.15156174,-20.94389951,21.84501612,442.5820692519087,2.381472605316812,19.832332600871876,53.07815022,-45.50343853,-1.0209799131821813,0.0832425214093023,98.58158875,-15.36515003,20.68592114,474.0544258118475,111.20649150263692,5.924856771229961,125.57795807,97.12577148,-0.2300619928322866,-0.4720506027314423,28.452186589999997,108.29737945,116.00306793,422.6441037670268,0.1343488941712931,0.0483787414618657,0.25098175,-0.02127863,-0.0347744279294062,-0.6694718115136247,0.27226038,0.11169081,0.16967421,387.2200687935426
0.4692697856149379,27.455036865793403,57.8819176,-53.11596906,-1.3591253368673588,0.0459607860291115,110.99788666,-23.07359159,22.91749156,477.2768750058606,1.8861244109055355,21.456993588379547,50.84055943,-45.88381725,-1.2684858868008504,-0.0179939453266981,96.72437668,-17.15696674,21.23741573,523.2492035420685,114.2251805776506,4.039375854481856,127.50166412,104.85870453,-0.8919192154181319,0.4221740331693713,22.642959590000004,110.92407318,117.70333954,469.0761747005143,0.1502941091472407,0.0333631238596956,0.25599536,0.05305347,-0.6387293135943484,0.141447981847914,0.20294189,0.12455179,0.17512377,391.5676540158984
-0.2715020189205383,27.597177213244784,53.20618975,-54.47291029,-1.3682024481327002,-0.0159551795624212,107.67910004,-23.58040082,22.37253344,486.77173845703794,2.147348571862728,21.48398136863288,52.32610935,-44.7023521,-1.2800089798833962,-9.448419776001928e-05,97.02846145,-17.57985454,21.52297444,491.65552869912784,116.30784823546657,4.01542951841319,130.49347015,106.76605316,-0.8772398454220474,0.3994623069337322,23.72741699000001,112.97311493,119.69787689,462.3794852255006,0.1547605647070087,0.0319760123800821,0.25773922,0.06613243,-0.812058354395194,0.1523048487085319,0.1916067899999999,0.12934741,0.18035536,418.81502632041935
-0.4210021320319437,25.361380045969515,57.09935915,-53.35248029,-1.0259015083485865,0.0641642826561038,110.45183944,-21.45724905,20.8935219,466.8661980068337,1.5394351855972173,19.801476685552256,49.87271351,-43.69200283,-0.9338819895056965,0.0342553765003557,93.56471634,-15.35425049,19.7627644,439.64929748597314,115.79493347633333,5.783558507122101,130.01936432,102.79332062,-0.4717975428997327,-0.3688522058107978,27.22604369999999,113.10935303,120.67334839,394.9980393703741,0.1435783513978951,0.0499841887825136,0.26602256,-0.0053659,-0.3251919979301942,-0.525082808653173,0.27138846,0.11844827,0.18057334,352.7387244978566
-0.0213578354604699,27.31129924075025,58.33641207,-54.57318342,-1.3640608402454546,0.006167702967212,112.90959549,-23.48012769,22.38016284,497.2467355444249,2.0838909875329517,21.10116038834498,51.30050129,-42.17375332,-1.3189460419495316,0.0159489515693612,93.47425461,-17.23625904,21.2930016,520.6086547817889,117.9167711121128,3.976921618254462,130.09565826,108.73334595,-0.8456834633274402,0.4452300496050271,21.362312309999993,114.67882629,121.22920318,480.59086663887047,0.160809957854705,0.0322397318885037,0.26384273,0.06373462,-0.5349211877855495,0.1786963624716966,0.20010811,0.13719479,0.18427905,408.15310619407126
-0.4961302835565096,27.17932128139469,59.44485247,-55.88870847,-1.374514585906288,-0.005143340678959,115.33356094,-23.69266164,21.91150057,490.7638901781293,1.8319501095769408,21.211076158267183,51.27216572,-47.06964641,-1.298143359953685,-0.0189704386650142,98.34181213,-17.61473041,21.08264965,551.8443554081025,118.528723866023,3.898977991827957,131.86676117,110.13933655,-0.850128303382621,0.5011836792685984,21.727424619999994,115.28917785,121.83955475,454.85127864221386,0.1647374393957948,0.031453397266911,0.26842037,0.0652605,-0.7093697497716089,0.1227791730793515,0.20315987,0.14046453,0.1886387,409.42796221646455
-0.6987345642785444,25.03361592611971,56.25249636,-55.65219724,-1.0339485223597973,0.0367667440750478,111.9046936,-21.58912885,20.66136897,451.29503137308734,1.639752612036654,19.557704904880012,51.13483662,-45.63967663,-0.9649724929400714,0.0547867415129116,96.77451325,-15.37604862,19.90445179,455.37438587043346,117.56309483354596,5.859448510230851,132.59700104,104.42819305,-0.4266109614770124,-0.3922416393951813,28.168807990000005,114.89135834,122.2101297,418.1073050481548,0.1537849916295778,0.0495791990223057,0.27038221,0.00662315,-0.2643383749229291,-0.5641586947560561,0.26375906,0.13087329,0.1899466,361.8394302129728
-0.4935167037931341,27.112142493703793,56.79963458,-53.90833509,-1.3686807795891174,0.0160136254521153,110.70796967,-23.83544004,21.84065592,480.49237508202935,1.6534340494923132,21.17119883807768,52.99204868,-45.21570354,-1.3292276198612212,-0.0084105258562015,98.20775222,-17.74960857,20.95185894,519.6716137822464,119.28652044385068,3.94441693913504,132.340867,111.00036712,-0.7428865734138843,0.5762634796914139,21.340499879999996,116.0684671,122.4935083,489.7207229538743,0.1714317117989483,0.0319009188308177,0.28193531,0.06591445,-0.607495924469895,0.1580766924930464,0.2160208599999999,0.14700401,0.19474222,420.83276965095894
-1.0170940868996363,23.99081993947558,54.794191,-53.86582792,-1.0364425693725936,0.0403414927524422,108.66001892,-21.36242712,19.82104647,471.74633491686654,1.2633710067111168,18.83513576716713,49.08906788,-43.32143169,-1.0064360601759716,0.0569979267884511,92.41049957,-15.20275265,19.01181263,433.01207582988275,117.70495701916344,5.679293559480037,132.80954071,105.37641235,-0.3671226702585484,-0.2699214981238977,27.43312836,115.29462524,121.52893158,421.8302367925989,0.1551153502312966,0.0485454879143223,0.28716688,0.01032886,-0.3041676181140933,-0.4258532859552648,0.27683802,0.13130925,0.18842072,367.12897650504055
-2.3087531852806755,10.459605525801384,54.3702141,-51.95084989,5.741043101825598,0.4120548418912926,106.32106399,-2.99847305,-2.12436259,452.34277894644055,-0.4230964909154189,8.549853765250147,48.18007893,-44.18573147,5.643221818277416,0.7072557763731377,92.3658104,-1.16902583,-0.40172672,459.0317582236768,103.64992531635488,10.831578779017606,132.80409332,87.33289429,-0.8300796269079278,-0.2724198905308111,45.471199029999994,88.01953979,107.32736297,399.06129843806167,0.0861470737807797,0.04120159551305,0.26645853,-0.02280451,2.150854911063475,1.6102715573549793,0.28926304,0.06765831,0.08335306,354.92115024943934
-11.481624704571376,19.375705696232536,39.36917246,-57.60806142,-1.2674108080546416,-0.2867559907052087,96.97723388,-33.31606924,1.84672082,377.8542741337288,-6.50773384855236,16.49964061681468,35.36349927,-42.66014041,-1.4356493385507276,-0.4541918430543424,78.02363968,-25.88637103,7.508851872499999,417.508609526025,13.640670048878182,6.0467539028676605,31.70299671,-3.08704235,-0.6006711722744895,0.0369730577007783,34.79003906,9.02189682,17.85564564,349.25134685792307,0.0990508734195716,0.0599293493474045,0.26769377,-0.04009781,-1.066211497617758,0.0208887329013961,0.30779158,0.04120974,0.14409757,325.56673532873083
-12.08151188134542,19.116699694249817,24.80030001,-56.1050707,-1.3011702452171756,-0.3114538999259255,80.90537071,-33.71606695,1.4132078425,459.959005273487,-7.198856073177393,16.04873163698763,18.95267163,-41.76859226,-1.4499834061554442,-0.4956394622301104,60.72126389,-26.2048982525,6.50040971,490.0307270545304,19.456819862745185,6.768080936405558,40.25336597,4.38976429,-0.6336895647239937,0.1385278665201094,35.863601679999995,13.70307491,24.3242812,398.2700771192738,0.0969840237708722,0.063151909008328,0.28426045,-0.04859913,-1.0936779876505358,0.0376091786075675,0.33285958,0.03227245,0.14322564,367.6188245591693
-12.46808481465772,19.076940455166977,22.98886431,-59.71922552,-1.3030166321785672,-0.3926406779932531,82.70808983,-34.18800222,1.95026268,485.1682005966022,-6.466928559101783,16.24007607050348,20.29544507,-40.66233005,-1.468501813052519,-0.4259463379238192,60.95777512,-25.48964252,7.69604455,471.9356113529981,30.0544971240287,6.669864699593474,53.2069907,13.61043213,-0.3012930893950094,0.0827700508472778,39.59655857,25.67577503,34.70025776,418.84645937688543,0.0958609267393499,0.0611288905425357,0.29167187,-0.04205965,-1.028998120105958,0.1227051705811759,0.33373152,0.03532421,0.14104581,369.52984253052733
-11.760794303713633,19.357056355031816,25.80519999,-53.71598302,-1.2981987445925882,-0.2652165662573349,79.52118301,-33.71497976,1.63091792,476.7326314335433,-6.634028429850522,16.48893366966492,19.01152669,-42.32335605,-1.4780568211322676,-0.4407926210275647,61.33488274,-26.13596095,7.46716271,501.837001260531,42.80075072102203,6.497492514638047,62.33501575,25.73026989,-0.4162805465630654,0.1383902473011339,36.604745859999994,38.23157642,47.51764057,438.4789250015677,0.0982969041387856,0.0575064935868221,0.25962841,-0.03116051,-1.1185144442131718,-0.0278607428890894,0.2907889199999999,0.04077377,0.1412638,377.5524439490393
-12.367352676501527,18.760729203829413,22.56379832,-57.22114431,-1.332042118477813,-0.3481267839715877,79.78494263,-33.82287847,1.67996419,488.1795367569824,-7.369381275468362,15.93422216242489,17.72978841,-41.1407999,-1.4550563168695538,-0.487049584518822,58.87058831,-26.19481601,6.2565414725,482.40726616264766,53.960261785196934,6.516597262666154,75.78454731,38.23702762,-0.5249912787782671,0.1529199033973129,37.547519689999994,49.1634116,58.6293082,408.11302527579255,0.0970015381064308,0.0611429800611643,0.26856569,-0.03225042,-1.1377596060212931,0.0285710640056294,0.30081611,0.03488824,0.14213573,371.0877250487422
-10.04575340562636,17.773704950371666,31.6525854,-56.42332708,-0.8850083136668516,-0.6090470866011203,88.07591248,-27.1594206,0.8102131,402.59671311325326,-5.9564601144997615,15.065014365357277,32.61582814,-44.44760074,-1.0366521656441423,-0.6662639505683015,77.06342888,-22.994013685,5.57071315,427.2391804184984,62.39524921960082,7.02057266172398,86.57469318,48.7219939,-0.698525972389167,0.3339529964308616,37.85269928,56.03531406,67.64833973,361.0305297954865,0.0866671311081345,0.0628547685826927,0.26900166,-0.03312237,-1.0026428170677466,0.3467483898560943,0.30212403,0.03074657,0.13886599,330.1939444083218
-11.392071190369457,18.76915561379354,26.4929365,-53.74867879,-1.2195397759112143,-0.2970536901538049,80.24161529,-32.47574674,0.95408166,481.2158816015375,-7.085476125776107,16.20051199969285,19.53795491,-46.69064273,-1.337284245653798,-0.5554687206488362,66.22859764,-26.22206439,6.30204545,519.8290390936835,70.38273411384611,6.220427182548803,90.8580489,56.38953541,-0.7255971013673452,0.1093833981654923,34.46851349,64.89631031,74.76002643,416.4219102198385,0.0984432271757196,0.0596372787342983,0.26071831,-0.04380352,-1.247150015208288,-0.0768073704914757,0.30452183,0.03837597,0.14518749,365.16905421446944
-12.298531889735656,18.818712601602968,23.57850779,-57.84675466,-1.214857981479694,-0.4414914326915034,81.42526245,-33.95149099,1.29195489,429.533066457861,-6.701017005112937,16.30211318898973,21.44857274,-44.72552814,-1.3400129518513413,-0.5179900964942538,66.17410088,-25.89618053,6.895230632500001,471.9044993039984,75.06159097589645,7.194297757426201,95.78446339,-5.67013743,34.856093327754,-3.3081485141834723,101.45460082,70.4712157,79.17418049,260.02456150246314,0.0977553720938497,0.0609527184511364,0.26900166,-0.04053377,-1.1415390896247954,0.0864488606291783,0.3095354299999999,0.03750403,0.14540547,339.41056961984947
-11.50770478758191,19.08661535411238,24.98449458,-52.80699407,-1.1974652152088936,-0.3055233758285947,77.79148865,-33.019886125,1.11865867,479.205638576785,-6.686719731587328,16.51898179758017,19.2665659,-45.67266025,-1.3452977831402078,-0.5314463923647736,64.93922615,-26.16212024,6.90476762,458.3179284707362,80.06002175094157,5.47050129166275,97.5501189,66.79821155,-0.5229603072181557,0.0969308342691725,30.751907349999996,75.67010639,83.67552326,415.7391396934606,0.101390172872269,0.056681598644797,0.26900166,-0.02244121,-1.2305449416046834,-0.0427663254758226,0.2914428699999999,0.04469747,0.1462774,368.1178901593655
-11.811192675671531,18.197211334705468,23.73327387,-58.15737783,-1.1652598331588655,-0.4673431147240861,81.8906517,-32.615528215,0.70885111,430.4122490943231,-7.052891862559399,15.767084716898408,18.04041348,-43.80345859,-1.2477823965175077,-0.6038472341943856,61.84387207,-25.52342929,5.71785174,470.49894925632447,82.89040614461474,6.686509415038117,102.10051105,-6.11700179,43.35370993877691,-3.355979061673284,108.21751284,78.08971546,86.78722523,278.4367494579587,0.0992543489130267,0.0597577106486085,0.2722714,-0.03225042,-1.192525801436122,0.0963575494816599,0.30452182,0.04099176,0.14671337,371.7595349099294
-10.524452313352969,18.1951685793691,36.89071024,-55.74540197,-0.9875250333509308,-0.4881682723033587,92.63611221,-28.811729542499997,0.2197524125,413.6630669754279,-6.321519119391874,15.521024265336392,20.54285489,-47.78273334,-1.077438318027835,-0.6742003864223749,68.32558823,-24.07384433,6.00558863,481.12352596096787,85.04289464832067,6.550241455086854,104.6509032,73.20690296,-0.8333584443317017,0.1193223788995465,31.44400024000001,79.93166492,89.72998951,383.1638442722634,0.0974166123325598,0.0625437683126148,0.28295256,-0.03987982,-1.2139889995668829,0.1838098083282758,0.32283238,0.03881193,0.15107302,339.0317298779271
-12.65201988653587,18.889832874076458,22.53328074,-59.74974309,-1.232341499826181,-0.4106340619841571,82.28302383,-34.3482195,0.74917794,505.20619255061695,-6.986602201283323,16.23934831218525,20.44585286,-45.88519611,-1.3122087197091208,-0.5610351357624666,66.33104897,-25.9277872,6.59850178,512.8128516519176,87.21861290855689,5.943713221411408,106.0732436,76.0733733,-0.7096452508021089,0.1614247577454588,29.9998703,81.92620991,91.04333637,423.5582703303873,0.1058342308861916,0.0616869346801757,0.28120869,-0.03726402,-1.167321785459389,0.0616464621222302,0.31847271,0.04382553,0.15368881,379.044713470964
-12.006942005434713,19.17738421860948,25.67005099,-56.54321538,-1.1886969902136322,-0.3184606721320996,82.21326637,-33.23541509,0.74372841,477.7520725628779,-6.668992232053763,16.612968538164402,19.18700276,-44.85740604,-1.3205025576833698,-0.550021098057306,64.0444088,-25.9531282325,7.16634665,469.6080362974429,89.25079553720147,5.372964730527663,107.15770862,77.12513874,-0.5818740487583454,0.1538245312082919,30.032569879999997,84.70003651,92.75450275,409.9962006405233,0.1093829983698484,0.0572598810781448,0.26355209,-0.01960743,-1.2455958500186142,-0.0229140787892556,0.28315952,0.05276282,0.15499671,381.98513675063145
-11.005577814028776,17.830319309573174,33.036775,-58.69797765,-0.8673866032524482,-0.6538216781771092,91.73475265,-27.4199105425,-0.09005546,404.7075586345789,-6.590910150758028,15.1467821327348,30.9918562,-48.03559436,-0.9536921965444248,-0.7474612658030619,79.02745056,-23.42970599,4.82630215,435.14056748547983,89.54661060463418,6.2376803213331495,109.90429066,79.22867725,-0.6291571694375273,0.4230787618093847,30.675613409999997,84.24227283,93.86621235,367.1777988939778,0.0992673722906613,0.0636296764352531,0.28142668,-0.02156927,-1.121031310006689,0.3384120572601348,0.30299595,0.04077377,0.15303486,335.757653024481
-12.338802032430156,18.674049483949883,24.13981188,-57.55901586,-1.1951828044191142,-0.3442055621691598,81.69882774,-33.34440862,0.18678261,533.123682453568,-6.969969877200466,16.159320411595147,18.92433415,-46.8552164,-1.2915425750880924,-0.5776989062617152,65.77955055000001,-25.9354166,6.46989213,514.1610119652253,91.7405002277833,5.815161240381473,110.83071277,80.51477192,-0.8015569206364415,0.0649898983368501,30.315940850000004,86.56379078,95.59372852,478.0609391942875,0.1124504337802772,0.0593380147210053,0.28186264,-0.01415787,-1.2480583293231975,-0.0231587682373484,0.29602051,0.05254484,0.15979233,428.2630656115836
-12.24205601101474,18.814081126281145,22.92019976,-58.45710622,-1.1848498732385084,-0.3541056920034089,81.37730598,-33.16675054,0.56825234,494.9482983047487,-6.64334261328713,16.39625913784858,19.85185109,-45.13206424,-1.30566651662802,-0.5556367039149056,64.98391533,-25.77084102,7.05081568,485.5384235553555,92.55125486430414,5.301269361895172,110.75441883,80.96163318,-0.5348312038741518,0.1823578748528747,29.79278565,88.0842223,96.02424,419.80072620122206,0.1141760432976919,0.0569384849279315,0.28469641,-0.01263199,-1.2935685211187475,-0.0190371653784223,0.2973284,0.05625054,0.16001031,391.033573242495
-10.810812109177522,17.6450540033029,38.39370097,-58.41241704,-0.813050519727263,-0.6240348002408898,96.80611801,-24.591856115,-0.41920935,429.1749288523407,-6.348770658991004,15.060760254800304,24.53193913,-47.9778284,-0.8977259293751856,-0.7606617297397794,72.50976753,-22.4828442525,5.05300437,451.0028281820756,92.80930639483344,6.290368521873447,114.16584919,81.97525928,-0.7684176870083625,0.2997186129498701,32.19058991,87.61010883,97.36483143,368.3134958353589,0.1049959583441773,0.0627500139681725,0.30148108,-0.0237491,-1.0301178839221972,0.3385797388052027,0.32523018,0.0492751,0.15935636,339.5791035828276
-12.372456494416156,18.643384813694137,23.5708784,-56.72414266,-1.1616045925251706,-0.3752300317004721,80.29502106,-33.14386426,0.08651055,471.9923248368136,-6.728736471195554,16.34247418215886,23.31559621,-49.02959384,-1.2556981786101271,-0.58960302406275,72.34519005,-25.85258426,6.83392297,483.49797974031605,94.2179825835848,5.605309442595953,112.35659168,83.25045154,-0.6120686652071199,0.1923750149853882,29.106140139999994,89.41936634,97.88799427,417.978638744798,0.1170979151876378,0.0581844482999989,0.28600431,-0.00674645,-1.2916334009468635,-0.0130889169079248,0.29275076,0.05864836,0.16436996,391.3609998589407
-10.396467660985484,16.85358698222212,35.18826426,-57.29089605,-0.681909661106467,-0.6663459658407904,92.47916031,-19.30741178,-0.69495748,456.32185095272496,-6.029484139542199,14.50898249540452,28.14609204,-45.95059146,-0.7495304012996251,-0.826013249675034,74.0966835,-20.822905435,4.34347068,428.50434375041465,92.66995703991124,6.173217592091013,114.7162566,82.95617817,-0.7276731596737176,0.3497974853077922,31.760078429999993,87.2177367,97.38663624,368.6095062678965,0.1029723085110778,0.0605561817875333,0.29515959,-0.02026138,-1.0073159156631253,0.3826025401962611,0.31542097,0.04905712,0.1563046,347.24110940228684
-3.236102834943262,7.460588959886333,23.50439204,-51.85876714,13.54701877499674,-3.256646014237093,75.36315918,-2.17179035,-1.51348256,395.9973670962411,-1.795920585227648,6.274923331628419,15.77993356,-46.93587054,13.949446223967474,-3.38575554630975,62.7158041,-1.30010165,-0.56985964,396.7868277127139,79.73446939847759,10.4043878237285,109.15224598,-6.52026989,2.9909480555168457,-0.7537996287287501,115.67251587,65.97532795,84.26952503,277.7992387752555,0.0475709842062396,0.0366130993429333,0.25047314,-0.06821758,5.804070604535731,2.311130594726844,0.31869072,0.03445228,0.04578737,327.98801815570766
-9.202037806205675,23.835292569969347,32.29547017,-77.47299487,-1.0279158539560496,-0.30659801526534,109.76846504,-26.7647639,9.49556916,437.7841659185599,-1.628160118974795,19.718004604742667,44.87462557,-48.46884215,-0.6249681577212587,0.2074640864733017,93.34346772,-14.16054213,7.05789459,470.6444299839388,28.283055335411383,8.050611150161396,50.69584152,-0.54099343,0.1837290625909213,-0.4648320441227389,51.23683495,22.45618125,32.87030288,416.4558305337599,0.0988365116907074,0.0684647886950438,0.27097452,-0.05338374,-0.8949065384342747,0.0189950843875115,0.32435826,0.03795101,0.15043008,361.23325362910106
-11.601400016418504,24.95114109403728,33.74396603,-75.45883472,-1.257167472475274,-0.1090916755204606,109.20280075,-35.68134601,12.05141633,430.1592427898576,-2.280455945201258,21.26331730139492,43.09479463,-50.21597349,-0.9066685200213866,0.1584341891205718,93.31076812,-15.80413115,9.08077467,523.1629751563626,34.084606652102416,6.539027302641947,66.12356826,17.62786361,0.2502002423930705,0.1400111054853828,48.49570465,30.75587341,37.67137405,413.00557130419025,0.1131199809256289,0.0613232781812435,0.28688724,-0.04924208,-0.6029255909735847,-0.0304671188312682,0.33612932,0.0745721,0.15958535,394.48526657055857
-12.07328387953906,25.114181760322367,30.8469743,-78.34274585,-1.20655636777538,-0.1777403220564631,109.18972015,-35.78597934,12.43070595,451.4642769744612,-1.7117636330477168,21.412154638396014,47.10131776,-48.06230223,-0.9000302470241905,0.2281653791524275,95.16361999,-16.60957777,11.73471391,484.2562154556516,44.33591457059189,7.300075473926599,68.04725906,24.67415496,-0.1126276505098204,0.0907634346944525,43.373104100000006,39.409785,49.25170394,395.30813805235886,0.1126544729694316,0.0630473921495778,0.28012979,-0.02962363,-0.7019768976496543,0.119222703638398,0.30975342,0.06890455,0.15893141,435.8106005956685
-11.49487395253898,25.870221885677218,34.89709561,-76.4299422,-1.289681370889995,-0.0977499097597961,111.32703781,-36.22303302,14.2574014,480.46454929400306,-1.8107776984210016,22.009931714294083,43.78580034,-47.22089064,-0.9812741270864872,0.2472896096526706,91.00669098,-18.45480215,11.14180124,444.0218635370859,59.71708673887379,7.040384785375671,84.02539321,39.93839523,-0.2801943596252476,0.0596181038539805,44.08699798000001,54.45604202,64.45599624,439.00802287361375,0.1165635915671742,0.0583689006519887,0.30040218,-0.03659907,-0.5885609570994328,-0.0417315058833096,0.33700125,0.07936772,0.15958535,400.3752320956327
-12.05314981696975,24.98336704884404,32.14833157,-75.99397571,-1.2617117426752833,-0.1334437365761306,108.14230728,-36.71131427,12.06449502,505.4178859759973,-2.4153905291341857,21.34289606823937,40.27627885,-49.91842711,-0.900983355982047,0.1608357263235023,90.19470596,-16.11366713,9.81973589,427.2514798563135,72.5386635737015,6.911584395909039,97.97083541,53.10454818,-0.0086398181589166,0.1249031157858083,44.866287230000005,67.84018203,76.81016799,388.4273949756132,0.1142101664737226,0.0615942675708267,0.28427145,-0.04422846,-0.7031635038590389,0.0573151835837951,0.32849991,0.07261026,0.16176518,378.09786751376095
-9.958036031573744,23.56313291877118,35.84422772,-77.09697254,-0.9442597493505476,-0.3531362674450461,112.94120026,-26.25359447,8.18658297,444.6897482375074,-2.0344650768789823,19.3281611595304,43.52967012,-51.70261443,-0.542734884939458,0.2141208601667453,95.23228455,-14.19541895,6.5129379,459.3224924930805,82.51268813054892,7.287612371746508,108.03618881,65.60040542,-0.3537059524368002,0.4081881639443093,42.43578339,76.82106277,87.57850906,377.1734741796535,0.0987940811995502,0.0761777644561095,0.38105577,-0.23605326,-0.3134327995908497,0.0555321342061994,0.61710903,0.04318259,0.15478973,311.12291442683863
-10.979506406113671,25.021186727139177,34.02625363,-74.80597217,-1.3332621855286562,-0.0737332240291646,108.8322258,-35.52221973,12.8492326,482.5343921348149,-2.5609869311641944,21.33272896187448,43.37163484,-52.2889868,-0.8572075736863769,0.2331197162522618,95.66062164,-16.4362818,8.00175989,514.6465039441335,91.87968713032733,5.927782886073511,114.92444106,75.46412155,0.1711104202889672,-0.0737815896933739,39.460319510000005,89.08259078,95.07166549,430.88238158909866,0.1129771466952089,0.0745487209976319,0.33920309,-0.10330178,-0.4010348734847362,-0.0467689787396074,0.44250487,0.06018524,0.16568887,335.1949588745795
-12.096686263659588,25.151504034069937,32.26277249,-80.44300372,-1.2413220740719335,-0.1588679543856657,112.70577621,-36.05300815,11.49120038,481.9722165588752,-2.1974927818965444,21.4197022704218,47.25390566,-53.99688017,-0.7970560463900771,0.2576921869794999,101.25078583,-16.09840834,8.30802572,523.3508769673107,96.27915843453904,6.205888434104395,117.24051162,80.35783645,0.1079665917252086,0.0522527938878297,36.88267517000001,93.03898116,99.56756088,410.48187376209665,0.1123074738321928,0.0773491815240881,0.34835836,-0.10025002,-0.5005180811081651,0.0454964828105059,0.44860838,0.05778743,0.16765071,336.6587254408151
-11.126972361107317,25.657584373934043,35.40935223,-77.96018512,-1.3469615041043244,-0.0826015959455692,113.36953735,-35.92657764,13.72334378,469.3820218323333,-2.2743186422205435,21.961918182906324,45.19615114,-54.72603285,-0.8821695529622726,0.2953083814615237,99.92218399,-17.12728751,8.5412668,485.131261121464,100.90655417356564,5.466915761091571,120.58654281,85.45862838,0.1970382257345186,0.027494223539622,35.127914430000004,98.21061965,103.75828048,437.32095108439034,0.1163019267543286,0.0722662429422131,0.32808598,-0.09392853,-0.4740470140735575,-0.1056882914942832,0.42201451,0.06519884,0.16874063,360.8245420084038
-12.143518288102296,25.07251006561364,32.62571423,-80.35035999,-1.282908135391749,-0.140317952104771,112.97607422,-36.65463931,11.67648595,495.4654989977555,-2.6948472104831587,21.230040047778633,45.28552187,-54.73257506,-0.8262056499919117,0.2283012332457555,100.01809693,-16.44282019,7.4622525,443.1919886318374,103.43580444750908,5.524552103477215,123.72004196,89.7801387,0.0963842943817145,0.1380124420876802,33.93990326000001,100.72831985,106.29233047,416.0811491488061,0.1165775112865295,0.0753478723133169,0.35271803,-0.10439169,-0.4525292840593811,-0.0760451134755524,0.45710972,0.06345498,0.17113844,365.3483738769177
-9.910487416170126,23.808046110397058,37.61097806,-81.23646076,-1.005008293265154,-0.3163429324207822,118.84743882,-27.55713184,8.28031533,465.8007773834161,-2.576616650358041,19.60775884116668,51.81192339,-51.40942824,-0.5188343747286344,0.234393038243742,103.22135163,-14.61067641,5.8884176,435.70495259006015,103.7866619891147,7.008729252860095,124.73366043,90.25425216,-0.530676282046695,0.0109788632954238,34.47940827000001,97.60026809,107.85090133,394.3225164332612,0.1056104977105221,0.0819314732886333,0.36427111,-0.1346913,-0.5176892387768239,0.0691203963561517,0.49896241,0.04579839,0.16503492,339.5564728736256
-12.408717628969269,25.084175278616204,33.06821912,-83.15252979,-1.2507941340284263,-0.1547456803515043,116.22074891,-36.14565189,11.3157243,462.82787155609986,-2.7767835739284457,21.38308351232039,44.17272127,-54.73911345,-0.800587708398564,0.2196860417801538,98.91183472,-16.5670706,7.07642305,513.4275576444028,105.1779066174034,6.1430964970337145,127.62193557,90.84825393,0.0791209749812482,0.0180324499882489,36.77368164000001,102.40133926,108.31412002,459.3624199373513,0.1193469520837567,0.0774393733356802,0.35424391,-0.09567238,-0.458108827869784,0.0250841019580549,0.44991629,0.06519884,0.17440818,347.49528052088317
-11.76846807364278,25.71025937698588,33.57393925,-84.63045032,-1.325796106914077,-0.1158558130620184,118.20438957,-36.28406818,13.16857712,485.67859612826913,-2.5153084709502433,22.05278011216552,45.57543886,-53.47590315,-0.856313241371697,0.301882977851744,99.05134201,-17.45970976,7.9886812,482.6459682834098,106.45069704423294,5.437822225069767,126.76090499,92.88093826,0.2585812992311354,0.1046922555983207,33.87996673000001,104.03620407,109.12610122,432.4278496300588,0.1239310541816172,0.0728826027042847,0.34094696,-0.08586317,-0.4688759671474707,-0.0942737731647476,0.42681013,0.07282824,0.17680599,383.1039979739108
-10.725487808958295,23.62664829591132,33.69927876,-80.22175128,-0.9803502650609895,-0.3652157321199376,113.92103004,-27.94732005,6.92882245,478.9224298530565,-2.6425714787697308,19.592852698121224,42.47245348,-56.45790541,-0.4148150822775416,0.2008589181335287,98.93035889,-14.273893,4.82466209,456.9921411074574,105.46862681086724,6.475874283653582,125.72003433,92.67386123,-0.5380212836244294,0.0980716805680901,33.046173100000004,99.42587539,109.36043044,419.2937572597829,0.1087903437242317,0.0807531062092796,0.36383514,-0.1067895,-0.6154749662902379,0.0418462538794871,0.47062464,0.05015804,0.16852264,364.5490736390826
-12.36093450915907,25.607671745336617,35.30145352,-76.81141193,-1.296570494851628,-0.1084166426370242,112.11286545000002,-37.06117923,12.26830857,467.6465990913856,-3.424425971999946,21.587804314641232,48.35036028,-55.79196989,-0.8669983880935717,0.2245404632636251,104.14233017,-18.70984137,7.9886812,509.936401469348,107.4233309029092,6.01122525731315,132.76632949,92.79374954,0.2696178275804293,-0.0488034045452773,39.97257995000001,104.97898361,110.4340007,418.8704353275824,0.1302223208745464,0.0767265532396552,0.37604216,-0.09850617,-0.4080945517255099,-0.0099474872052553,0.47454833,0.07653394,0.18399942,352.77823078774736
-12.25826479152896,25.3837510398154,34.29982083,-83.34980304,-1.2970472745798811,-0.1345677714281437,117.64962387,-36.73856265,12.28792756,488.9953484888829,-2.8299554220062055,21.7220889131418,44.97925508,-53.41922819,-0.8519406617689809,0.308006169013593,98.39848327,-17.97850859,7.54726589,498.9645358957072,106.7481846552011,5.568181373907217,125.98706314,93.43134567,0.1530044092167402,0.0988048115505877,32.555717470000005,104.13429519,109.55116531,444.264090516672,0.1295125566102002,0.0733470015295052,0.36034742,-0.08978686,-0.4948881096049775,-0.052325375359536,0.45013428,0.07784184,0.18247354,350.04630803613287
-11.070044465460922,23.901971293861187,36.47202008,-78.91495044,-0.9708005113803412,-0.3522762959508708,115.38697052,-28.4410506,6.87759679,451.38009185719727,-3.0558492401688966,19.695842149630263,49.91874635,-53.35383284,-0.4639376960261714,0.1939985212221802,103.27257919,-14.88969385,5.02302635,436.9924664719652,105.88869891376372,6.79418462939714,130.13418838,93.18066665,-0.4508558301917129,0.1258158499949331,36.953521730000006,99.6929042,109.8781459,397.5848393242869,0.1176829549550419,0.0827800549488566,0.38781324,-0.11441889,-0.5176703485349203,0.087910358734672,0.50223213,0.0582234,0.1778959,332.9694453155528
-12.151887726776238,24.928206453991265,34.21262829,-82.41356952,-1.312073835055959,-0.1331840223804576,116.62619781,-36.3908797,11.70482342,501.507877625474,-3.107119644869222,21.396203452544473,45.13947237,-56.67697966,-0.8050691513429982,0.2976394301597367,101.81645203,-17.47496855,6.80176485,477.7752111572528,106.81351641830784,5.7138604858712485,127.98160049,93.19156906,0.2159894926836836,-0.0331373858007426,34.79003143,104.40677902,109.74190017,445.8152326796811,0.1324833978953001,0.0738391045974616,0.36252725,-0.0767079,-0.4693119468883884,-0.0477500621003703,0.43923515,0.07980368,0.1855253,361.4032870363323
-10.67240845472347,22.96457798490676,35.07692807,-79.72366626,-0.9651327822371614,-0.3532643510169,114.80059433,-28.01053531,6.39367502,446.4373579628148,-3.080445706902476,19.093448667785,50.24135912,-57.51621306,-0.3803356574820413,0.2027742461419497,107.75757218,-14.66081202,4.42466343,451.5722633923364,104.8800487718979,6.833582476476115,133.64915725,92.58666488,-0.5087048398816765,0.1196019280856034,41.06249237,98.30326339,109.14245101,404.91054071195623,0.117190499550072,0.0807635952084754,0.3808378,-0.08978686,-0.5181375632732457,0.1022358112987651,0.47062466,0.05887735,0.17615204,320.1002615635845
-4.944407442418962,14.320085828375342,33.85186665,-66.14007099,2.034000215784494,-1.3407849187733512,99.99193764,-2.31037433,-1.00574786,453.6530010155301,-1.5190983442934811,11.941177116110158,44.80160082,-52.08844435,3.203003560996188,0.2942265679136183,96.89004517,-1.6712228,-0.28158302,499.0494283582728,95.66455414772412,9.559706049903392,124.82085678,74.34696456,0.4085020337659464,-0.5016269169652784,50.47389222,93.09892532,103.4258525,429.7836054425766,0.0636346335982256,0.0705927117546372,0.30062016,-0.11899653,0.023706322751452,0.6635783991964793,0.41961669,0.01462686,0.10181994,320.8033010966924
-11.87664717445842,19.416086328477284,22.23065756,-64.52427866,-1.2098695016510486,-0.173411709287202,86.75493621999999,-26.404008885000003,8.91409443,480.8547552679652,-4.736839697188871,23.614430949014295,41.37070619,-59.09752119,-1.2665365607693515,-0.0467519843564704,100.46822738,-25.12273825,16.8116852,448.0933110341085,16.151443953363582,6.028035434721307,32.72767943,-1.56644792,-0.573929669684162,-0.0453358898465179,34.294127350000004,11.22913664,20.48250121,410.3517582847238,0.1066684193054059,0.0642206544087571,0.28319255,-0.03549815,-1.202899457470867,0.1612502568610913,0.3186907,0.04668132,0.16591786,387.6092689318685
-12.44912209082339,18.569783963193153,21.26172445,-63.70902445,-1.141194709229471,-0.2290660574193778,84.9707489,-24.435625095,6.7942128,510.2464920446039,-5.161067322373897,23.361188312715925,35.60724413,-58.72913206,-1.195513329047554,-0.1052476268335228,94.33637619,-24.69876135,18.38442957,451.3762396315127,23.962762362514127,6.911529734662582,45.21263808,7.15285986,-0.6580188497801105,0.1292515528116296,38.05977822,18.53155631,29.21815794,376.6414207991989,0.1036933007241968,0.0668984955562365,0.27011359,-0.0348442,-1.240403860649674,0.1637427054739335,0.30495779,0.0407958,0.16875163,392.45498595296584
-12.928252419853116,18.784444547860893,19.60832594,-66.87740519,-1.0768497338138985,-0.2651319867170968,86.48573113,-24.596932430000003,6.79530285,496.62069784144256,-4.53212115892411,23.1703990835088,38.83011781,-55.78309477,-1.2167947766784335,-0.0163424208181051,94.61321258,-24.50693739,19.017124765,436.51011389567947,37.00896448037849,7.32473193128827,57.27253264,18.48251074,-0.5803446997963522,-0.1412909245508541,38.7900219,32.10097807,42.48785704,447.01415845983325,0.1027189022657942,0.0652943151592698,0.25943244,-0.02939463,-1.3101782012536738,0.1160479065544551,0.2888270699999999,0.03730807,0.16439198,385.4616697114086
-12.156740275142509,19.142572145253492,20.32875822,-64.8730488,-1.2146133006849689,-0.1471723730902985,85.20180702,-25.983302135,8.6350765,496.8933651440832,-4.6378939464679405,23.73599247206927,39.35981523,-57.74276198,-1.2998705796268002,-0.0283022035750695,97.10257721,-24.9189247,19.11140215,411.4050372148768,51.989730164063154,6.500888120958258,71.43050688,33.81759184,-0.4802515911261373,0.0033908622267434,37.61291504,47.51235503,56.82566756,378.20006402889857,0.1047969891299679,0.060919277367635,0.26030437,-0.02416305,-1.2653352727270422,0.110322388687158,0.28446742,0.0458094,0.16199417,381.679834912012
-12.813819306669714,18.501689671434765,20.23829649,-61.2599888,-1.1263509064783346,-0.2532824815666167,81.49828529,-24.227451345,6.18059133,486.64418438357,-5.38342703874062,23.168341734653236,36.17399751,-57.63376845,-1.1527837910245675,-0.0812582432819848,93.80776596,-24.57233275,18.58061563,450.8384916344878,64.59706801674872,6.723798838632633,84.1116516,47.34886855,-0.635954013659398,0.0535444607635355,36.76278305,59.70848769,69.67574614,441.32516046256967,0.1027177422776198,0.0660165804467672,0.26684385,-0.0348442,-1.2738235316012751,0.1539914554130662,0.30168805,0.03926992,0.16657181,357.3693058047904
-10.628475394183786,18.194693420224,24.07697103,-65.49430277,-0.8941763285666653,-0.4760434631405803,89.5712738,-21.0825062,5.54190205,445.9061682551001,-4.652408527308798,21.42288009097919,38.88788377,-62.04574049,-0.8321991532319744,-0.1492430405020935,100.93362426,-22.211034185,11.303262345,465.36857042189314,74.58796360947854,7.6542590152778684,103.29957884,-3.84436709,3.3770225572514265,-0.1099551063266002,107.14394593,67.0926544,80.14981383,328.5480977400955,0.0894562707011292,0.0694494616140965,0.29474563,-0.04792317,-1.148637343428461,0.3660883059676701,0.3426688,0.0268449,0.15480074,347.15983705387725
-11.71812725666423,18.844743954773207,22.56417082,-59.4518223,-1.1964065871751872,-0.2083781776062395,82.01599312,-23.48031618,7.64107559,515.0997327101019,-5.418375132056864,23.885583099663585,37.99960481,-61.19233549,-1.1727873416936307,-0.1425179372948706,99.1919403,-25.7603382,16.75500929,432.8238366196304,83.70506001106018,6.086394725097612,105.05978697,68.79291838,-0.6426626819692149,0.1486250562780647,36.26686859,78.36780852,87.93179625,411.4874832835254,0.1019960965971268,0.0643722080328797,0.26662587,-0.04072974,-1.1982570717954275,0.2100229524184562,0.30735561,0.04362956,0.16439198,407.0255491479418
-12.799151671242225,18.823669546711503,18.51841352,-66.43599131,-1.0912525941061977,-0.2965281071885315,84.95440483,-23.10320475,6.29394243,476.85221376889433,-5.222505721095106,23.757368541885256,40.23501741,-59.04193724,-1.1432094981370122,-0.0854154518010303,99.27695465,-25.97396124,17.71958315,465.0967144316207,89.15870483638327,6.329204793109944,105.76822966,74.84193724,-0.901702695035699,-0.0883531711734449,30.92629242000001,83.53944701,93.79553526,452.9679652882412,0.1010985433668519,0.0664087928079307,0.25572673,-0.03680605,-1.3042348935623234,0.1539669441928095,0.29253278,0.0368721,0.16569988,381.31933239480145
-11.953619989020192,19.30856730882296,23.4317436,-64.80002787,-1.2129001471010434,-0.1914717227709796,88.23177147,-24.08412745,8.38112686,442.0118242832263,-5.121895843123962,24.178131612313592,39.18433916,-60.69424666,-1.2555292260981397,-0.067451598742023,99.87858582,-26.51128805,17.068359485000002,502.65042907085933,94.38535486482104,5.30395711391724,109.65922087,79.77379912,-0.6523594309353573,-0.0941816591216985,29.885421749999992,90.03533476,98.16608733,406.6557716163343,0.1039948265919921,0.0613831013936687,0.25834253,-0.04770518,-1.2614259126631664,0.1443113168023976,0.30604771,0.04668132,0.16199417,362.80606601695337
-12.728345800208734,18.79070504218336,19.93857,-65.97059824,-1.1201276957723223,-0.2916987591103442,85.90916824,-22.898846645,6.16642259,445.4430262262917,-5.793805333848665,23.550118107150492,37.68243944,-64.16126479,-1.1370066975430504,-0.0983566060826018,101.84370423,-26.17777479,16.796971435,494.48206276637706,97.22718823687832,5.786308756204457,114.57473296,85.01627654,-0.8595127587073734,0.066528745341482,29.55845642,91.87183684,101.31048888,410.11750102184715,0.1034451997611165,0.0654086226175031,0.26204824,-0.03026656,-1.2839731733270023,0.1815460395496625,0.2923148,0.04101378,0.16722576,372.72419316889784
-10.468904715381354,18.36651740426214,26.27859686,-63.26324656,-0.9486073688128096,-0.463189748989468,89.54184341999999,-20.96152498,6.362061955,438.71437216621393,-4.873479891646316,21.71934125025167,48.93688738,-60.04356612,-0.8772080454687723,-0.1686895364322232,108.9804535,-22.980512984999997,11.97464906,449.8860577405185,98.49343913620966,6.8303062127090195,119.81177062,85.70837706,-0.8740412685236638,0.0852912890382794,34.10339356,93.61024779,103.57205504,363.2285880304112,0.0922318528482792,0.0688176475605904,0.28798818,-0.04160167,-1.107526597020211,0.3812995669181568,0.3295898499999999,0.03469228,0.15698057,338.12712747974865
-12.91785685524528,18.7875068382083,20.10532759,-63.80275919,-1.0930780906523474,-0.3176019012322675,83.90808678,-23.06069948,5.82309983,508.7245220688323,-5.698361261845327,23.70311732630851,38.69278871,-61.31113661,-1.1255845357722816,-0.1229571012360326,100.00392532,-26.1042055,17.01222955,434.4705058170495,100.95020219563392,6.191311525633417,118.18780058,88.38411253,-1.048614921002906,-0.0036704965568594,29.803688050000005,94.78735655,105.47940367,428.4593248011652,0.1050028495476347,0.0669292020916575,0.26357412,-0.04247359,-1.2713084426512269,0.1841653861833579,0.30604771,0.04057781,0.16940558,390.34832654452487
-12.263638328645705,19.44387769785683,21.23883627,-66.55369761,-1.1916574645361977,-0.2234989431738272,87.79253388000001,-24.00129511,8.00183676,468.5587576041622,-5.2721853103624685,24.195980305915132,37.91241228,-60.23539198,-1.2376531796912515,-0.0714470435315576,98.14780426,-26.43499411,16.71359312,482.9460436606514,103.21031874978424,5.230769636999117,119.00522917,90.74377745,-0.7430113096506754,0.0215042998961443,28.26145172000001,98.61840361,106.88539427,403.9997237778932,0.1084484051338735,0.0617019656142014,0.25332893,-0.02808674,-1.2880853088962276,0.1324100445986198,0.28141567,0.05038703,0.16678979,361.29913187796984
-11.1796270889429,18.225953136085295,23.67915342,-63.96624186,-0.8508459863315521,-0.538051747510404,87.64539528,-20.61929323,4.49013541,418.2369288665753,-5.583650450552882,21.81881946855625,46.92817461,-64.20049513,-0.741964592794266,-0.2229153211491568,111.12866974,-23.85734881,9.11471569,462.6884245475602,102.4150082401926,6.5669033854364605,124.2804138,91.34322661,-0.9690263344927774,0.2175523720628311,32.93718719,96.77099913,107.35406035,392.2663568785241,0.0936330461364759,0.06993828332427,0.28537238,-0.03462622,-1.1388711608651545,0.4050056702541091,0.3199985999999999,0.03251245,0.15959636,345.0163460527715
-12.685067149181975,19.07697851281313,22.71893881,-63.74172403,-1.168562633282315,-0.2572101167635844,86.46066284,-24.686305065,6.66451309,451.73005095274885,-6.046482295377152,23.73308357027341,36.60560381,-61.46045531,-1.1765726012539692,-0.1127413576386173,98.06605912,-26.61537493,15.5528351,478.39504122675424,104.8452289127762,5.955088620442524,126.00792998,92.51488799,-0.8279111162753239,0.0276180297776893,33.493041989999995,99.57207793,109.04342192,418.8443551701135,0.1103237697983825,0.0651225514346792,0.28232063,-0.02176524,-1.2403588781499828,0.2129848764244914,0.30408587,0.05016905,0.17463717,382.05407229352863
-12.749652101680311,19.068613681828,20.52930258,-67.04416086,-1.165266649801171,-0.2530699479891537,87.57346344000001,-24.43943979,6.81274126,482.91476354071295,-5.601620448218663,23.747838881527716,38.5881592,-61.12912215,-1.1918475060235658,-0.074767333690514,99.71728135,-26.317284,16.17408525,439.2512343768107,104.93022324980927,5.461744502164337,121.31039732,93.21242827,-0.8609963918938077,0.0136786610800777,28.097969050000003,100.01893919,108.87448424,416.0203592935585,0.1097586357233604,0.0622316755240961,0.26052236,-0.02895867,-1.2746919482067964,0.1606430228980401,0.28948103,0.05104098,0.16853365,364.576450281565
-11.34290513297023,18.27238978296093,25.97887037,-63.52919199,-0.8769938028271151,-0.5297893429610504,89.50806236,-21.19585611,4.48577593,471.78513143116743,-5.6994659865280015,21.462770867607254,42.49767839,-63.48442305,-0.7690548964772828,-0.1997263983655825,105.98210144,-23.35217417,9.55940019,440.4451951056308,103.76177547259265,6.681325078748702,124.59103697,92.15521544,-0.9031333292645604,0.1921685268527918,32.43582153,98.27508086,108.73279875,389.1100050652298,0.0968644771765387,0.0702810692680876,0.29496362,-0.0511929,-1.1274460090834086,0.4040157361475724,0.3461565199999999,0.03534622,0.16177619,354.61564589660134
-12.77605077467505,18.80400070658494,20.18379972,-61.18260386,-1.15650581670124,-0.2953216280169994,81.36640358,-23.64162256,6.26887463,524.6844157449397,-5.723968727352288,23.3643314668869,39.29660188,-61.48988188,-1.1444371982763837,-0.1004518107750061,100.78648376,-26.17668379,14.89452707,452.89330570851183,105.27217830415348,5.712386199035828,121.05427092,93.7410385,-0.970002715065608,-0.0080949194339339,27.31323241999999,100.11158293,109.47394103,435.7798381586121,0.1100520026473231,0.0640852622633609,0.27817895,-0.01784156,-1.2754192765944985,0.2021102460528722,0.2960205099999999,0.05038703,0.17180339,397.0588312864136
-11.036760949149455,17.843155662429897,31.01536177,-62.96788218,-0.7987467711820955,-0.5932836174661927,93.98324395,-20.36534311,3.80512486,422.6417295343661,-5.681249820031353,20.840842682968617,49.90036928,-62.92747725,-0.6842262702541468,-0.2272235349833834,112.82784653,-22.661168465,8.49782478,418.41033822129594,103.50909394162107,6.81043947073038,126.15506285,92.14976042,-0.9463564498926368,0.2365617355693328,34.005302429999986,97.47399443,108.85268706,365.75153301558,0.094511945352918,0.0694953794199904,0.2888601,-0.05925826,-1.083998453611553,0.4588076492653439,0.34811836,0.03403833,0.15676259,332.9716946887558
-4.888595342574813,11.550813498561428,22.99250792,-59.55754282,3.69548754513234,-1.9533239432350495,82.55005074,-2.6237302,-0.8482609,427.5075879350256,-2.8293192259549307,12.687982864908744,39.98215639,-57.20870436,3.023261300272023,-0.6947510373426661,97.19086075,-2.54626931,-0.80022777,430.2004485923952,94.47892921591492,9.658184026806824,120.36217803,73.93185729,0.3591549468723216,-0.4421247959385462,46.43032074,92.74376982,99.76826018,359.6876885625069,0.0436405990330297,0.0555661934018043,0.2485333,-0.07713284,1.6302253854243751,1.580469560903928,0.32566614,0.01376594,0.04973308,329.43678414847176
-10.699495774963824,22.34431367728453,39.35223149,-65.11598063,-0.9812072260043024,-0.5607954916879442,104.46821212,-35.295946605,2.82050919,415.6590391782594,-2.8836477573639945,17.71876213584304,29.3805808,-50.3051797,-1.093597992584136,-0.5118670212966451,79.6857605,-22.87042056,11.9953679,472.50530755815424,19.104417204218976,6.690822559735447,41.13404909,-2.17911133,0.6284784043240763,0.1823479661198982,43.31316042,13.95160833,23.53739801,385.2513656319816,0.0937169559995265,0.0699302684227713,0.29750235,-0.04189672,-1.0141277067151229,0.3022166423812271,0.33939907,0.0348332,0.15145394,365.089973446322
-13.308860855487309,23.718475397953217,32.57623815,-67.42005778,-1.343671752646268,-0.2834139130626656,99.99629593,-40.30518962,3.279907575,451.67872389530464,-3.972204477401716,19.059368921204513,27.79366483,-45.36787043,-1.4935394915880105,-0.4094287290451214,73.16153526000001,-26.36413966,12.61879911,509.5739060103856,11.549183041168185,5.954051399975554,29.64091364,-2.44069061,-0.5626900085125683,0.2449875699868642,32.08160425,6.60559145,15.53198305,391.899765652521,0.1084007816957914,0.0652892528470063,0.30229796,-0.04669233,-1.0108037605254818,0.1318231839791715,0.34899029,0.04420645,0.15733947,369.32051729252714
-14.052574450558147,23.71597297959604,29.91575955,-67.85929728,-1.3749910828972365,-0.3677571882431344,97.77505683,-41.321533685000006,3.74366592,477.2767182704331,-3.473767835701458,19.292095622524435,29.94406499,-44.53408824,-1.505303034385463,-0.3691320622518728,74.47815323,-26.03280459,13.54849424,445.7116219001798,10.683439506064966,5.452080826996645,29.9624373,-2.75676545,-0.0488546787759167,0.4921523766053712,32.71920275,6.48570076,13.76632276,405.3034554804573,0.1074655622686784,0.0663900433831085,0.30491375,-0.03165153,-0.92752765375808,0.2913668468211851,0.3365652799999999,0.04398847,0.15886535,402.6197217683272
-13.226466614916747,24.238461729799695,30.9642558,-64.80535747,-1.3444998134667825,-0.266092796935948,95.76961327,-40.65941096,4.09461807,430.7108080735313,-3.4275511434096417,19.809457154669747,31.06994619,-43.85615931,-1.5022611271971744,-0.3639610428750765,74.9261055,-26.59792529,13.53868665,512.7978177832971,16.22719767950168,5.344201468359353,35.58094087,0.35493746,-0.098431446323576,0.4765669244738331,35.22600341,12.36033502,19.52651659,450.58890672265534,0.1087911787987125,0.0610146548460539,0.28573128,-0.02925371,-0.9744692428948104,0.1915014331589933,0.3149849899999999,0.05009198,0.15515964,395.7631355155363
-13.68438723495317,23.566632477635576,28.99478292,-67.5421281,-1.383758598229928,-0.3130174021852813,96.53691102,-40.662136565,3.59870743,461.5441518107765,-4.127757955926756,19.13137645421596,26.51301564,-43.20548259,-1.5036991047603874,-0.4064415664917021,69.71849823,-26.5864812,12.57411184,492.01302494759045,22.949336518283555,5.638606355688032,42.46374574,7.71730295,-0.2328435841894105,0.4306767231420492,34.74644279,18.6709334,26.46926561,398.0561298342353,0.1063116935226539,0.0646284583135599,0.2918348,-0.02620195,-1.0156452311043949,0.1664103643214083,0.31803675,0.04246259,0.1545057,369.5000660632158
-11.359805094044113,22.14964782123112,42.03559636,-67.71651317,-0.9768775084308614,-0.5880945958336332,109.75210953,-35.53899623,2.80198049,416.7880715141195,-3.3757591768619686,17.818941359692236,40.15873327,-49.83433543,-1.138232452168492,-0.4839646902430981,89.99306870000001,-23.62736521,11.83624067,417.4364064551618,27.453865577191618,6.471038465978848,50.13673464,14.621905,-0.2530548878673859,0.4274278783385007,35.51482964,22.5673739,31.54826036,351.86031935396414,0.0908964761503747,0.0688685688777484,0.30970938,-0.03906294,-0.7840760216015998,0.441105285118246,0.3487723199999999,0.03265337,0.14513244,331.37806692459003
-12.439700844836,23.333987871573168,32.60130643,-63.51598979,-1.2685090207613694,-0.2908180515863148,96.11729622,-38.96241618,3.39707326,427.10715734930614,-3.8850603981324,19.279283842713447,30.68411626,-46.08830271,-1.409480704206592,-0.4256509620420924,76.77241897,-26.61917887,12.72234048,496.06607382625174,32.36610648245641,5.621741486446521,52.61628786,18.17502275,-0.2825187291872018,0.2755493356449,34.44126511,28.0169417,35.86976686,426.79019208880936,0.1016364977533894,0.0622246162023747,0.28769312,-0.03862697,-1.1160947967592243,0.0586621542792143,0.32632009,0.04224461,0.15123596,360.50663921754506
-13.516816598734533,23.28964080741556,30.39096211,-69.07345439,-1.2776458829891644,-0.4104933396568988,99.4644165,-40.24306346,3.28154253,448.261401082399,-3.613912765633268,19.378666848927868,28.88902845,-46.71064387,-1.4047523092983534,-0.4291741121333728,75.59967232,-26.32381259,13.14413728,489.4337482937525,34.46681782181671,5.692585112042803,54.13126817,20.95975176,-0.0932537999055074,0.3593957807584018,33.171516409999995,30.04962984,37.87521044,392.21732529307826,0.1002559500904859,0.06584299882009,0.29336068,-0.04037084,-1.014994300152863,0.2278719939140275,0.33373152,0.03832092,0.15341578,362.28704588197223
-12.557536718371557,23.87799159403719,31.93209981,-64.24950267,-1.2477666996742336,-0.3128490653641408,96.18160248,-39.56459285,3.98126697,467.5484400263728,-3.5158421453648643,19.81225197915667,33.79364003,-47.75478373,-1.402434347511695,-0.4121076500185106,81.54842375999999,-26.81972323,13.40789594,441.4398257407344,36.88700591521982,5.161529104361907,54.90510622,22.72541109,-0.0237508428860637,0.327875315501916,32.17969513,33.11773744,40.06593385,404.52860161344734,0.1026540835409802,0.0607114937634348,0.27897381,-0.02925371,-1.086737447729526,0.1345255469170209,0.30822752,0.04595031,0.15123596,381.048098647749
-13.36178845998889,23.262800313991136,33.51574468,-69.89634562,-1.2837245876992085,-0.3773103171078169,103.4120903,-40.04197551,3.12568497,445.9025427115665,-4.086266704545299,19.27552373426261,30.27321996,-46.65942012,-1.395645795842107,-0.4482505754586333,76.93264008,-26.59411059,12.5643033,471.2464852163535,37.71725362253361,5.12500965867756,57.39011064,25.61913172,-0.0112889625864407,0.4743403176796004,31.770978920000005,33.7389876,40.59454408,413.78648701566607,0.1017413948404659,0.0640403553707368,0.2918348,-0.03535723,-1.02579858140783,0.1834041579929899,0.32719203,0.04137267,0.15167192,385.4611040223783
-10.78964147946682,22.119171568905095,46.47263478,-68.43258525,-0.934625018243906,-0.5386054943861958,114.90522003,-33.80167628,2.59925663,419.37635006602915,-3.424265485764263,17.926955229281315,47.5069312,-50.47956477,-1.0802530496619014,-0.5042446997306353,97.98649597,-23.38104449,11.75558748,456.04391100366007,36.30689759123622,6.526018877870588,56.81245485,23.88617006,-0.4623469714046795,0.1804085103965736,32.92628479,32.16951051,40.63269106,383.6686522959696,0.0883782345851198,0.0759953283859175,0.50414995,-0.2385171,-0.6355816797038383,0.3365702900183223,0.74266705,0.02306213,0.14556841,313.4262442367522
-13.40559469746082,23.383125696942237,31.16480016,-67.20861674,-1.2753991968471432,-0.3847476333995715,98.3734169,-40.26431895,2.88808369,494.70732834125505,-3.779331067456541,19.349725488941992,29.04488553,-47.47358332,-1.4011605492900692,-0.4536149908094256,76.51846885,-26.48402987,13.14304723,539.4196862174167,37.77181459357912,5.683696036141057,58.62716356,24.81259599,-0.3178588179696846,0.3932333645688475,33.81456757,33.18858019,41.34113374,460.270936103051,0.1013584830512868,0.0807499748920657,0.35221602,-0.09966213,-0.5885823343319596,0.1430078367803692,0.45187815,0.0435525,0.16169913,364.9850280100408
-12.643032689901649,23.718612111104633,32.29722165,-63.83097697,-1.24933331105887,-0.3223437367964182,96.12819862,-39.421814455,3.60851668,527.3746543150223,-3.430188867387246,19.730413025302973,30.86503972,-46.62672053,-1.3942324577095555,-0.4281592714338832,77.49176025,-26.47640048,13.59209241,531.2648115901628,38.25714592060301,5.072262441980392,58.59446398,24.91068903,0.0338124952432248,0.4052685692071418,33.68377495,34.43108431,41.35748354,445.31633644397743,0.1030294310121067,0.0758571402157369,0.32976378,-0.10336784,-0.6170100727688927,0.0128599577043713,0.43313162,0.04856611,0.15973728,361.6186931666802
-11.614213377450245,22.13285615046859,37.68248509,-69.01241923,-0.9418473084615204,-0.6117344854495177,106.69490432,-35.13463832,2.20688771,427.81963315299214,-3.88990248675098,17.88724124019856,27.77077665,-48.15695964,-1.0781924243115235,-0.5592304513732296,75.92773629,-23.82464038,11.37411775,454.5235915177116,36.67846985782146,6.43307229767309,57.95141664,23.90796724,-0.3227767547800324,0.2468558185481212,34.0434494,32.44199053,40.73623338,399.440968531763,0.0890062613717981,0.0830601195795738,0.36703883,-0.11470293,-0.5512278926294005,0.2033837581291732,0.4817417599999999,0.02633187,0.14927411,324.924365794926
-12.730002079250111,23.392257277219905,37.06123113,-68.91106273,-1.2394555449864335,-0.3384164248142284,105.97229386,-39.20764781,3.11478566,495.9558513500649,-3.943300116088524,19.48146270303008,30.01708974,-49.77548228,-1.366353206948831,-0.4621189684904806,79.79257202,-26.7194501,12.94032373,519.7172050249375,37.865214292422735,5.494246719909971,56.79065767,24.64910951,-0.3152892766950979,0.2713133176792074,32.14154816,33.57004991,41.37928072,462.8844012361845,0.1016281993857642,0.0782267361927165,0.34872828,-0.10293188,-0.6293377785590195,0.1009573302309542,0.45166016,0.04551435,0.1608272,370.7127047672284
-12.58616151013569,23.4328945584767,31.71738576,-66.2734666,-1.243677235653847,-0.3513962821166038,97.99085236,-39.11282588,3.72622727,469.5585321363343,-3.733712479003012,19.713395770322492,30.00727834,-50.25177394,-1.3833103818397874,-0.4507446001542151,80.25905227999999,-26.89819728,13.31307401,495.91623904967736,38.1571109180836,5.1247934106078965,58.20209566,25.17226854,-0.014226964466292,0.4489581071617451,33.02982711999999,34.24579683,41.25394121,447.54158268508104,0.1025009799083686,0.075628051700184,0.34938223,-0.10663757,-0.5735510993025841,0.0714811695761571,0.4560198,0.04834812,0.15908333,357.4256188830475
-11.014809797868386,21.943902827008028,44.90207051,-72.11976481,-0.877978295098127,-0.5902767067848403,117.02183532,-32.505224715,2.28209185,460.0306366401209,-3.8034801128320206,17.964417597366754,41.97125997,-50.0316125,-1.0270028066894492,-0.5682452024650795,92.00287247,-23.463334185,11.52452554,443.5483677284337,36.72591812224435,6.363661892108049,62.18573061,24.04420725,-0.3582211558779584,0.2166977297790233,38.14152336,32.69266954,40.8452231,392.38610177598366,0.0889765017068635,0.0826462923022524,0.36071734,-0.11230512,-0.5223969016898637,0.2193509797725234,0.47302246,0.02698582,0.14796622,332.2164833254677
-12.678972470297534,23.169091603211644,31.1135745,-68.32795573,-1.2278506312212218,-0.3660012842353501,99.44153023,-39.113369475,3.13985371,455.7695280867663,-3.770177375466079,19.54887780132577,29.21491231,-48.03707133,-1.356631063958479,-0.4690631898468742,77.25198364,-26.83934031,13.28037633,514.8793989073038,37.64441483501674,5.34894202125679,58.58901659,24.76899973,-0.1061720706407864,0.3736247565764738,33.820016859999996,33.5809485,40.9869124,427.45409229257285,0.101777195027203,0.077207356319238,0.33891905,-0.10336784,-0.6095759601841908,0.0738465938514518,0.44228689,0.04595031,0.15973728,336.74485889754516
-10.452609750831591,21.04420174499171,46.99797582,-67.16828776,-0.7471167770634533,-0.6421202201672891,114.16626358,-27.58480884,1.89517247,416.147357934255,-3.605547950742863,17.253094432594853,37.98217763,-48.43597804,-0.9054735792220834,-0.6090504300190519,86.41815567,-21.4132062,10.73324861,461.9530696288518,35.341008700800515,6.340254606127162,58.12035433,22.59462229,-0.4663820316389233,0.2328952932017036,35.525732039999994,30.74172655,39.82615343,391.3068265863234,0.0831313805175264,0.0810037288747911,0.35766558,-0.12734594,-0.4991944702287596,0.244202634593731,0.48501152,0.0221902,0.13968287,309.18237377302745
-1.8606291308887104,8.969011620848265,35.75551747,-58.12200786,14.230862473737677,-3.2550139431514906,93.87752533,-0.66176463,-0.02634508,399.3219376099495,-0.9211383919635078,7.136302927732403,40.51077642,-46.11010371,11.38756994735858,-2.3403685151730276,86.62088012999999,-0.78713773,-0.09286295,438.0668729087316,20.56630526372375,10.467096992852072,52.57814089,5.56472412,-0.8728347265352983,-0.1160524793628558,47.01341677,7.05790535,25.46654382,370.6414951692941,0.0150862724696948,0.0548387917428153,0.28900103,-0.15088808,2.4408510851481884,1.1503551035326869,0.4398891099999999,-0.00963527,0.04006478,315.16954989629886
-15.066207103273635,23.203882111103685,41.07396566,-72.75224818,-1.235934737062097,-0.3935606426984646,113.82621384,-42.59760798,4.72207796,392.1071257520229,-4.2333849275092374,27.89520279698952,64.35196556,-57.85677086,-1.210035852152388,0.0796794214049081,122.20873642,-34.26123558,16.9952208,377.7716629613776,13.4952321227501,5.394386384268442,42.97363756,-2.09428527,0.4472664247166418,-0.4192099058859153,45.06792283,11.24625585,16.78846643,355.0657750889539,0.1222770717390793,0.0621937578454216,0.29865172,-0.04837675,-0.1168329486894919,-0.3075970266002364,0.34702847,0.09178613,0.16284849,320.8522981535478
-15.68035633735592,22.968133916357385,27.24950086,-68.06561793,-1.247369145289611,-0.395378710828339,95.31511879,-43.48588694,3.72698676,447.521419760243,-4.5051710190334875,27.51910089460566,44.749869,-57.53197609,-1.216839742013622,0.0059571062477649,102.28184509,-33.96205269,15.85626091,465.02261678869456,19.46985422549037,5.951251740703001,39.58400819,2.41250703,0.2382436426516161,-0.2930656988901248,37.17150116,16.25440881,23.26800249,443.0834021737447,0.1199792749612305,0.063450863285022,0.30301136,-0.05927588,-0.1998641173812885,-0.1875034395375935,0.36228724,0.08568261,0.16437437,365.3805443914026
-16.121054326049713,22.883729969082378,24.53561651,-70.02419032,-1.2378385165797203,-0.5050775288187282,94.55980683,-44.09515131,3.64415347,405.67272028475577,-3.842931020394903,28.030813044643217,50.45229592,-56.73198067,-1.2310909161424763,0.051191453547948,107.18427659,-33.45415245,20.319455759999997,399.52322182498074,32.70906692906867,7.295230062002477,53.34416292,-2.52480104,0.9260792885472692,-0.4919802863683721,55.86896396,27.94917963,37.89463899,327.67885662980154,0.1199607757184388,0.0637212347743859,0.29603592,-0.04292719,-0.3280859205099751,-0.1951975662249162,0.33896311,0.08742647,0.16415638,349.48814556666446
-14.888181473765668,23.285014110755665,29.48273336,-67.35608424,-1.2122663463876986,-0.4154820482591308,96.8388176,-43.02594508,4.50082551,382.06553327605616,-4.23724750441454,27.96606809055815,50.49262108,-58.52271019,-1.2147349175211395,0.0684393978372771,109.01533127,-34.656327590000004,16.80666412,371.08793576005814,48.435569682538016,8.586744184956833,86.10151765,-2.56294801,11.675345680837417,-2.3164835739002116,88.66446566,44.28698442,53.74743364,269.6147104093573,0.1221461985482727,0.0578396837473371,0.28971442,-0.0527364,0.0402816266482375,-0.3436420369619733,0.34245082,0.09614578,0.1602327,343.8476966790757
-16.160357621896388,23.076006347544723,27.39881956,-67.80949152,-1.2529949416907844,-0.428712639797032,95.20831108,-44.486428625,3.11990499,493.42696304716605,-4.814367965123987,27.810764611542023,45.71117272,-57.67802559,-1.2414910789677718,0.0028062324934225,103.38919831,-34.39965187,17.246445315000003,479.26673793970144,63.54748040982228,6.3054159949931075,82.07428072,44.77199647,-0.1051328589068356,-0.2712652597062263,37.30228425000001,59.28419206,67.95445344,405.99689654812465,0.1219471592578763,0.0631307127340048,0.29886969,-0.03551577,-0.2965081304708366,-0.1962783423197038,0.33438546,0.08677253,0.16611823,354.5805991120968
-13.66060139171502,22.314885029379145,30.70016729,-71.23944605,-0.885087716793699,-0.7354861318754977,101.93961334,-33.26794947,2.7242664,381.9043197604899,-4.269131735811141,25.557054144271778,58.2931353,-63.45674644,-0.8824793593337756,-0.0038463666990028,121.74988174,-30.351168975,5.1832820349999995,394.0870704734161,75.03267679514096,6.72762780098228,94.78812501,58.27602479,-0.6076485071017741,0.0605264339988571,36.51210022,70.01983736,80.27047823,355.12297811291495,0.1056536770060769,0.0717810157493784,0.33701666,-0.0427092,-0.729741728968218,0.0825963266527267,0.37972586,0.03205887,0.16045068,314.2746822866927
-15.103776873563534,23.518552510940815,29.19935667,-68.72283686,-1.1675203358164137,-0.441588839721611,97.92219353,-43.694606195000006,4.02889287,447.26095413598335,-5.058019873080943,27.505846326237872,48.06102623,-62.134683,-1.0960225562452712,0.0493552499623013,110.19570923,-33.74025474,8.526046885,474.3119496514416,84.5404744951281,5.182313732178841,101.0714731,69.95444582,0.2141336814964134,-0.5011879360154936,31.11702728,82.32496736,87.77998445,420.0327610624981,0.1196129541518726,0.0596006422219069,0.30039557,-0.04728683,-0.2558534698663939,-0.3843751213963426,0.3476824,0.08764446,0.16154059,408.8848977014351
-16.365129138734694,23.570013192146703,26.30781614,-72.77513636,-1.1742909955825604,-0.5421070517001249,99.0829525,-45.19378413,3.39347326,448.1638700779597,-4.621005108697748,28.125369138452385,50.13622154,-66.93684517,-1.1027920482502196,0.0385387212471097,117.07306671,-33.41437279,14.35544933,477.1428393956227,90.42617658782513,5.513283684438547,108.6300287,75.78548524,0.0899883449321663,-0.4186137348802299,32.84454346,87.92711732,93.9706888,464.9426280220787,0.1208602307306437,0.0635823125725061,0.30628111,-0.03900349,-0.3919263850744348,-0.2343376743272659,0.3452846,0.08742647,0.16720814,388.9351598329132
-15.110312127967848,23.81520414574535,31.20479642,-73.2503332,-1.151359009365873,-0.4698293418858404,104.45512962,-43.86081828,4.56404053,439.9581769627489,-4.8448270214788405,28.273569368787392,51.7133242,-64.32976662,-1.0976502286976124,0.0827481662783015,116.04309082,-34.44434105,10.45900883,431.3355780487245,96.25390776471816,4.66594117657858,110.03056428,81.74186037,-0.1360838814388159,-0.3959470644026061,28.288703909999995,93.70910738,99.51834962,417.4916048726226,0.1239992235921748,0.0575429047133648,0.30911488,-0.045107,-0.0793151701354499,-0.423275298393391,0.35422188,0.09788964,0.16284849,376.1931125655498
-16.316373849683224,23.531525359642792,27.86094152,-71.05743159,-1.177604310858586,-0.5064695343518238,98.91837311,-45.0815214,2.980941045,487.9947104046471,-5.116363836881913,27.826595936719897,50.52422966,-64.97717415,-1.110182978434686,0.0108999360693469,115.50140381,-33.700473175,12.60286869,455.58822364362294,99.63164076967692,4.884002726462926,115.38749025,87.14782808,-0.0287409079760858,-0.3903289084383283,28.239662170000003,97.44206331,102.70634553,406.468668418958,0.1246883911375364,0.0619299237372218,0.30671707,-0.03813156,-0.3893354016841375,-0.2494385787429583,0.34484863,0.09026025,0.16829806,385.6636742985594
-13.81401066093121,22.8172486893942,35.48379766,-74.84924067,-0.8260948428628994,-0.725149497564648,110.33303833,-32.159507165,2.351516,442.4701588568131,-4.975586940548923,26.048990791445977,54.72475685,-66.88452278,-0.7935619220831223,-0.001092584324103,121.60927963,-30.20948063,3.15549792,427.0310676980955,101.11632495866832,6.082515371548576,117.681756,89.36035249,-0.8828849990319791,-0.250298128452802,28.321403509999996,95.06605623,105.38753603,372.3831034242313,0.1126017315022313,0.0780739329323913,0.46083083,-0.12750448,-0.690081853610415,0.0418339580779865,0.5883353100000001,0.0379444,0.16916999,291.3963796796388
-16.87533880553664,24.03810629961346,28.14432012,-74.37840022,-1.1599654276902294,-0.5096588737843795,102.52272034,-46.50167979,2.54225086,439.3778205084402,-5.513965313852414,28.32467949016432,50.93839897,-68.63057075,-1.0947355155074128,0.0196062147956892,119.56896972,-34.75114952,11.25682511,496.60365151359207,103.11390881876147,5.226301607742194,119.13679597,90.13419435,0.0714562671353227,-0.5817302271871757,29.002601619999993,101.27855775,106.48834322,431.13428349022297,0.130383485167831,0.079128638464363,0.38039522,-0.10745006,-0.3233017506679938,-0.1345096648069769,0.48784528,0.07500146,0.18682658,328.22956173940526
-16.1126631657586,24.295748068071752,29.81297742,-77.49664057,-1.1334036390780209,-0.5109423899432565,107.30961799,-45.68751276,3.70736848,460.1343178152173,-5.288627373802655,28.82101110306819,51.06700768,-68.47689186,-1.082370875868426,0.088251975395909,119.54389954,-35.23779808,9.977811945,449.5675442493941,104.66413862935566,4.662510925361189,121.22397707,91.66552064,-0.2192503734983715,-0.3546185708975296,29.558456430000007,102.22133729,108.04692171,430.30290984462295,0.1338346719117099,0.07366363468271,0.34922369,-0.10592418,-0.258906085461033,-0.259991223544543,0.45514787,0.08481068,0.18813448,351.7479159126659
-14.745012172032544,22.86165726469947,26.97048246,-74.47540034,-0.8405030832299647,-0.7446142242350428,101.4458828,-32.0941099,1.33680648,473.96097206649455,-5.175891473918982,26.294454301678535,47.30898537,-69.58097206,-0.8026636946321726,-0.054417118890183,116.88995743,-29.95553051,3.05740561,434.2385052106496,104.65173553554963,5.528741876945537,120.45559022,93.97613618,-0.8342482879783031,-0.1895388139495676,26.479454040000007,99.01153657,108.52103517,426.606750305104,0.1188112188164261,0.082814644158338,0.37494566,-0.12379877,-0.5646555224514604,-0.0946038243843917,0.49874443,0.06017864,0.17985114,349.38367911566723
-16.323051635920496,23.984440087383405,36.29142248,-73.98711909,-1.1445659666737276,-0.5003590553021047,110.27854157,-44.75127924,2.8283531550000003,417.300369044528,-5.821566207117664,27.992531185686676,57.87024559,-66.19242988,-1.0768912267352495,0.0277401321687484,124.06267547000002,-34.98275505,8.748389374999999,436.8620461442941,106.93378873801156,5.240600160363973,124.10679719,94.39575288,-0.0083911935364686,-0.495698824291424,29.71104430999999,104.90797517,110.19405458,420.03029778417465,0.1373501217297934,0.079545412567758,0.39935972,-0.10439831,-0.2454319103688802,-0.1075897451223806,0.50375803,0.0832848,0.19271212,304.7193727835678
-16.56466884670599,23.95872343140485,28.35249387,-75.67648066,-1.126918573874607,-0.5525310799271956,104.02897453,-45.827567465,2.92917012,475.691310633301,-5.388860861024186,28.50234020701525,51.50515236,-71.82074104,-1.0798476112260202,0.0683108782372249,123.3258934,-35.0645002,10.63121475,458.33718103760367,107.1113463492151,4.835825255596153,123.6871805,94.2649698,-0.0437721649694684,-0.4518920725139235,29.422210699999994,104.96246431,110.47197816,440.54016226949847,0.1388772988243406,0.0747937632953848,0.38540881,-0.0817281,-0.2964389593994596,-0.2283511553048059,0.46713691,0.08895235,0.19358404,342.11165609120593
-15.009122767598845,23.06878386023104,33.57862722,-77.17075861,-0.8114243856787957,-0.7680032562626514,110.74938583,-32.994380359999994,0.99893328,429.1018638837816,-5.62347470218335,26.05989121961908,59.70675148,-68.39296852,-0.777336280497197,-0.0661727574042218,128.09972,-30.14899002,2.65413775,436.2355326625198,106.25172191934048,5.887274354174598,124.35202882,95.19139192,-0.8473094087816118,-0.1081846161714447,29.1606369,99.93251894,110.38478944,382.7523337363505,0.1251605846494297,0.0854949296234392,0.41614439,-0.09502504,-0.4865367146064132,0.0201383116175788,0.51116943,0.06388435,0.18769851,304.23002462828595
-16.87592612048502,24.49240019311531,29.91869985,-76.23016108,-1.1120400148778924,-0.5598754748557739,106.14886093,-46.89077891,2.62835406,491.4781960042063,-6.081949034109205,28.297564773362495,50.25284065,-69.98860298,-1.0296659326471178,0.077254834790435,120.24144363,-35.02362953,7.065562625,484.667389218249,108.02624207878992,5.065940699528062,128.07952974,95.43117616,0.1540404200534975,-0.5240658627997199,32.64835357999999,106.21041963,111.20767305,440.7914667454496,0.1425595518268835,0.0757543223236772,0.37472767,-0.07780441,-0.3248492911302238,-0.2090002482629689,0.45253208,0.0909142,0.19837967,359.667959090933
-14.441589040310784,22.956024374842727,33.6200472,-75.23506678,-0.7257506348420368,-0.7907584899046802,108.85511398,-29.222733865,1.04688947,414.9641967526304,-5.774356079037601,25.659456885798647,60.41410698,-69.71721016,-0.6832261234232759,-0.0520576660282278,130.13131714,-27.966438635,1.64269783,422.3166562633608,106.37211195208,5.973688268426138,125.56728456,94.77177522,-0.8641090600389161,-0.1713834531663486,30.79550934000001,100.03605745,110.58641908,387.26059867638486,0.1258739668859878,0.0839674217577238,0.408515,-0.09938471,-0.5177812710911582,-0.0102933821234627,0.50789971,0.06628215,0.18813448,319.70486014543576
-8.47088731781371,17.375803433680492,29.11543333,-71.64489497,2.0919778226317325,-1.7833264304574177,100.7603283,-8.76451243,-1.21577109,401.0217219394032,-3.1935276513481723,18.598603235526408,55.13347496,-68.82893501,1.2796131500710608,-0.252736129709934,123.96240997,-3.29243074,-0.44230673,469.3595928796771,101.38667218456224,6.214556847608391,120.91880128,93.51292512,-0.991274097286882,0.6868845384437505,27.40587615999999,96.28130434,107.16954134,397.53752089583344,0.0817339091966367,0.080094648650174,0.34530001,-0.0930632,-0.5500977680677845,0.409662418681656,0.43836321,0.01985184,0.13538267,343.46820112738334
-13.006932195123792,22.167332448866023,50.14239666,-64.15465382,-0.9761579566306936,-0.5390252981270672,114.29705048,-38.19400624,1.00800487,417.53160972089506,-12.44062335627718,26.874321712071456,43.38403014,-68.15771791,-1.3440251144902575,-0.3128066148160539,111.54174805,-43.64665529,3.73188618,410.0413150010112,10.566457449477992,5.319897276879903,31.33121425,-3.03920716,-0.3039805679134764,-0.1550477129135297,34.37042141,7.71823913,14.1119440225,346.62769132090256,0.1191831771356226,0.0725374240241516,0.31139379,-0.04914959,-1.22419882813458,-0.198839949047901,0.36054338,0.04937859,0.17951426,332.10615236217234
-13.234277185687723,22.28436126169532,29.31741878,-60.79554203,-1.001671973333203,-0.5316655191483162,90.11296081,-39.6580317325,0.16114208,417.1732240976445,-13.462461799773402,25.94129420303652,29.71215514,-74.3168213,-1.3486588441381813,-0.4096618362823943,104.02897644,-43.709053247499995,3.04306058,469.5809675402201,13.985332335312291,6.081199112550094,40.64997608,-0.67409497,-0.3602275198895444,-0.0590578404023956,41.32407105,10.0615533,18.36124355,410.8804887013902,0.117791606033425,0.0752226104751324,0.29700693,-0.03803248,-1.2953315807508663,-0.1854353843658664,0.33503941,0.04153121,0.18038619,407.6947083500168
-14.220503550041458,21.989985952715827,28.3266885,-61.04186085,-1.052935470201108,-0.6397402243566441,89.36854935,-41.01933316,0.5502412,480.3978156960249,-12.647290957483431,26.809265201961068,37.69577101,-68.23074647,-1.32387841460673,-0.3100402124789978,105.92651748,-43.58344194,3.63379363,449.9363840346102,23.59503238772007,6.107764474134102,44.62270862,6.710069,0.0659130397966518,-0.2594905050796424,37.91263962,19.880310835,27.76174861,372.1891202401174,0.118538006548047,0.0712627061189907,0.3037644,-0.03781449,-1.138460126986384,-0.2235480033874484,0.3415788899999999,0.05177639,0.17406469,344.3905239671121
-13.014985801399796,22.664516703081325,30.68417141,-61.90180424,-0.9964526375123266,-0.5295816203721095,92.58597565,-39.60571602500001,1.23361698,421.0063572767068,-12.616204735287829,27.094370565220785,37.94209364,-69.09177705,-1.3474585496085516,-0.2880952881868436,107.03387069,-44.16327592,3.72534636,428.8491264624301,36.585145685027705,5.733892589179894,63.45641452,19.08603603,0.1103449316533247,0.1656084687476581,44.37037849000001,32.63366062,40.33934909,367.40376223765753,0.1214296563362587,0.0672467835705076,0.30136658,-0.03977634,-1.14766141299645,-0.2457851213039417,0.34114292,0.05744395,0.17559057,350.05144542626675
-13.440600373660342,22.147538762247866,29.74684497,-60.51434544,-1.013669413334207,-0.5451929367674911,90.26119041,-40.2040789425,0.19383949,470.157132423508,-13.725218929393591,26.191512793416848,31.03858069,-69.07760927,-1.3577207276321133,-0.3878279909567548,100.11618996,-44.34855958,3.06049923,413.3277796607578,47.9969758230866,5.941875936777321,68.97137576,31.22222263,-0.3591821681530578,0.0163461637124751,37.74915313,43.8270734,52.21395618,348.6924654785785,0.1195601350159427,0.0725220758645941,0.29831482,-0.03781449,-1.2669471632072151,-0.1755650983400573,0.3361293099999999,0.04741674,0.17951426,384.184575773028
-11.402563289743158,20.793247275158528,40.27105114,-69.13447407,-0.4970874198817734,-0.8853408458948583,109.40552521,-21.43576649,0.7845726,392.2662227035883,-11.369485589044958,24.81950020871142,51.31969145,-69.97787782,-0.98644394895919,-0.5584105375534885,121.29756927,-39.28291437,1.66976956,430.4900193007759,56.9486765075978,6.374309652805126,78.07760745,42.93879443,-0.7011680609129103,0.1982010224129872,35.13881302,51.3583768,61.48912174,407.6238928176179,0.1033087120684912,0.0785950031263953,0.31684336,-0.04217415,-1.3203535420170818,0.132903757888305,0.35901751,0.02452856,0.1714489,356.4064261724698
-12.694605565518373,22.333734944656996,31.02313396,-64.59062031,-0.8441198648989432,-0.5976773749485976,95.61375427,-36.47875241,0.20582853,479.2650931387783,-13.177021438030408,25.877758065319476,31.83966521,-71.26397249,-1.2235865684455862,-0.4356736870266575,103.1036377,-42.5908024,2.21254638,460.7622867027366,65.14291939373051,5.5555421892139405,82.16478092,51.3583768,-0.5012338336722695,-0.1015248848564432,30.806404119999996,61.60901004,68.99862796,398.6274124952519,0.1166287406297769,0.0727305511535562,0.28327402,-0.03454475,-1.3373578640729538,-0.1331802725694453,0.31781877,0.04480095,0.17820636,364.1376875301021
-14.166058876400967,22.407655317387103,29.51687404,-66.1568282,-0.8797130967580475,-0.7199980586143048,95.67370224,-39.4247897,-0.04812134,453.5685896732576,-13.373332170661818,26.45219908158226,37.31103209,-77.23234102,-1.2024888497437838,-0.4102569604876275,114.54337311,-43.14529344,2.28993038,435.52515808033394,70.51655647670165,5.3114558082768895,86.46448642,56.46461994,-0.1559215734231793,-0.4447282506525526,29.99986648,67.58173496,74.02857334,381.7383565629232,0.118702986756123,0.0732267375053726,0.31095783,-0.03912239,-1.2910170195760056,-0.1690912922946852,0.35008022,0.04741674,0.17842434,348.9634731257343
-13.004698828205582,22.786438727957727,33.10922786,-67.64674214,-0.8293673895172211,-0.6282616513133734,100.75597,-37.02289322,0.63307464,425.0407958564369,-13.101065651719626,26.79861394804205,37.82437972,-74.03017732,-1.2163898573858736,-0.3681059554545689,111.85455704,-43.65101549,2.30191949,429.2464548495717,75.27078341064792,4.570267311612458,92.46446353,62.15941745,-0.025050760807562,-0.0152487445776039,30.305046080000004,72.6770795,77.94681674,392.25461886748474,0.122356452473546,0.0684606018249577,0.28850561,-0.02953115,-1.2802734539604872,-0.1579053552524568,0.31803676,0.05744395,0.17995022,350.11964902616336
-13.718145690988566,22.493031633119248,29.8503873,-63.79498127,-0.883357609581505,-0.6573386299245261,93.64536857,-39.199449812500006,0.08484813,412.1980576268337,-14.185356582017343,26.187535672665824,32.1426628,-72.8007538,-1.2172105612225472,-0.4560275107977911,104.9434166,-43.74474641,1.49974302,454.8618461310078,77.86143409983706,4.940911441560938,95.30913669,66.31743747,-0.485683540437118,-0.0377073052326711,28.99169922,74.775163,81.35279209,434.2789306136847,0.1222108731662342,0.0722054883307406,0.30943195,-0.0389044,-1.340938571127362,-0.1072793770889643,0.34833635,0.04959657,0.18191207,399.2703967200592
-11.4223822620461,21.086893185745307,32.26454517,-70.00858143,-0.3761112123052639,-0.8877639146149882,102.2731266,-16.45949486,0.23852592,413.96240081056845,-11.801819408643697,24.87038270999576,52.7878044,-75.69883272,-0.9028047167316564,-0.5954874657600473,128.48663712,-38.60035631,0.77168075,413.67630587624984,79.31299468378273,6.130991782079075,96.43719608,68.20298892,-0.9590612525816472,-0.1051451797123965,28.23420716000001,73.27653629,83.64161044,362.40352522556947,0.1096407808775535,0.0785046662684594,0.33232014,-0.03977634,-1.3463478024508173,0.1523751894070754,0.37209648,0.0328119,0.17973224,324.59071251253505
-14.445883287225456,22.672551625051373,31.11359569,-66.80096272,-0.8640337760272323,-0.6619625389896409,97.91455841,-39.83432606,-0.80779103,492.35211521655145,-14.207217903376616,26.238295719461828,33.81567839,-77.21708223,-1.2112284903425108,-0.4676919338902166,111.03276062,-44.17308351,1.54224971,496.8417373138105,81.35060171298765,5.291845795227159,97.1183942,69.46183902,-0.3720184119229479,-0.3138506042600407,27.65655518,78.72610599,84.92771274,432.89777933760183,0.1253992155050876,0.0749128575038734,0.30812405,-0.03171097,-1.3504936748874867,-0.136111663805551,0.33983502,0.05090446,0.18801558,391.7757756252951
-13.970369322874692,22.885932463874376,31.00024578,-69.80476979,-0.8131711661107492,-0.6644439261367427,100.80501557,-37.63487843,-0.04703141,497.0259170523026,-13.345808065301036,27.041896169591176,35.47670821,-76.39638063,-1.200658027695315,-0.3774324372345399,111.87308884,-43.69352266,2.11227444,490.55212421407714,83.45811214961839,4.313418090406989,96.94400913,71.38553745,-0.0349094069828148,-0.1261012670984172,25.558471679999997,81.18930942,85.99582797,433.7286068869864,0.1294254389911533,0.0685878786133831,0.29460913,-0.02364561,-1.2821928876167523,-0.1721097922360262,0.31825474,0.06572729,0.18692567,393.26406042930654
-12.09959330244041,21.190609774053893,31.2465665,-66.18843678,-0.3467964676634079,-0.9385038766499793,97.43500328,-15.39301423,-0.42305157,450.8147082447431,-12.512051954477604,24.620916579061255,33.86363677,-74.72880861,-0.8159677267765852,-0.6975695949692714,108.59244538,-37.71534654,0.01201106,462.00009155676366,83.24318856245252,5.599172396235242,101.03118259,73.21113712,-0.9517366515303008,0.0345047596418503,27.820045469999997,77.61438876,87.36366397,385.860413555025,0.1118780285611294,0.0771377079344813,0.31357361,-0.02800528,-1.4391726318065,0.1587714742771203,0.34157889,0.03695357,0.18125812,337.13405040471537
-14.117182157344873,22.48818996243665,44.68955776,-71.11157063,-0.8696401554819011,-0.6021866442874071,115.80112839,-38.12343243,-0.7554752,459.5706960340064,-14.609039242515786,26.43473091357067,49.42651061,-75.11136934,-1.2452962176672164,-0.4197868741222333,124.53787995,-44.50877687,1.42344907,477.5925380365029,86.31758879935825,5.450803736574583,102.09385043,73.81604129,-0.4539414673504689,-0.1987086181048582,28.27780914,83.42363101,90.09390384,425.0699244326548,0.1336838936526047,0.0743206683123591,0.34256531,-0.03171097,-1.2458960698081671,-0.0958485139195244,0.37427628,0.06114965,0.19564498,356.39638374838376
-14.311642695451788,22.60741706709742,31.27490398,-70.09141377,-0.8097977818752047,-0.6932782867663693,101.36631775,-37.956404,-0.56910005,489.59321293835944,-13.576387222758992,26.831586287593776,35.16281203,-75.81218263,-1.1901548450692634,-0.4019977675454939,110.97499466,-43.7319414275,2.01418212,503.6055509268103,86.83598684314487,4.5470685773396,101.22191745,74.6389249,0.0264640021348205,-0.3118484344123718,26.58299255,84.50809604,89.66883212,440.3861189462112,0.1333743119972178,0.0689035148398536,0.30638019,-0.01209253,-1.316131653982707,-0.18770493100043,0.31847272,0.06768913,0.19172129,389.1617051723086
-12.426548125557956,21.0139409743896,42.00074169,-69.02874592,-0.3737755866290042,-0.9144852411387612,111.02948761,-16.963851722500003,-0.74239627,410.1530449802375,-13.036483825203502,24.79770642937108,57.74037245,-74.8835785,-0.8675994956311635,-0.667687405518248,132.62395095,-38.8068945075,-0.10133993,404.0059237330889,85.72338775656304,5.852190348138701,105.12381107,75.04764682,-0.8387683485894137,0.0910888612883318,30.076164250000005,79.85416538,89.93041355,371.23203410589383,0.1188463157448146,0.0790647386178098,0.34583506,-0.03105703,-1.3391635995372635,0.2033557310527972,0.37689209,0.04087726,0.18736163,325.16357454675784
-14.473333962555252,22.727253378702745,29.91251155,-69.01894215,-0.764824278298164,-0.6948843421112432,98.9314537,-36.78256825,-1.06174091,497.5084145880123,-14.004838229231307,26.55126196326551,35.78406218,-73.60184022,-1.1628597765130817,-0.4424723108614476,109.3859024,-44.12648889,1.21963528,413.2491429152539,87.93098453987186,5.0395012906727175,104.45350772,75.75608951,-0.2436032624042239,-0.3838674043331012,28.69741821000001,85.4018262,91.16201907,435.3802853597333,0.1365951963849466,0.0714599686626318,0.30747009,-0.01274649,-1.3501446693402062,-0.1435204552486014,0.32021658,0.06834308,0.19717086,395.2764590900036
-12.126006987943818,20.70568321643444,35.74027797,-68.45872334,-0.2383125866466917,-0.9529344828464088,104.19900131,-13.2494268725,-0.93313113,387.901024865928,-13.014776541673283,24.128113506750022,46.5055435,-75.46232149,-0.7452024458549915,-0.7215097699199646,121.96786499,-36.6131708275,-0.77054685,428.2177381896715,86.71540791140256,5.862026836756402,107.65240604,76.32284671,-0.8542936622914894,0.1000434790573033,31.32955933000001,80.91682559,90.92223483,392.3832692380223,0.1182461998224417,0.0781366466694281,0.34409119,-0.0365066,-1.290232645601788,0.2726321580374565,0.38059779,0.04240314,0.18692567,365.3445362866509
-6.70117340829655,14.707457884100918,39.48631069,-70.94917897,4.415655364596341,-2.2167028789853824,110.43548966,-4.53529528,-1.4421207,404.84678610464744,-6.8285374047618745,16.85619138150551,49.42324141,-80.56638643,2.782734356592128,-1.6998461539558507,129.98962784,-3.90840789,-1.73621019,466.0773523479797,80.75887707237703,7.107592736679105,101.46170169,58.63354617,1.4881754908757143,-0.4485652607474129,42.82815552,77.43455631,86.85141116,428.5461111515406,0.0683078777753637,0.0667488587778492,0.2747727,-0.06135662,0.1220545993974213,1.192423227467759,0.3361293199999999,0.02627242,0.0907953,381.3931575948644
-6.956825439816015,26.064570094970843,42.84770519,-77.52234715,-1.0877866578149438,-0.1311314439783105,120.37005234,-29.22827786,15.18242961,443.2503592555783,12.92216974713377,27.522655717558703,73.69426483,-45.51721054,-1.214847300858523,0.1966217160709939,119.21147537,-6.27378469,41.9058432,427.7748137325265,18.851970704641,6.963583294504273,46.47462744,-1.47611719,-0.2406701463004759,0.5400442113615315,47.95074463,13.35215563,23.58099455,390.7722481638174,0.1226848571627908,0.0596872295531981,0.30167925,-0.03510403,-0.7440968655415934,0.4003621568685859,0.33678328,0.07257943,0.16958173,348.17494422002807
-5.818651711285472,26.41518757677788,40.40956813,-68.59268254,-1.0765123185174654,-0.0945431513303158,109.00225067,-27.2345530375,20.11646778,465.6415015255454,12.981726384020233,27.408660028674735,68.67412323,-36.01425415,-1.2567316406142857,0.2718768017943452,104.68837738,-6.58440977,42.0657877375,446.4044673347879,25.992248344462887,6.965482394659724,49.8860578,10.56742663,-0.3849825879294477,0.4995079119982809,39.31863117,20.4474935,30.9052133,389.2318973445386,0.1216258774691203,0.0558753405493982,0.29622969,0.002389,-0.7259254552126735,0.5360001507039487,0.29384069,0.07693909,0.16979971,361.54226899544904
-5.522690287609831,26.899068244605843,43.97140438,-69.54309147,-1.1863064058563269,0.0044564734692386,113.51449585,-28.11220616,20.18949253,490.2116834352258,11.498171460994412,27.93704644822154,67.87848419,-42.93738418,-1.2019433096852212,0.176994394267149,110.81586837,-6.75879627,39.93528122,430.23754358568,39.19069474529818,6.964641059483973,68.51267523,20.24585814,-0.2308086610664834,0.3582141473433268,48.26681709,34.13680548,43.63540167,402.7810987917871,0.1234518976651288,0.0484250151096694,0.28445862,-0.02594875,-0.7094625330253255,0.4897364854544992,0.31040737,0.08456848,0.16326023,361.7265368609059
-7.315084935702811,26.679881261290728,41.36433345,-69.0569846,-1.1287842611507282,-0.0970649804726425,110.42131805,-29.77650326,17.5385506775,515.3071274081813,12.104543445951965,27.99952920944404,68.14006561,-46.09922653,-1.207768954526882,0.1258322116801866,114.23929214,-6.4369991375,41.68431801,438.077393129036,55.50818818832623,7.971669207279609,101.09018988,37.49373907,0.5301663564438606,0.5896948803558123,63.59645081,49.67352194,60.50181479,444.6168331535157,0.123259326324634,0.0531298868076582,0.29557573,0.00086312,-0.650430375767657,0.4318149341642566,0.29471261,0.07846497,0.1623883,387.2920767871572
-6.3638089762729395,26.575585564985392,40.84008342,-71.68476933,-1.1195712096054615,-0.0809119025350211,112.52485275,-28.46315831,19.41347438,515.3153052087343,12.158055901277248,27.640350446058505,70.12479157,-37.86601883,-1.242392570913652,0.2143422939248405,107.9908104,-6.9481685675,41.20066971,459.85094584404806,70.71902419090245,7.31630671556038,97.17740149,53.62990851,-0.2899144848344006,0.3286260226693028,43.547492979999994,65.42277045,75.59166235,366.97693441436047,0.1216044869041614,0.0533692376317644,0.30037134,0.00805655,-0.5621855420548778,0.5270183659592294,0.29231479,0.0767211,0.16282427,400.35480125119255
-5.9438008472685695,24.00145515526476,43.1114648,-70.8902213,-0.8062877542392672,-0.1616410752105994,114.0016861,-22.20051449,11.82876522,443.520812083049,10.110116435573106,25.52577663342085,68.39837403,-45.73192459,-0.8975450181221181,0.4005271187599246,114.13029862,-4.78278261,33.6857161,447.6472806287895,83.47657680083968,8.405129559279555,114.29449744,69.06853003,-0.2543817976224818,0.5079686006270651,45.22596741,76.56168646,88.41994757,362.0874740930641,0.1047528192489015,0.0648782269313062,0.31715601,-0.04665711,-0.5308122021649408,0.2958355474392948,0.36381312,0.05993643,0.15432294,345.83994806848386
-6.416146320345844,25.800247331809658,40.26134044,-71.33599919,-1.009558310083876,-0.1632189104023465,111.59733963,-27.326922595,15.6170325875,454.18384343456927,12.043708092888082,27.167655526874785,71.19836182,-42.29542785,-1.1324244096884506,0.2950051223408249,113.49378967,-6.9296401075,39.679151,507.89183196132495,95.62348530424592,6.749799508233733,119.55332464,79.85322851,-0.2585610218397507,0.5776260478390254,39.700096130000006,90.63247198,100.06567663,386.1131381069751,0.117517605419705,0.0567868203664581,0.29448582,0.002389,-0.7632739909809891,0.5043985784515648,0.29209682,0.0703996,0.166039515,392.05499624074207
-5.346203154175511,26.705162891543523,45.47766811,-69.96161717,-1.1184800120397074,-0.03730847871437,115.43928528,-27.80703038,17.30776149,453.1498158578418,10.802887111567522,27.94921476827918,71.43269104,-44.24201065,-1.1091859458573077,0.2554758897807998,115.67470169,-7.32773071,37.84019417,503.2756927402654,104.8529872503408,5.893925598386566,127.44429297,89.48261542,-0.1120284449742263,0.5188123627613364,37.961677550000005,100.53433508,108.65964026,445.9457204340829,0.1209777838782279,0.0491529022003868,0.28445862,-0.00197065,-0.6595569383888393,0.4820289021600233,0.28642927,0.08347857,0.1623883,406.47066495955374
-7.024551197844337,26.39008752086282,47.93106014,-73.80683201,-1.0438896278386351,-0.1471532739946698,121.73789215,-29.12909573,15.05272991,439.1375666455343,11.030118668809106,28.035397822136837,73.47518677,-50.35424667,-1.0860317641584585,0.1854989217300259,123.82943344,-7.1857698475,38.8393721,481.3063387406039,112.9055046065672,5.913671834063355,135.2480802,97.3190946,0.1341250266227138,0.6713823766593716,37.9289856,108.49615759,116.54516882,384.70064412634673,0.1225624878625864,0.0526231495720953,0.28685642,-0.00611233,-0.6803722161963695,0.4119777688891428,0.29296875,0.07977286,0.1636962,379.16485583537326
-6.189466230022675,26.36906080767155,41.52236873,-74.0858466,-1.093201796736916,-0.1000882842911747,115.60821533,-28.17324132,16.38569385,481.67627793390375,11.160510103707598,27.721200232988696,70.75803131,-41.29379516,-1.124974507609605,0.281333893474337,112.05182647,-7.885221655,38.5521788,428.5441950548209,119.42877128719718,5.904825675950222,142.14178747,106.14194006,-0.0633840356961408,0.6415981558844603,35.99984741,114.86670202,123.2644834,392.08751277913734,0.1231042023466982,0.0517796790436482,0.29448582,-0.0026246,-0.7114945793776379,0.4498737372140809,0.29711042,0.08064479,0.16565804,378.18611500264456
-6.335350707397531,23.74389142568674,51.07764369,-72.00302189,-0.6852246112875147,-0.2669969873277469,123.08066558,-22.0056931325,10.8671889875,434.37133447301153,9.697403735861888,25.68477158359441,74.55420441,-49.41256195,-0.8157370331054721,0.4481605462774368,123.96676636,-5.13046509,32.49879975,414.12366655436153,123.14557357472265,8.338583137631398,148.06546301,107.02476782,-0.4269684332399355,0.1206100109352822,41.04069519000001,118.71409125,129.15001196,369.8949274846,0.1067272748858803,0.0678215159933471,0.32565735,-0.0442593,-0.6122776509489798,0.3466425271660655,0.36991665,0.06059038,0.16173435,338.9781996491128
-5.565892236642124,26.452210529881416,41.78939754,-71.73708409,-1.0580936547585642,-0.1107077434812855,113.52648163,-27.56942814,18.2775114175,519.3654349561083,11.042972629354482,27.688822274927706,70.90953583,-41.69815307,-1.1302061221123814,0.295413639316237,112.6076889,-7.41383415,38.57070679,491.13610437141534,130.22264097492402,5.928368693044416,150.05455298,116.66505713,-0.3327972062108526,0.6224408673102322,33.38949585000002,125.56965155,134.39795202,446.89556355080015,0.1255474233004629,0.0525552869262187,0.29295994,0.01263419,-0.6869533191506743,0.5556913132690615,0.28032575,0.08500444,0.17176156,405.6518068237039
-6.895247621386198,26.43452770052709,48.92615444,-75.03952092,-1.0534928574123654,-0.1467559929916195,123.96567536,-29.15089291,15.28379184,482.1715647919755,10.534336967422204,28.05016636555065,71.78364319,-47.47251755,-1.084413065527321,0.1978816197399605,119.25616074,-7.6895824,38.07261795,477.7087201364792,135.64903562644218,5.619191312140611,157.61310095,123.00834936,0.1806244380159105,0.779993694054301,34.60475158999999,131.37343115,139.09547705,407.2799271136545,0.1272550412291949,0.0515029300368683,0.29317793,-0.00807417,-0.641136230528824,0.4441492859079027,0.3012520999999999,0.08565839,0.1687098,384.4925700555306
-5.806068870073821,24.335711118348,43.08203441,-71.13217991,-0.7358187603694422,-0.1910126458477765,114.21421432,-21.5593730775,12.07072669,507.6049330801383,9.003877398492827,25.810953364427856,72.21524567,-50.7313562,-0.7730318450141924,0.470378829277384,122.94660187,-5.6372748,29.11543602,433.23306150503186,138.07305404299393,6.7174133718450015,161.54768652,125.32986731,-0.2943743557560228,0.3589938972660215,36.217819210000016,133.5696134,142.72488684,390.2487287205951,0.1099460338423159,0.0622092081861914,0.28576651,-0.03619394,-0.6468176797978233,0.1602394415279072,0.3219604499999999,0.06974565,0.15999049,355.17873856940264
-6.803291494190784,25.969924638252404,43.98557598,-75.32399052,-1.0481058261691918,-0.1536141679859718,119.3095665,-28.92637127,14.37480384,455.45405005029994,11.348310023252136,27.523219381306713,73.61034149,-44.84037643,-1.1597954803230226,0.280841740665986,118.45071792,-8.366146025,39.74781555,438.99376561667987,144.7080983912745,6.321396904826633,165.14441199,126.12005896,-0.2699172560208964,0.696678367812692,39.024353030000015,139.75487036,149.11177344,393.0688827288171,0.1292930897311099,0.0573946647178109,0.32107971,-0.022897,-0.5144675556104308,0.5597439778277046,0.34397671,0.08347857,0.17699314,361.0061157928712
-6.508339709774071,26.235799094096755,43.32181865,-78.07929295,-1.0654394620820158,-0.1149556454270558,121.4011116,-28.6786887,14.98297531,477.586268028679,10.002368638674309,27.7690398946138,70.93024201,-47.04963165,-1.077634890463895,0.2245939003115416,117.97987366,-7.92500358,37.02275795,478.135849085431,148.75310862690102,5.4715253823644945,169.24248022,137.92926306,0.1763436222879342,0.8248438897887336,31.313217159999994,144.52324194,152.13084692,422.84118948464055,0.129546206317898,0.0502898776625452,0.29426783,0.00892848,-0.6628977453146114,0.4929946079672833,0.28533935,0.09001805,0.17088963,380.4351628033646
-6.174675847478676,24.17978208568253,49.09072811,-73.1005637,-0.745648949939262,-0.2094914051737956,122.19129181,-22.683892425,11.32958538,476.4616025729556,9.073399866320363,25.867823674832117,72.32097382,-53.31554275,-0.8212241938732343,0.4743555519967291,125.63651657,-5.95007997,30.9429478125,428.9617344195516,151.06106115009442,7.363354875151097,175.76016516,137.42245764,-0.2065533993152559,0.3168896304524605,38.33770752000001,146.52324194,155.65126318,375.18079411512,0.1145743626078732,0.0650731490271975,0.32936304,-0.03161631,-0.5887945043865024,0.21702844978377,0.36097935,0.07105355,0.16565804,350.0033495853801
-6.36493094902544,25.91298365290955,44.18829662,-71.24989384,-1.0281878111011962,-0.1394702166789568,115.43819046,-28.31275052,14.2012346375,515.1877780089192,10.101559194884274,27.53219674580721,70.51389069,-46.32483917,-1.0543116947236773,0.2837005094789731,116.83872986,-7.72772938,36.65164227,432.65985373451355,156.3013177670712,5.699083578060705,177.75470251,144.38154883,-0.1224843783963587,0.7096632191708401,33.37315367999997,151.80931372,160.25068945,416.90063900933455,0.1298494268413055,0.051990704724335,0.29012617,-0.00785618,-0.7571059431054179,0.4665320067325939,0.29798235,0.0893641,0.17394138,382.6575812621515
-6.315632409209465,23.611431131569976,54.49125225,-74.31037205,-0.634043599191473,-0.2679910759977571,128.8016243,-22.15146893,10.20588428,491.1646593198103,8.864660828599666,25.439615767436816,71.55148834,-49.55861145,-0.7272627899011734,0.5432502815788102,121.11009979,-5.8528054275,28.519525,411.6497049592136,157.86356594966966,7.449365411641795,183.264224,143.70036597,-0.2151474567340665,0.2708469197904709,39.563858030000006,153.46599097,162.70845312,430.8593148859399,0.1134123801138847,0.0653271826609298,0.32151567,-0.03423208,-0.5753659738205252,0.2988001530314086,0.35574775,0.06821978,0.16413217,372.0123421477828
-3.711048765872776,16.614403473335667,55.50377971,-69.93763798,1.5994044311183506,-0.6172803129366844,125.44141769,-4.7180294375,-0.36191737,508.1537793765491,3.6217929138776017,18.482827807106712,79.41085571,-49.32646042,2.099877250640171,1.336953607625809,128.73731613,-1.90759092,3.0959296275,447.1511448540573,154.68163965998673,6.8555048938298135,182.77920813,137.26986975,-0.1050088058546534,0.8726788048469037,45.50933838,149.3297605,159.38421911,489.7862230156738,0.0656764937439395,0.0623416553366624,0.28663843,-0.07107117,-0.1616047049533229,0.9212224968143686,0.3577096,0.01873771,0.10418692,418.5782816208772
-14.231085619173903,29.836450129157036,44.58512478,-84.25899906,-1.2087285765977682,-0.2582364168695082,128.84412384,-49.17904682,11.50734024,391.60714364935205,-7.859880756428093,32.376169833122034,60.87996081,-75.79519865,-1.2091111735481328,0.0530117980307698,136.67515946,-41.33212873,16.5281103,426.5728968458404,11.965311903963382,5.461398015134051,29.50395831,-3.71660511,0.300482987579135,-0.3910765984316093,33.220563420000005,9.99995669,14.59394129,391.578513912573,0.1359593968710575,0.0618912427358276,0.3240456,-0.03802366,-0.0320676365756544,-0.1993235475904339,0.36206926,0.10301114,0.17123972,334.62528339294477
-14.983408725843775,29.68576700722952,40.5110281,-83.48298283,-1.201031517085457,-0.2575064507699365,123.99401093,-50.05206699,10.53840713,406.1857008815044,-7.667685601628706,32.18119096906163,50.47673586,-76.87420866,-1.176688213969301,0.0006862427435173,127.35094451999998,-40.07436964,16.2327421,353.89466248054964,14.01416980859256,6.075213117864098,38.50664195,-1.99454168,0.3078898575134534,-0.2612495327391895,40.50118363,11.378697,17.46041354,391.9295461325434,0.1327422280172127,0.0644624700309292,0.31990393,-0.03976753,-0.0561001490849153,-0.0801238125450983,0.35967146,0.09690762,0.17058578,362.6884426258816
-14.618026638689196,29.44405566638893,39.3993185,-82.66337223,-1.1664261419256303,-0.3705065500838413,122.06269073,-49.15942783,10.84358292,307.9864225351059,-6.9657337376685735,32.52334820239474,53.79116228,-73.75269529,-1.1779462926144473,0.0414612828542888,127.54385757,-40.15938398,18.26325205,312.14278949738144,23.448179702003937,7.542018555418315,44.82814082,-3.18799702,1.3790270425849318,-0.7645535815286865,48.01613784,19.52035006,28.47399004,263.7504302026123,0.1324938311144393,0.0614017143012964,0.31423637,-0.01949514,-0.0054961521824417,-0.0596568916950057,0.33373151,0.1034471,0.16688007,299.4760816429858
-14.135276337791913,29.955074488554715,45.33716564,-83.12984867,-1.2062721077738665,-0.2517118510584388,128.46701431,-49.61392231,11.49971085,358.8590855003601,-7.792517071244317,32.86406081441053,54.73502901,-73.97503874,-1.2130491941375814,0.0694053677644604,128.71006775,-41.49016783,16.43764666,352.1999353273905,38.244264480657144,6.499023243596051,60.39210566,17.46041354,-0.337459161042593,-0.1343658843689801,42.931692119999994,33.78186854,42.97528895,371.89803969880273,0.134142547478396,0.0574078167172945,0.33102104,-0.02799646,0.1923538576288277,-0.1709667183400637,0.3590175,0.10540895,0.16448226,337.1460988888469
-15.080980895419334,29.82284531918209,42.1829565,-80.00834293,-1.201410681819099,-0.25311636332645,122.19129943,-50.7365305,10.22342186,455.2883892719555,-8.156106762197867,32.581714663395516,49.16121081,-74.70855162,-1.2080220567153124,0.0075171864974884,123.86976243,-41.27654478,16.64582041,383.7586386969009,52.02748871376729,6.583871700439609,79.93425425,31.8854185,-0.1341772682927717,-0.199631673870644,48.048835749999995,47.60742243,56.64280375,371.742433770345,0.1328532264098467,0.0619797653129185,0.32491753,-0.03213814,-0.0271025651008933,-0.0838226354030807,0.35705567,0.09886947,0.16862393,396.56963422110545
-12.533150827179249,27.86457528370359,44.34425335,-84.43230076,-0.8857791568936508,-0.5192781747192796,128.77655411,-35.3916399,9.48555069,425.3908345114667,-7.079177353824498,29.92494198556892,56.92248324,-77.13688108,-0.9252982345130722,-0.0799466145810032,134.05936432,-37.69290754,6.65894249,395.84679561057584,62.5948818755758,7.252937509692404,85.54185923,46.29407557,-0.6385772835184835,0.051697078018625,39.24778366,57.36214884,67.97790202,398.4435393408666,0.114088835676154,0.0731643728109399,0.33211096,-0.03584385,-0.6879577538568249,0.0125139657713946,0.36795481,0.04306589,0.16164848,354.3047670379142
-14.052534072631278,29.628496773805995,44.99493389,-85.00559635,-1.1449529942528056,-0.2852639906036959,130.00053024,-49.41446705,10.74985008,438.8750744018493,-8.024812200117857,31.916968633508787,51.98953798,-81.52160093,-1.0898155025214828,0.0280234728311119,133.51113891,-39.76701567,9.6158779,453.9640076256255,72.68778122382653,5.733219254144386,92.5718046,56.46841868,0.2194615725273907,-0.3450630520556022,36.103385919999994,70.01604136,76.18495616,408.5241896774311,0.1279198960841918,0.0606473984161358,0.32055786,-0.03584385,0.0250728549086312,-0.2067031949147395,0.35640171,0.09581771,0.16470024,366.0036709732062
-14.76866229474218,29.599857503873377,41.2020338,-89.22137852,-1.1362084551511862,-0.3721159125749316,130.42341232,-49.94089527,10.60489159,401.6829668641217,-7.229574111177988,32.52164596727838,54.81568316,-85.06600401,-1.091352999920398,0.0375654961289396,139.88168717,-39.31796858,14.9204872,475.5516324997237,79.95664393289115,5.9371834223801265,100.2284437,62.57738169,0.2355278923223052,-0.3476748204562061,37.65106201,77.01873454,83.60181101,452.438065800835,0.1284217044717357,0.0621183363109672,0.32339165,-0.03715174,-0.0012801171114817,-0.1826923533733308,0.3605433899999999,0.09908745,0.16470024,380.57216106264553
-13.553905285677484,29.7702814517916,46.60364513,-86.68297215,-1.1326015207688385,-0.3056793686389206,133.28661728,-49.01664753,11.348213,401.3017758675032,-7.699893267144245,32.56625293218822,54.93448427,-84.24965879,-1.0916016063968224,0.0650088912946729,139.18414306,-40.27927229,10.49652746,372.8408376134402,86.8524479390977,6.019998062211899,102.82788523,-5.31332818,54.52821655878234,-3.9397185634904295,108.14121341,83.81435069,90.44646891,291.3985837342145,0.1302677049296574,0.0566974094049171,0.31663418,-0.03453594,0.1762821063534625,-0.2656705112902687,0.35117012,0.10410105,0.16230243,347.7388714660096
-14.750099797581727,29.60655456685837,41.41783886,-87.18433018,-1.1475088081947449,-0.3307071292716612,128.60216904,-50.20465489,10.27900772,416.5255988824273,-7.879445932386988,32.2567286862333,52.72740725,-80.8850958,-1.0981593647658137,0.0111211797814857,133.61250305,-39.82150862,12.57608297,477.74766447156094,92.6390194182678,5.295315661814059,110.28289469,77.44925364,-0.0360186396683768,-0.2683364324253899,32.83364105000001,89.68898448,95.92328318,397.29381781305005,0.130147631075049,0.0599595983575386,0.32644341,-0.01775128,-0.0871219266719909,-0.1382637827495439,0.3441946899999999,0.09865148,0.16709805,364.8179096467436
-12.314006118659009,27.791684937574622,43.15298061,-87.35980625,-0.8305557974976558,-0.5341144458005561,130.51278686,-33.01235981,9.1160696,398.51680017752005,-7.160229495635824,29.583746741618025,61.20584658,-84.0861685,-0.8355325107386973,-0.066254522169755,145.29201508,-36.02534315,4.81262901,411.29500698747137,95.63540710401465,7.183708742382945,115.18205699,81.22580393,-0.7252794125555546,-0.3394856658966222,33.95625306000001,89.503697,100.26659068,362.6343057957408,0.1134225713159327,0.0720220156332712,0.33886841,-0.03998551,-0.5706067910258019,-0.0068675915225115,0.37885392,0.04262993,0.16121252,328.472071356107
-15.096357044426709,29.72272325330586,39.9464529,-86.60885258,-1.1299140086639754,-0.3399630635352388,126.55530548,-50.55778523,9.64794807,456.73011840261194,-7.73723333518863,32.27163973300265,51.38681582,-84.10796568,-1.0770058916346823,0.0088155249422751,135.49478150000002,-39.49780485,12.4725416,459.0562930645068,100.79276792047088,5.702917249331732,117.67251261,85.44921549,0.3004819624796369,-0.4515134370770566,32.22329712,98.82790812,103.8687559,423.0428705243114,0.1315968468977614,0.0631047303416374,0.32208374,-0.03213814,-0.0088061234643137,-0.1865941716732948,0.35422188,0.10104929,0.17058578,383.65062276077225
-13.874107424631646,29.591164260820353,41.88541012,-88.75380344,-1.1256419283275705,-0.3347133664076593,130.63921356,-49.14743824,10.60925178,489.46565350966625,-7.571747825080288,32.50918065484641,54.99224642,-88.62784025,-1.088143640169644,0.0653824123344908,143.62008667,-40.18771955,10.99570826,502.564995975942,105.07062988931752,5.073003972696034,120.45724162,90.50641306,-0.1759637994457716,-0.230587754114047,29.950828560000005,102.09219798,108.48453959,437.5649133254886,0.1335563935275438,0.0563009539770785,0.31249251,-0.02581663,0.1653810297173601,-0.3018952824075155,0.33830914,0.10911465,0.16448226,399.83792502829215
-12.783778951917476,27.919230851951852,42.25598125,-86.13910313,-0.8213814180001324,-0.5362846509037208,128.39508438,-31.28375645,8.17329483,416.4993074690323,-7.174427920845442,29.913194776479017,52.3720949,-82.3891699,-0.7984369855880153,-0.0954627135910235,134.7612648,-35.56321928,4.26331261,456.8499261991137,107.44277522666502,5.999753584228074,124.70790537,95.53636607,-0.7995581140622035,-0.1884708431245781,29.171539300000006,101.58538493,111.5526472,414.0220996098107,0.1162273071449882,0.0699956259247208,0.31816006,-0.05219254,-0.7221375799188103,-0.0871422697787661,0.3703526,0.04589967,0.1651362,362.44986216044543
-14.55717055855783,29.647309053531124,45.5344389,-86.38215275,-1.15152229308988,-0.3091048182684388,131.91659165,-49.0667841,10.21252327,452.5554191297879,-8.164356355109028,32.03359325054762,61.53172854,-81.62623045,-1.1202562196154948,-0.0010805675931742,143.15795899,-40.63022444,12.30251482,452.05746085215975,112.88247869602202,5.796023260995606,132.15201243,95.91238841,0.2127811958144683,-0.3700036000284252,36.23962402000001,110.6861616,115.90140208,423.5908767391931,0.1362705573615956,0.0631988079271568,0.34693378,-0.0402035,0.1511094073699932,-0.1038360605394093,0.38713728,0.10257517,0.17167569,363.61467359253265
-14.24134825103006,29.70039001312077,44.9742239,-90.16306706,-1.1246045414578831,-0.3513225757799048,135.13729096,-49.6193697,10.56565456,452.0694545033143,-7.52900358106158,32.550825304814396,53.79879168,-82.05130216,-1.0901736838681992,0.0575105622607144,135.85009384,-40.21388075,12.16518572,453.8276757356146,115.99265714663896,5.253391267709432,131.95038279,100.95868357,0.0580307458609894,-0.3438262619898221,30.991699219999987,113.20386179,119.26378306,404.32578111758306,0.1356968092737858,0.0577016817828581,0.32578945,-0.02080303,0.13483962808291,-0.2575592410177252,0.34659248,0.11173045,0.16840595,376.0954626203286
-12.90848466544643,27.71354989449816,57.98670177,-84.46935673,-0.8403018720682214,-0.5268891675632996,142.4560585,-33.55186482,8.21798115,439.0250655627313,-7.402106241464762,29.841004525458096,62.31101778,-81.79407713,-0.8263721790591254,-0.1088211333710265,144.10509491,-36.13324186,4.75159386,414.61550354817535,118.13277580574938,6.591334236960133,139.22554453,105.38918742,-0.6962509605336353,-0.1148503240183164,33.83635711000001,112.10850199,122.47903117,374.3916727187484,0.119522033528601,0.0721646999511071,0.33559868,-0.0325741,-0.7179665245583271,-0.0109962659009757,0.36817278,0.04655362,0.16884191,346.80627698088955
-14.07341331941396,29.32078719544226,43.62382107,-85.4916956,-1.1141899848116967,-0.3480050040923979,129.11551667,-49.21501179,10.20816307,422.58306090383047,-7.621063823126122,31.952217573967673,56.19224337,-81.91288206,-1.0570228792332084,0.0402960151299934,138.10512543,-39.63186476,9.88290671,522.8962619007227,122.66986369372644,5.39614623137583,139.0239149,107.90688761,0.2501446515962202,-0.4262537132646397,31.117027289999996,120.35915049,125.86865672,419.62281538714143,0.1351434987254936,0.058460143521674,0.32469954,-0.01796926,0.0522362938268652,-0.3382270056630134,0.3426688,0.10955062,0.16993183,402.46300328434586
-12.476270020397816,27.077362859675713,42.06306438,-84.83338566,-0.7697612703596781,-0.5531048795111716,126.89645004,-29.74152775,7.53896503,419.6174199664832,-7.326707319287803,29.09160644404935,62.40366152,-84.56572935,-0.7489549216441711,-0.1163971324015681,146.96939086999998,-34.11908171,3.96576622,449.80087898428314,124.10910731659456,6.7198036166050645,145.10562571,111.10033091,-0.7401387336609311,-0.151126843183736,34.0052948,117.87414225,128.74057444,362.9593684406756,0.1170890930409212,0.0710621610660899,0.33734253,-0.03824165,-0.7357530321786707,-0.0341228339214153,0.37558418,0.04284791,0.16753402,322.53237259550843
-6.9883266363130545,19.984807616779044,41.30230694,-83.03612156,1.6823986778105509,-1.4113370267666236,124.3384285,-8.21900482,-0.02285518,432.75023738742544,-3.603465972296617,21.031335684497694,60.614023,-79.94558927,1.2551883186967352,-0.3801136036861311,140.55961227,-5.22329494,0.50856027,447.3520845082967,120.96219854688002,6.3490031377150045,142.48439463,113.15482005,-0.9404252734492826,0.7340757873792039,29.32957458,115.84690531,127.01851328,406.1617484070158,0.0670560195114979,0.0675137656695855,0.30791487,-0.04194736,-0.8302039414076878,0.7513939536300661,0.34986223,0.01385621,0.13134889,353.7009808496503
6.716453139996364,25.12331258146714,67.2413572,-41.24427665,-1.1665798488165116,0.1530836682910956,108.48563385,-15.47872031,32.04913842,427.1353880848521,-4.694320327741491,28.76286582175274,50.04946925,-67.31242345,-1.290864486335645,-0.0609981848909406,117.3618927,-36.79266332,22.82778766,462.7769198319607,10.75902857401255,5.621708776676155,39.06800408,-4.67567377,0.0736281334095805,0.4231786187692553,43.743677850000005,7.35152192,13.63487286,382.4988020545508,0.1108837073025119,0.0465332756325245,0.26345741,-0.03452494,-0.1768527671976358,0.1244442526065722,0.29798235,0.07948002,0.13724543,379.238523201549
7.7186711755489,24.706252709495452,64.10240686,-40.82575095,-1.170022393756422,0.1549455440809983,104.92815781,-13.64548552,32.48510492,453.75156141940926,-4.902056759643476,28.48851627358017,48.33721568,-57.94897435,-1.2753152298173691,-0.0109715818598688,106.28619003,-36.68040059,21.19291713,463.28885395178656,8.553895930509862,5.704428802083512,28.69747681,-5.36776882,0.0558737629033263,0.4846889574963653,34.06524563,5.68940348,10.95913548,412.33192478995585,0.1079413154389991,0.0476418087490096,0.25234029,-0.01556044,-0.302122364880466,0.1774691290439038,0.26790073,0.07664624,0.13353972,364.1598298184096
7.730772093078839,24.474591685365677,67.23372781,-36.23394263,-1.1765415903912493,0.2401993979763066,103.46767044,-14.77572692,32.45131623,508.05803717573315,-5.447019886921788,28.80322243703305,48.74484279,-57.02581761,-1.3180943657265098,-0.06480735246307,105.7706604,-37.89129613,21.65395,420.96023283429855,14.889807698372124,6.324809601533246,38.6265902,-2.4958468,0.0367692729134576,0.4358405038500347,41.122437000000005,10.64306016,18.41959328,372.36413248414414,0.1075168647093734,0.0504783666588988,0.25648197,-0.01556044,-0.3428978756807113,0.2875281648409323,0.27204241,0.07097869,0.13550157,369.5248541648444
7.093090994727515,25.15621780895116,64.85008752,-40.24918616,-1.1832720245545776,0.1621905251060771,105.09927368,-15.79643023,32.69109857,499.4212503680773,-5.208372243358342,29.046523731813977,47.7530215,-58.9985616,-1.3063929003858477,-0.0709440478676492,106.7515831,-37.84551976,23.279556535,410.3150868132971,25.693990813150776,6.2820599967725705,48.77913232,9.36786122,-0.1762457802074029,0.3610432163064868,39.4112711,21.13892693,29.31327767,439.68866529265455,0.1083131008918385,0.0463694359938811,0.25277626,-0.021228,-0.2990289442828664,0.2173801404051972,0.27400426,0.07599229,0.13571955,385.3145741375384
7.890814588803011,24.51137215586617,65.37542474,-37.6758982,-1.1788746052830652,0.1942948279397709,103.05132294,-13.47110045,32.95812738,489.85050863233374,-5.091593170595327,28.511941571366535,46.92904689,-57.34407399,-1.283779943947083,-0.0261924317158932,104.27312088,-37.128902175,20.950956605,448.9800591631193,36.89697053235992,6.359743763485318,57.66737694,19.71659035,-0.1344570671365481,0.3207367652670599,37.95078658999999,32.33233971,40.46854348,410.6790131998189,0.1066127574449809,0.0483028637360296,0.25691793,-0.0162144,-0.3416903019409103,0.2185776545772789,0.27313233,0.07315851,0.13201385,383.3679349846789
6.431714255021367,22.627346020635457,68.31056344,-40.59359992,-0.842711168533572,0.3606533428495745,108.90416336,-9.99318564,25.00066888,433.3506645871976,-4.187698508745499,26.205606741579825,49.43257548,-65.15439198,-0.9861444604178038,-0.1710872943288866,114.58696746,-30.33219979,16.53898646,460.2841507219648,45.41865491861203,7.388471024143344,68.45207162,30.92635102,-0.4046404952470541,0.1233197477086147,37.5257206,41.18243737,50.20146889,355.3746725619839,0.0905410335142605,0.0595087588894585,0.26563724,-0.04803986,-0.5308097586041418,0.0580495700840868,0.3136771,0.04787253,0.12809016,333.8989595652364
7.007670406472603,24.42400814960019,67.06915414,-41.13746512,-1.1180936194309985,0.1758474016839944,108.20661926,-12.57192099,31.72870385,449.15868595024847,-4.607870892338657,28.08889218187804,50.88543346,-60.89392064,-1.1580010145967166,-0.0459847871739865,111.7793541,-34.48967526,19.76404025,500.2329476940057,54.04864015918307,5.575038990986704,74.72452492,40.1633677,0.2989288322269954,0.4712237723239227,34.56115721999999,50.79547448,56.74640221,402.3627362250719,0.1027987722703548,0.0449488034834714,0.25517408,-0.02384379,-0.1669444807713076,0.0542425039779357,0.27901787,0.07424843,0.12918007,379.79447709107984
7.491604707521376,24.00451531263664,68.95797097,-39.08733619,-1.0818553407443172,0.2910546253088808,108.04530716,-12.30707228,31.86603296,431.3579648962124,-5.276482910818102,28.247158461207498,50.5235789,-61.26993916,-1.1795892406427702,-0.0657182770204074,111.79351806,-36.27931378,18.41309287,446.1792670893762,60.26997068447871,5.993391719185822,82.39751382,43.01349206,0.3814027070219277,0.4597038619437107,39.38402176,56.94258446,62.70822854,385.9431214358981,0.102326844737875,0.0496405117511943,0.2660732,-0.02166396,-0.319586444290767,0.1776783190054393,0.28773716,0.067055,0.13223183,362.1143004556041
6.70029410132687,24.867287958732874,73.3906492,-40.15327323,-1.0937894639141683,0.2237839431014199,113.54392243,-13.67436946,32.136876459999996,483.2722021586414,-5.019511553240153,28.69200680912312,54.64454295,-62.94404958,-1.163843886519456,-0.0862433274420924,117.58859253,-35.76596425,20.307362815,411.5211845333455,66.38739072385691,5.4341135336176345,86.19586129,51.1878428,0.3099441907652558,0.5009890161067658,35.00801849,63.24773354,68.5937571,435.2958870033128,0.1053720189243671,0.0462174970043127,0.26323943,-0.04106442,-0.2216427572246124,0.0867536890119349,0.30430385,0.07315851,0.13441165,376.07137572350416
7.330524122290959,24.00119626865989,68.19284951,-39.91567099,-1.109932041050608,0.2568752301442295,108.1085205,-12.424238325,31.66113031,480.7098631638614,-5.052130475453621,28.034778390764178,50.45600536,-60.71953557,-1.1597091994910635,-0.0581925763104258,111.17554093,-35.39103291,18.27085902,411.39460048082,71.65535404936514,5.377903198808463,90.6427073,55.42215676,0.3814470384099193,0.4651617495724262,35.22055054,68.78994698,73.73815102,392.0230221775588,0.1048720048408953,0.0468356190682152,0.256046,-0.02188193,-0.312424331573653,0.1567617413300662,0.27792793,0.07185062,0.13332174,388.3518252204054
5.695083270118541,22.7226722650063,70.59610879,-47.36305106,-0.7768767772343916,0.3384837215480409,117.95915985,-10.15994323,23.34890401,441.2280074142891,-4.082858577296921,26.12886689780374,56.07886912,-64.42633031,-0.8884350925832929,-0.1685585946746019,120.50519943,-26.530581215,15.17495944,422.59584994846335,73.68464978872287,7.538833075320773,95.45468087,57.68917794,-0.2435464885018734,-0.2509927835586668,37.76550293,69.52563424,77.48200173,359.35081410050674,0.090841677047835,0.0593137380245828,0.25517408,-0.06613242,-0.560858209904044,-0.0949134064128918,0.3213065,0.04612867,0.12983402,339.04139008809227
7.156402254420136,24.153019948251785,67.6609739,-40.72983802,-1.0760204841251289,0.2641591069940554,108.39081192,-12.442766315,31.56739747,485.59759703229344,-5.213106098558889,28.18876560540032,50.98461558,-62.42306874,-1.157028755475547,-0.0403759409612012,113.40768432,-35.94470952,18.04851749,498.0741254070671,78.64813114928292,5.728915460248886,98.16856332,63.86898751,0.3754774653362669,0.4680480237141515,34.29957581000001,76.09236855,80.54466195,445.32862847893233,0.1057852029787117,0.0486705023586672,0.26650917,-0.02188193,-0.2660689034829855,0.1353042793967711,0.2883911,0.07272255,0.13332174,393.22612055132345
6.336268598381311,24.602444501042665,71.4375242,-40.52166236,-1.0795017610629407,0.253693519414596,111.95918656,-14.27327597,31.32325685,492.0439446330069,-5.220883946730017,28.410645644657397,51.15573146,-64.38818333,-1.1570540192728476,-0.0897352214173026,115.54391479,-35.6193702,19.608727715,503.7758399686816,82.36154637325633,5.4460543434053434,101.48190255,69.49294228,0.3525133426310733,0.5938635191416188,31.988960270000007,79.3730082,84.44655556,425.1450420945952,0.1076693703594956,0.046068174906598,0.26476531,-0.03016528,-0.3105929796517737,0.1500089320361937,0.29493059,0.07512036,0.13680946,392.572288648292
5.783513626426117,22.088637015254506,67.797212,-44.52055609,-0.7257835138627566,0.4405952334126833,112.31776809,-10.44331992,20.803955435,487.20797339365134,-4.426534814641657,25.687465563107413,51.81730678,-66.69662068,-0.8015153077676609,-0.1529062122319457,118.51392746,-23.325690965,11.931376715,473.9590153011828,84.12307321610484,6.546326770247656,104.11404366,70.96977181,-0.2001978918318334,0.0470359072382437,33.144271849999996,79.65093178,87.32937569,382.76098528273906,0.0902546616308865,0.0580754975674632,0.25713592,-0.05457934,-0.6453269559386956,-0.0480165240819338,0.31171526,0.0443848,0.13048797,360.08444331486004
6.7321665075541,24.714861019357382,69.4854902,-41.12220633,-1.130595441585892,0.2052778755644507,110.60769653,-13.055843,31.96521508,456.50259950514265,-4.818281111243358,28.326801092100567,56.8102,-59.85305379,-1.200657703290254,-0.0460105542630994,116.66325379,-35.49239514,20.54932334,462.8850253806446,89.561520135489,5.478489817130609,109.3456263,72.82807107,0.2952953057203795,0.5015892909955598,36.51755523000001,86.92065377,91.65087838,404.4980515432511,0.112055626263591,0.0468507908816697,0.25582801,-0.02580563,-0.0223518098018975,0.1546502335478624,0.28163364,0.08296774,0.13746341,368.9919085647395
6.346192627668029,24.71096440791587,69.71872842,-39.3598162,-1.0823116076725257,0.2765108132757526,109.07854462,-14.04548514,31.41044938,479.9407843174659,-5.120992139500459,28.439371397936085,53.39332225,-65.33531926,-1.1532077948982475,-0.0827110625867156,118.72864151,-35.47495625,19.40000941,504.24881640957307,91.8177572163722,5.474222252557534,110.68077035,78.27764077,0.4397173610598703,0.5771928763917378,32.40312958,89.09503121,93.75441689,456.15842400440033,0.1104571881827778,0.0472067301077562,0.2586618,-0.02275387,-0.2267302409957237,0.0982851110918915,0.28141567,0.0783901,0.13877131,399.19293056369435
5.7944154358918185,22.749971567793825,68.62881601,-53.8622042,-0.7918718436708287,0.3932244885459107,122.49102021,-10.69617999,23.63718641,472.016767454894,-4.274574188190558,26.163756971966457,54.63037517,-61.87375234,-0.8638788042931944,-0.1467992649366958,116.50412751,-26.71150754,13.790769835,433.20317970736727,93.80171921437876,7.038036952452226,116.71889443,79.94521279,-0.2565963955446459,0.0427107831073007,36.77368164000001,89.21492715,97.24758858,372.3005502567019,0.0960937199064021,0.0596351708556619,0.2710868,-0.0386666,-0.5818081386334075,-0.0053572851644478,0.3097534,0.05266814,0.13571955,343.20750489025323
6.1610025152224415,24.289869716541396,69.82772195,-40.82248175,-1.0740242486522902,0.2683142898716922,110.6502037,-12.995352865,31.19628179,477.7669604688057,-4.960148590493559,27.96425575239757,52.97370555,-62.49827168,-1.1045688689724449,-0.074906470079342,115.47197723,-34.24280999,18.1694968,506.9205203393328,98.06418848489872,5.360534492249425,118.09218545,83.29669137,0.7091018133817317,0.5252139272235979,34.79549408,95.71080727,99.91242165,431.83535004077544,0.1100136079864724,0.0457566754454711,0.26171355,-0.03605082,-0.1899778021376379,0.0535990897685189,0.29776437,0.079698,0.13811736,383.0098378234999
5.287898603924465,21.940955194880196,67.5410856,-48.07149375,-0.7034151440330176,0.4193513216222057,115.61257935,-10.08691848,20.88024938,487.93629925728055,-4.092943594337875,25.290210299438257,56.40366389,-63.27974294,-0.7533067846639105,-0.1487582975306139,119.68340683,-18.215631225,10.507405065,427.4530910903823,98.65839326146632,6.939873565668155,122.38644356,84.91521401,-0.246862292471655,-0.0132960910537098,37.47122955,93.60727639,102.19034524,370.1878992028376,0.092467407379611,0.057810295073061,0.26280347,-0.04716794,-0.5848728859218575,-0.0246041984628168,0.30997141,0.04852647,0.13223183,341.80937537134673
1.7225557940017204,14.948356628493917,66.17651117,-38.69169867,2.010598251093942,1.1381150459152964,104.86820984,-2.11856091,1.15989923,504.2626412437066,-2.3556340144222463,17.2999123609486,53.48596599,-72.78378651,1.9506143413153785,-0.5383917623378894,126.2697525,-3.04893957,0.16848542,447.58720005929314,93.60155608597654,7.727782539406552,119.98318429,70.49021096,0.4984062225667873,0.0977875215088475,49.49297333,88.7081141,100.81705422,438.66299305045334,0.04238367357662,0.0583568108978321,0.23054202,-0.09338027,-0.6542111343139316,0.7240346445653508,0.32392229,0.00013431,0.09277696,374.46376611965934
1.6331667292321794,23.159270709305673,62.58436592,-62.96386711,-0.5034866501766291,-0.0221764908920391,125.54823303,-7.63549415,16.30227669,458.2753700103828,-13.0401282529384,24.9320123175958,32.92171814,-85.78621338,-0.9394151250291,-0.6605998541803842,118.70793152000002,-39.5662503,2.50332215,403.8323948098478,23.068035153248537,7.798144185109785,52.51021504,-1.65848506,0.1363036631947194,0.541327441701288,54.168700099999995,16.97358632,27.80732655,363.2347898857574,0.0987837487404431,0.0805093180014975,0.32196044,-0.03880092,-0.8722221207852328,0.5336718342724277,0.36076136,0.037711,0.1800537,316.0345762918818
1.2987551158265385,25.807496729839183,59.32225426,-47.16338722,-1.0022103318700144,-0.0487235206893839,106.48564148,-25.421248355,21.98563107,477.7954688096367,-16.632692962118277,26.087169514872205,26.34518006,-71.6631131,-1.3599932983668417,-0.3724964184713402,98.00829316,-45.93025635,5.39704277,407.9694498180039,17.465631082767274,6.75911864414247,46.77727055,-1.32061184,-0.4558020711691282,0.6109237862714243,48.097882389999995,12.41774773,22.49399876,341.23824223887004,0.1197999076274019,0.071350723790386,0.30125209,-0.0176566,-1.2045006991189755,0.4209333907499216,0.31890869,0.06474086,0.1940046,348.35086271317977
1.1691903173478513,26.882684687447966,56.84706124,-50.59988395,-1.1164842973593083,-0.1644380710927626,107.44694519,-26.979823985000003,24.339844785,500.21094192164514,-15.392120291739351,27.037453716437984,32.9783931,-71.91706512,-1.3160275735496587,-0.29068895244177,104.89545822,-44.90246628,5.204672835,410.6123183399204,18.00742069548024,5.4053433028285784,50.54836964,4.70116019,0.4811177512357507,0.8371294509630114,45.847209449999994,13.95997548,20.79918217,344.6339818456136,0.1232557936685912,0.061282613647653,0.28708322,-0.01089913,-1.1098358633700325,0.4240085203965908,0.2979823499999999,0.07389613,0.1839774,352.54519149893304
2.0904712226492985,26.275905185282863,56.48738869,-47.35848228,-1.0497922608682977,-0.0936994404881832,103.84587097,-23.57166473,24.82649048,401.5136790910743,-15.38975207756959,26.860888656948248,34.34732773,-71.36993072,-1.3232468949485527,-0.2428330036422646,105.71725845,-44.90410278,5.45044853,380.0122676774889,23.27345156164722,6.247032328885438,45.51296925,-2.30153394,1.128578762502701,0.3231237826290012,47.81450319,18.9463303,26.83185315,311.76135405174495,0.1202062523854239,0.0618961564785972,0.29231479,-0.01046317,-1.0377497950184555,0.4851973457325117,0.30277796,0.07258824,0.18048967,353.95601796504997
2.1259528692984273,26.15411578047025,63.14785012,-44.88111107,-1.0587316507188138,-0.0565504302768126,108.02896119,-25.07084076,24.08044537,507.0813351012699,-16.624549821202667,26.599265227330765,29.18985512,-69.82224701,-1.3749802819864676,-0.3043918557862571,99.01210213,-46.75967834,5.15835144,435.2649447650396,32.74761776813413,7.185298938002845,80.88611531,16.12345433,1.453944170883819,0.959670725920631,64.76266097999999,27.4585545,36.98984837,385.5886994053291,0.1199558986151884,0.0668435629242864,0.3060477,-0.01438686,-1.0448159343898364,0.4975365454252766,0.32043456,0.07084437,0.18724713,365.9737142771667
2.0033197609525057,23.862103127170673,61.16311653,-55.76607505,-0.7186823922250767,-0.0916879501097669,116.92919158,-9.205514355,21.17636975,445.06827843873424,-13.828088956854728,25.239073505040867,48.69821884,-78.7824292,-1.0661820042310883,-0.5563082703512555,127.48064804,-41.14553497,3.47879483,425.3331963584737,39.93256456249403,8.050197668912913,74.85343861,26.51032948,0.0355902136599746,0.7202146924506255,48.34310913,33.63291478,44.51570057,338.9982289944078,0.1032796180956819,0.0751136574243463,0.33438546,-0.04555839,-0.8400465123789407,0.4977637052400404,0.37994385,0.04773821,0.176348,346.7430536063318
1.38062639673217,25.59982307742288,59.94459542,-47.31270591,-0.9099038109475096,-0.0118582727405797,107.25730133,-21.538975635,21.78726681,435.6175368773648,-15.84196412515886,26.29129807469178,30.97622254,-74.0271344,-1.2561673014631969,-0.4161672221913025,105.00335694,-44.65233276,4.7648926,483.8631065574306,46.778876990479226,6.553498225834396,67.58371663,30.69014668,-0.3051365209355667,0.7012168230341543,36.89356995,42.1124413,51.38215565,445.6811022121269,0.1143136863382646,0.0700279964613567,0.30539376,-0.0202724,-1.136182662754661,0.45948616555748,0.32566616,0.06256103,0.18811907,390.308266054546
0.4536249634985421,26.43976926276651,59.14132698,-52.82548896,-1.0108344449996347,-0.1420705012306073,111.96681594,-24.00872032,22.30770119,449.0120426949752,-15.064830603360694,27.02065214303124,34.5293422,-75.03857849,-1.2129189798111646,-0.38298804638281,109.56792069,-43.740074615,5.26298334,466.96681803182247,51.89916296122328,5.7022495791277565,77.10956502,36.21601033,-0.0961015668032772,0.633356342630694,40.89355469,47.80723881,55.3603394,375.0371214307464,0.1175739823022674,0.0635196978355805,0.29166085,-0.01831055,-1.1028051459179458,0.4493665276300901,0.3099714,0.06648472,0.18157958,367.2950790335161
1.735785236924751,25.978063505531463,62.70752724,-52.498516,-0.8973753150955508,-0.0605869220169066,115.20604324,-17.994032779999998,23.26954945,346.74191049780336,-14.763992865679946,27.038675421624696,38.88681748,-78.52630279,-1.1879574774030928,-0.3566107067003474,117.41312027,-43.83544205,4.80848934,321.54977988164296,54.857765473033346,9.616673742973791,76.70629811,-3.84376169,19.28661309544458,-3.5036073775041867,80.5500598,51.79087376,58.90255665,227.0178933098838,0.1180097259969341,0.0624316441463699,0.28577531,-0.01656669,-0.989764513303967,0.4922372966703764,0.302342,0.07040841,0.18070766,314.69418132235626
1.2159184327594934,25.97949696815208,58.82852181,-48.4494857,-0.986430904646491,-0.0643508348371365,107.27800751,-22.88937942,22.85374649,461.9070649316805,-15.817971228842897,26.67128054377603,29.93862488,-74.81405304,-1.2475872364281906,-0.3978029612406298,104.75267792,-44.78584717,5.62483456,457.59097066845067,59.68933869855795,5.958246158380684,82.00327229,45.49117207,0.1086069899844281,0.8644665852127543,36.51210022,55.0769608,63.29490971,454.7709671798317,0.1171580544790106,0.0654780227140081,0.29209682,-0.03073556,-1.0613253302187715,0.4967346666057307,0.32283238,0.06888253,0.18484933,402.4058382475689
1.3059639644986538,23.52225271671228,62.27265175,-68.85157768,-0.571880957504348,-0.0520529455325377,131.12422943,-9.23984615,17.95295151,437.1170020897566,-13.634052408004749,25.258982814253113,44.22630264,-83.17151306,-0.956064083266944,-0.6217654010139506,127.3978157,-39.575514295,3.32184722,418.07588752675855,61.06987943470429,7.759353587155628,83.75803303,46.81541752,-0.3933872834379683,0.3538262963200936,36.94261551000001,56.69548344,66.45020985,352.4795933754894,0.1017896189356432,0.0769494682915442,0.34201486,-0.04316058,-0.8265131170232576,0.5382771341495212,0.38517544,0.04425049,0.17852782,335.531673770693
-0.0390201565332722,26.26549656302944,61.28191765,-49.89797966,-0.9774544830100128,-0.0641020537345652,111.17989731,-26.20980064,21.57091912,505.2673862322345,-15.643782674044392,26.74347194324233,30.65578797,-76.47507904,-1.2472862637997295,-0.4211626633234537,107.13086701,-44.7324414,5.27824213,501.1927724137911,65.53745900398096,5.865124603465455,84.96784138,52.65735554,-0.2094502299551637,0.7287815520854345,32.31048584,61.33306431,69.45291829,425.9790191234454,0.1196280081775673,0.0669407545557294,0.29558454,-0.01722064,-1.1215842039620374,0.4710213606840825,0.31280518,0.06822858,0.18964495,400.1185261432205
0.9063285673315206,26.126711085678373,59.22852333,-54.14864341,-0.9403141307871964,-0.0580587262755086,113.37716674,-20.73679916,23.01505478,550.813328146146,-14.943539144432943,27.01989507790016,34.60672714,-77.37208221,-1.2119655309979531,-0.344558268196963,111.97880935,-43.73516891,5.17579033,498.255709325137,68.25505459329797,5.301996156032132,87.75257039,56.39575886,0.5410487445218748,0.9974217260614696,31.35681153,64.34667897,71.13138508,443.69536378745823,0.1200124019379812,0.0622454480655352,0.28839111,-0.01591273,-1.0418399516806016,0.4973026503103744,0.30430384,0.07237025,0.18332345,407.08462849313634
0.7329009402101444,23.790740539186512,62.17346962,-53.37589637,-0.6069866319172652,-0.0627063089986331,115.54936599,-8.96736805,17.73006447,490.2672432564603,-13.332282673560512,25.149216309809724,29.071054,-81.04617737,-0.9014810980693806,-0.6504781029007427,110.11723137,-37.73574112,3.977430245,464.1223038200619,69.30260314134357,6.720468161849922,91.27298665,57.08785176,-0.1370511172022097,0.5300061662036951,34.18513489000001,65.17500996,73.7635262,385.0479249598039,0.102119135682873,0.0716694484971783,0.3060477,-0.04643031,-0.8417199260230133,0.47167073926073,0.35247801,0.050354,0.17264229,361.21057327248576
0.3341333804153971,25.5885270301072,60.97456368,-59.08704368,-0.9445935415949288,-0.0350053671916439,120.06160736,-21.050694385,21.63631447,487.6344463271871,-16.27932909944575,26.52266566985833,48.65244248,-82.43690918,-1.277451960612822,-0.4148234363819343,131.08935166,-45.40382812,4.92946961,476.4357139242681,74.14095310227226,6.462972408643703,94.07951283,57.98702931,-0.4237883182065429,0.710600717553315,36.09248352,69.51831746,78.88612294,407.05740784459766,0.1218606325713031,0.0708129344413046,0.33787318,-0.03160749,-1.0350876800048934,0.5018663249411318,0.36948067,0.06888253,0.19444057,380.395663388432
0.3439250844055216,26.189017062501147,59.11626061,-51.35192482,-0.948138423022562,-0.0878257549320178,110.46818543,-20.73298446,22.53004273,510.48643039954936,-14.97324645711086,27.03901276583445,35.13097336,-76.90887115,-1.204224253750009,-0.3696905569098146,112.03984451,-43.7591481,5.37524416,498.39876262070743,76.46518539194356,5.248047051891216,96.35743641,64.94068074,0.5573704372913069,1.0143149745929534,31.41675567,72.56462025,79.29483723,428.89441152315794,0.1214222927904603,0.0620932196714961,0.2960205,-0.01024518,-1.037325889795823,0.5086132007179562,0.30626568,0.0730242,0.18506731,400.9039851610182
0.6241368668643961,23.529674923741425,59.64814003,-71.39107505,-0.5882090412143159,-0.063791683605522,131.03921508,-9.62785618,18.05267914,434.2825672096877,-13.796856299575746,25.26226505519344,43.93093445,-83.46905945,-0.931274568256983,-0.6463201800173421,127.3999939,-39.076879954999995,3.53111078,415.1031297222307,77.77073128085621,7.229918787476249,102.6680367,64.80989003,-0.0620030781492104,0.5909676478651839,37.85814667,73.31121754,82.03597188,362.32549172456726,0.1057536756821026,0.0745382364086207,0.33700126,-0.04948207,-0.8414641312739968,0.5007461767650211,0.38648333,0.05013602,0.17874581,331.59994403894575
-0.1489303466401162,25.585825377850423,57.34951027,-54.28924171,-0.8971426178852964,-0.0659109295825053,111.63875198,-20.37549392,20.806345065,513.9276399009382,-15.037364600460768,26.485566640132607,32.76150086,-76.09034393,-1.174089018810606,-0.4319256834340241,108.85184479,-43.31010483,5.09404661,439.79335022490545,81.56889381143357,5.552754404474847,101.74705433,68.42840504,0.0746400997851375,0.8109487224247411,33.318649289999996,77.65451741,85.22941517,404.8702780139421,0.1204084215067923,0.0641908788185137,0.28708322,-0.00828335,-1.0629334422520311,0.4648396753334141,0.29536657,0.0717163,0.18615722,355.9891198444114
0.0233594518698459,22.753368171357,62.73259362,-62.32626716,-0.4816375802761379,-0.0775429678179883,125.05886078,-9.046387115,15.75950058,459.8327307172296,-13.238006850722837,24.58571687366634,30.07486488,-79.33501861,-0.8229607740978162,-0.7371480173829091,109.40988349,-36.40441177,3.35454466,402.10981904800417,81.63492737771807,7.158324730402072,112.96771931,68.36300587,-0.0038947578623589,0.4794204148504644,44.60471344000001,77.61637044,86.07410359,353.25666167641003,0.1016169529435622,0.0736539483920932,0.32392228,-0.03640311,-0.7985779456563176,0.5384001273994964,0.36032539,0.04403251,0.16915457,324.76056745695
-0.6711270438561651,14.216382499782888,58.83397301,-68.22596733,3.429150354792566,-0.0545297743778498,127.05994034,-1.88402025,0.08218392,485.3183569089702,-5.286093440850707,16.445710622766217,34.8040004,-80.19604919,3.9181814710643694,-2.0579481741254133,115.00004959,-2.18221615,0.18834587,416.9656795804309,74.71034406715887,9.132566436339502,106.18300557,54.40121388,0.6678831411592809,-0.3445517883293696,51.781791690000006,72.33573842,80.94061207,386.4438821481302,0.0439695489613721,0.0621440764558954,0.29623849,-0.09591239,1.4383965388224622,1.4776139722239467,0.39215088,0.00762939,0.07019043,332.51278252235807
-29.35611437687552,31.529442041358717,31.0723225,-99.12112175,-1.1481760111736894,0.0534872653071759,130.19344425,-53.83521019,-9.11387955,465.6930364330303,-30.2293683899695,33.657864059440385,39.91975677,-96.10581314,-1.1659536234556136,0.0611134126404432,136.02556991,-56.91660988,2.62809265,490.02285009672096,9.444765005911968,6.045247752065561,37.8068437,-4.62349015,-0.2492897921966737,0.2992499486522988,42.43033385,4.78246349,13.61621183,379.1676029854541,0.0115029170017838,0.0400627872851401,0.13525056,-0.09275935,-0.7496706857411017,0.1373961210881947,0.2280099099999999,-0.01973514,0.04282589,380.8660005380663
-29.92886824363653,31.54831703614385,30.86632885,-95.79470574,-1.1640828984658869,0.1335046972429636,126.66103459,-55.76081787,-9.6754563925,405.6010544819324,-31.10627192356423,33.15771852832836,37.20914352,-101.0496608,-1.1622863172205842,-0.0241257222434323,138.25880432,-57.20352662,1.31392944,505.6692318831291,22.423917895864943,6.965275336021808,53.35445875,4.51543469,-0.4599035696522198,0.1418465440447037,48.83902406,17.40911192,27.36002058,349.892923269287,0.0087795694654292,0.0414763247614002,0.12849309,-0.0945032,-0.8303643920064085,0.2682849891374326,0.2229962899999999,-0.02562068,0.03824825,387.6919617590474
-30.83752063408668,31.809768005307873,32.27994693,-99.02629601,-1.1579415151000318,0.0428323416868206,131.30624294,-56.56653343,-9.9468454,416.2670485789149,-30.709900345653686,33.624592955690474,33.35629928,-100.05783951,-1.1773715862833938,-0.0441354938520723,133.41413878999998,-57.0945369,3.09702766,473.67725753353153,39.90156404979367,7.275162309599169,72.87480635,20.98947615,-0.2994387966003944,0.097043984521134,51.8853302,34.73328489,44.97302336,365.960958682809,0.0107878517307581,0.0428654662089193,0.14004618,-0.09799092,-0.817605747138817,0.3115258538113479,0.2380371,-0.02562068,0.03977413,369.31307506591605
-30.339052436471448,31.30380332282779,31.84943165,-99.43283592,-1.1539158098337976,0.0635794744314446,131.28226757,-55.46218048,-10.20706307,466.85139175077353,-30.803956671054134,33.73222865204877,36.2620076,-100.81750595,-1.1699822000822258,0.0123359496594792,137.07951355,-57.12941468,2.54662216,428.6629881236398,56.707046108389875,7.337369295985574,88.09544844,38.95670027,-0.1528588519590745,0.1916529847312553,49.13874817,51.40896315,61.7958383,394.02668236948097,0.0100307511726771,0.0412713103949993,0.14200802,-0.0984269,-0.7557257572661098,0.2908102853223178,0.24043492,-0.02453076,0.03933817,405.6067827612079
-29.268768329766583,28.89366348517015,32.18076481,-98.71458184,-0.9101103377845688,-0.0732706178728955,130.89534665,-52.24503075,-12.0449289,471.02202425388725,-31.10814296492622,30.230941584321116,36.28053558,-116.37929642,-0.8187076533808084,0.0039496758237549,152.659832,-55.25912201,-10.4890168325,411.0579423523353,69.0598035966685,7.383265196605308,91.43058485,54.88578505,-0.604379137804524,0.3266639106562169,36.5447998,63.06558699,74.13365645,349.8863386540227,-0.0099178660879662,0.0620524575330624,0.16402427,-0.15946206,-0.5231392176319369,-0.2605032038232317,0.32348633,-0.04262332,0.0338886,358.39462983846516
-29.885681266178103,31.25168579351469,33.25215019,-104.23281609,-1.110836918180038,-0.0016367095019554,137.48496628,-53.85374199,-10.25828873,492.4050582240331,-29.87697834061961,33.21339695871606,44.07995498,-99.77881729,-1.1743364386056243,-0.0033925956844388,143.85877227,-56.22369492,2.84416854,454.2873788559099,82.00289740616319,5.420376972363525,98.35698408,67.40343947,-0.5585680423971833,0.1273773983924086,30.95354461000001,78.06279463,85.89927382,439.37677854316183,0.0063768499898478,0.0431675921364742,0.15443303,-0.10082471,-0.6201123453401816,0.2883543709656889,0.25525774,-0.02692857,0.03715835,387.8012905285557
-29.103906274537852,31.251029181888686,34.84887375,-101.46116387,-1.1146747172016818,0.1168217069342274,136.31003762,-53.52976166,-9.48771988,448.7638702356741,-31.006817389872708,33.06221884820663,42.9355458,-101.35810196,-1.1798615232392158,0.0322221454816707,144.29364776,-57.45202744,0.130828265,501.7018796367703,90.7843901474602,5.447846165053894,107.07084364,76.34618086,-0.6982313234197406,0.1411895925506916,30.724662780000003,86.70036024,94.78207106,453.1999572594919,0.0055425248939161,0.0392292079203146,0.14832952,-0.09820891,-0.5083289947669569,0.3613216599421538,0.2465384299999999,-0.02496673,0.03323465,386.0360549944757
-30.46084236269484,31.91303852266052,43.17254318,-105.75651299,-1.101722694162406,0.0615092912781987,148.92905617,-55.4469216975,-9.66537606,417.9574626830288,-31.103985795724665,33.35029167867873,38.99333084,-103.48016465,-1.16371076304493,-0.0603027860945314,142.47349549,-57.3918105375,1.13845337,519.5452110509989,98.96267624381213,5.482179572545808,115.15255446,84.2698564,-0.6629294236556973,0.1900670370254659,30.88269806000001,94.88016218,102.91282362,433.9638384539596,0.0088518887600802,0.0426472607976882,0.14767557,-0.08687381,-0.6497883463982621,0.4568423429099456,0.23454938,-0.02692857,0.03781229,381.6045682716996
-30.053554165354836,31.293722782916515,34.15568794,-102.45734154,-1.1400415862005138,0.045803251418188,136.61302948,-54.2482885,-9.24357926,456.94991022690925,-30.87736659142361,33.49639167688441,38.21731079,-99.75811112,-1.2014668391740722,0.0168937520942632,137.97542191,-57.68636048,1.67796028,459.10689635793307,105.59045709280508,5.0230998365830795,121.2342729,92.10088057,-0.6775069524651869,0.2718205100767694,29.133392329999992,101.6921205,109.29427046,415.5171557197916,0.0088331024776611,0.0404543882258938,0.14767557,-0.10104268,-0.6558444687403382,0.3824975110924365,0.24871825,-0.02474874,0.03737633,426.8982552053504
-29.218804068306024,28.53292234814985,35.55949653,-103.46551262,-0.8463798483050993,-0.0816869317013238,139.02500915,-50.34503876,-12.16563545,419.5524027513157,-31.323472199193787,29.853221047469184,37.39551818,-104.69869339,-0.8100052702060245,0.0172650599619186,142.09421157,-55.21007645,-10.58247697,441.8086742479042,109.1529342442564,7.126618360504684,129.22333998,94.12267012,-0.6638130035312733,-0.1692819707471597,35.100669859999996,104.65123457,114.32967085,375.9006489059141,-0.0101847980851877,0.0626573013291188,0.1435339,-0.16883531,-0.582224042611021,-0.2636062814735245,0.3123692099999999,-0.04393122,0.0351965,348.26624007084706
-29.538847848886174,31.33012634580071,32.79111637,-103.25298058,-1.0983918966641002,0.0181228839027504,136.04409694999998,-52.96110283,-10.258561005,491.6302044888574,-30.091282781949705,33.30882163058189,43.67559707,-101.55755722,-1.168112632694605,0.0320068214124389,145.23315429000002,-56.55721009,2.459973695,506.4314376033909,115.92442833369118,4.985107712837522,131.1088838,104.31881422,-0.8279302635326848,0.2228232783638746,26.790069580000008,112.10624403,120.04626173,447.3441801887579,0.0116531103713141,0.0416297502454351,0.15029136,-0.10191462,-0.6407181875437962,0.2633603030572061,0.25220598,-0.01995313,0.04347984,405.68373436756383
-30.11801396690125,31.475432955642983,37.89627136,-104.68404137,-1.1065617441549622,0.1199683612783443,142.58031273,-55.32157837,-9.64166962,524.4917664183623,-31.475982023233893,33.064603634259115,39.04891479,-102.42404282,-1.1480131188255296,-0.0330915409308456,141.47295760999998,-57.38445389,0.384778385,535.6938392324304,119.44861396342895,5.1441203363870525,135.41404432,106.17711348,-0.7880530796286824,0.2757223260340602,29.236930839999985,115.21249861,123.34325117,464.6890781363578,0.011871283044579,0.0409628131410624,0.15116329,-0.09646505,-0.6965943129573575,0.3814490161605427,0.24762834,-0.02169698,0.0402101,414.8194463011205
-30.34588314990941,31.521882631573753,33.789477,-105.04588829,-1.121543195932443,0.0358607576598827,138.83536529,-54.76817833,-9.54984413,523.2855238997756,-30.96964974559918,33.63065980427934,37.75083053,-103.00932419,-1.1735120119267968,0.0058093394356953,140.76015472,-57.56538117,1.9556161175,534.260425738562,124.0930222197744,4.924568879659468,146.50936598,112.11169142,-0.5713619092371669,0.3897251932923682,34.39767456000001,120.23699659,127.8772859,445.71790200881406,0.0148975761420151,0.041358049281939,0.15465102,-0.08774575,-0.6721007598674076,0.4298808307971686,0.2423967699999999,-0.01973514,0.04304387,419.4084838770269
-29.224218255778514,28.78999089338164,36.49028267,-100.40721642,-0.8629803210930458,-0.094040387301243,136.89749909,-50.74639641,-12.05010735,425.5900775194246,-31.300771817588146,30.171135921599593,39.90885818,-102.3172313,-0.8053131707310723,0.0171187092290404,142.22608948,-55.3994485125,-10.57593739,439.18723475221793,125.8456200481769,7.219619026709411,145.46850294,110.36238569,-0.6159942478919387,-0.3082406840155249,35.10611725000001,121.63209242,131.17428297,372.03503836038425,-0.0040043572392703,0.0630194340943995,0.15268917,-0.16338574,-0.5828272351913006,-0.2862577120740509,0.31607491,-0.03782771,0.04173598,348.57701954874625
-29.47472706672398,31.37574073551856,35.1921965,-105.27041374,-1.106778443547749,0.0748739701241863,140.46261024,-53.8796228075,-9.69262253,510.0379486625814,-31.005984328219633,33.30975528133018,40.78078735,-102.99624741,-1.169863746523646,0.0256059763759935,143.77703476,-57.44766724,0.7959481475,496.3342643439947,131.1312239389053,4.884718040403758,146.58565992,119.52310652,-0.905641227540262,0.2710397815940409,27.062553400000013,127.04896254,135.07616896,489.88081843853934,0.0158739226442058,0.0408039064923222,0.15290716,-0.09472119,-0.5939676972110419,0.326894146266724,0.24762835,-0.0159749425,0.04587765,435.02016291415015
-30.115001572534712,31.360767920760388,37.06139816,-104.45079552,-1.1175100870764396,0.0443919426931247,141.51219368,-55.0708993575,-9.13458763,482.4588683279499,-31.314207373561928,33.14780461125772,39.23528946,-105.20114243,-1.163232250558467,-0.0323933201468185,144.43643189,-57.51197541,0.9158383575,518.4783562739971,134.25079256557677,4.878174339577283,149.44123549,120.21519941,-0.7163615223317064,0.3054593183742359,29.22603608,130.43859572,137.86089796,450.5084378493639,0.0165108477402198,0.0412519503495564,0.15334312,-0.08665583,-0.7023027984612331,0.4282612038732973,0.23999895,-0.01820926,0.0452237,415.6809232264659
-28.777249719777434,28.707445331304655,36.13497127,-105.24207054,-0.8397477128957669,-0.1003796890301079,141.37704181,-49.23359429,-11.87571846,419.0913850081664,-31.389664282663073,30.043660160146604,39.79223526,-105.26653397,-0.8253262052126127,0.0376711781685139,145.05876923,-55.60326302,-10.26531207,437.0354612628644,135.66002760919014,7.290965921462497,154.04066176,120.18250746,-0.5744150726539878,-0.3623177231535239,33.85815430000001,131.5285005,140.89086622,392.05397503543617,-0.0015077342224761,0.0620202442787474,0.15508698,-0.15575635,-0.5237542601352074,-0.3015979449079409,0.31084333,-0.03325007,0.04369783,353.26205113939454
-29.47727343619384,31.02949406460887,37.00908149,-102.02573906,-1.117489977412676,0.0762024315955372,139.03482055,-53.72730767,-9.10515915,500.65636872138555,-31.40333668038229,32.731411721460944,39.10994995,-102.97445023,-1.1710566903391382,-0.0122114145099701,142.08440018,-57.46837723,0.09104622,498.0277525542903,140.22966053603716,4.787993732476328,154.18780226,128.72198195,-0.7667103640107866,0.3207397736239751,25.46582031,136.29687208,143.77367872,439.92829204098814,0.0162227319040025,0.0400253942966203,0.15530497,-0.08512996,-0.6773550732709293,0.4082505883222776,0.24043493,-0.01668338,0.04435177,395.6278175637102
-28.12962006195731,27.832992571894906,35.24233211,-99.80013787,-0.8112463076982128,-0.0848887274661975,135.04246998,-46.80935608,-11.93893563,414.746361070596,-31.619605725386027,29.086734150542902,37.52848709,-105.76027024,-0.824823976945305,0.0599223724902462,143.28875733,-55.46293747,-10.645146905,493.2121705311386,140.44521262026544,6.871595671638475,158.00249952,125.11436171,-0.4700780579347361,-0.3701419541199687,32.88813780999999,137.12521071,144.9725923,377.1421862958369,-0.0060978980500456,0.0595565461436897,0.15879269,-0.15357652,-0.4595727572557688,-0.2764189905567604,0.3123692099999999,-0.03586587,0.03694036,346.1088093513646
-24.396084263476684,16.62833101733387,38.14368118,-99.37724816,2.9623506115942035,-0.7290117886144895,137.52092934,-23.46695076,-21.41464363,451.7677471894356,-32.623474491978726,17.002348337448225,37.89796722,-104.67907059,2.755328621113697,0.1954663234633269,142.57703780999998,-34.28918564,-32.00145829,493.2754537345068,132.42550802954148,9.509743688994275,159.20686049,111.55583662,0.3381472160621741,-0.4064644868353897,47.65102387,129.96992201,139.16334242,429.697600608423,-0.074551265694087,0.0591523802327261,0.12653125,-0.19346734,0.0306225523934675,1.0424125239784234,0.3199985899999999,-0.11172383,-0.02780049,398.6277658045813
-6.357867095096935,24.204589730376988,43.92531924,-77.96515699,-0.7686195347253459,-0.3202225903148754,121.89047623,-22.69673391,11.70311694,439.7147699607548,1.2967340377956966,25.75432950502236,72.6240028,-75.75028767,-0.8288807168707288,-0.1505642411617989,148.37429047,-18.27152027,24.73537861,1036.3763773157934,28.078199776035643,7.7564184760671795,52.55645326,-1.12723477,0.1427431904264406,-0.5034608098704241,53.68368803,23.80998567,32.82902101,1132.256545065503,0.1025398444618891,0.064756253503834,0.28314851,-0.04338957,-0.8678072165821442,-0.0224259552688385,0.32653808,0.05819037,0.15475671,344.9106319768724
-7.960498223950633,25.507600354641184,39.1089931,-69.16737409,-1.094243206688603,-0.1743200476411413,108.27636719,-27.54630418,13.80011134,473.8884754880483,1.4837107773731273,28.151060895195535,62.66546093,-74.16119923,-1.1685958801362983,-0.2704287069492773,136.82666016,-20.13690628,27.43400417,1134.8011927464931,32.629536684877266,5.511962357610764,54.77987626,18.97076943,-0.2089452259412052,0.4257603902827492,35.809106830000005,28.79634049,36.20230058,1311.488529573424,0.1196465877802808,0.0524655756310948,0.2620042,0.0036947,-0.9722697829633432,0.2014815128641392,0.2583095,0.07388513,0.16151417,404.91352741800785
-8.244935970901729,25.31939833831843,38.86049227,-70.39570661,-1.0827643513039893,-0.2286661551886928,109.25619888,-27.29834791,12.64807276,489.80006823421274,2.22916707143905,27.886669138311113,72.99784313,-70.86202778,-1.1361699959995626,-0.1876873669328576,143.85987091,-19.07642044,27.78386723,1094.812241975529,42.279394618573946,6.363551320511295,64.32206681,25.1669288,-0.3698088003981872,0.1495184618590111,39.155138009999995,37.73908189,46.68727067,1278.916419980574,0.1182938888342822,0.0523101808898098,0.27072351,-0.00284479,-0.9491030186254296,0.1542447070317814,0.2735683,0.06930749,0.15889838,450.3210080841448
-7.637161616372601,26.217490449934207,40.16402773,-70.13085981,-1.138926314901447,-0.1254840884354247,110.29488754,-29.132128195,14.49874548,459.4187657319912,1.7439255914867582,28.38003481246877,72.14116894,-68.66803516,-1.23639159099061,-0.154003871147121,140.8092041,-20.86442341,28.01383816,1080.6264987533098,57.00723872154504,6.4168311868100165,78.7198253,38.56741288,-0.2882985792308217,0.0590106446172262,40.15241242,52.48561051,61.4337993,1244.2890059557576,0.120922615710337,0.0474565250901931,0.25764454,0.01110611,-0.9447609066238284,0.1377250905211602,0.2465384299999999,0.07911671,0.1573725,409.08718859509173
-8.323457458125349,25.413041571832544,40.48119311,-68.7771916,-1.094890829646878,-0.1664516876767523,109.25838471,-27.501073320000003,13.05897002,492.7610939079943,1.1357146630252613,28.060457515107895,66.36026989,-71.79172291,-1.1250841998317465,-0.2841769221147348,138.15199280000002,-19.92927898,26.82801281,1123.6163613994918,71.44937329775506,6.177392087307658,92.73611405,54.42565492,-0.2263258012420679,0.3102047460220845,38.31045913,66.94331315,75.43918565,1275.4531517778337,0.1194978555992357,0.0510041969080504,0.2593884,-0.00219083,-0.9227721352138908,0.2105767496615978,0.26157923,0.07475706,0.15955233,406.10414391569736
-7.389619845158675,23.597733544745243,41.51770358,-69.67963453,-0.8321788056116848,-0.3475048700919145,111.19733811,-24.247135595000003,10.49222331,432.2165468445325,0.8129206401636533,25.437158574144245,69.34990154,-84.44016804,-0.8281540956912252,-0.1453488530002945,153.79006958000002,-17.88460125,23.53974377,1027.6428459455135,82.37431194116107,7.34402973269301,109.19925645,67.23213914,-0.441593408994263,0.3485799274337782,41.96711730999999,76.43100694,87.588996435,1166.2228306914624,0.1033537270803043,0.0621085853570895,0.30124109,-0.02922068,-0.7771556108195674,0.1592000033660705,0.33046177,0.05666449,0.15039705,371.0659818458558
-7.800384847679021,25.38791228876359,42.80924944,-72.06000562,-1.070929417041138,-0.1698289804980163,114.86925506,-27.161564305,13.33362822,443.6649002713611,0.738044283238391,27.842741723422133,66.41803204,-75.04293598,-1.1572629887531982,-0.2413752810261211,141.46096802,-20.70093693,26.32011257,1087.1183029036315,93.59142604608304,5.347178865224098,115.09024003,79.49911454,-0.2258636399403979,0.4085395291296262,35.59112549000001,89.55902055,96.95953324,1296.1921172597667,0.1179951942880099,0.0499019157916529,0.27290332,-0.0076404,-0.9000171682798208,0.2020505080044654,0.28054372,0.07562899,0.15780847,398.143471580897
-8.586442665713143,24.99687231078001,39.81089739,-74.89814039,-1.005562145457425,-0.2602335347963084,114.70903778,-26.11688276,11.87641387,508.9570105487677,1.3005194543961125,27.62345126240896,71.26269756,-73.17264332,-1.1078264692901654,-0.2122953691201311,144.43534088,-19.766336095,26.11956822,1085.4923156326558,100.62862996004516,5.534565137162488,120.50166276,84.96503404,-0.3151214935827542,0.1506852450843982,35.536628719999996,96.73065141,104.16385606,1290.543638455972,0.1173664020974692,0.0525686577838206,0.2670178,-0.00785839,-1.0185179170286598,0.1273470138703563,0.27487619,0.06887152,0.15977031,419.3099346530262
-7.971076382462451,25.988196002806188,43.22123675,-76.91120954,-1.066858216497902,-0.1623051975980705,120.13244629,-27.50543256,13.63117461,452.2482434239626,0.6086838774671981,28.32507987775538,73.94061504,-71.50180591,-1.2312951676372532,-0.1619004642125127,145.44242094999998,-21.76251186,26.5686134,1086.9854037616826,106.9258336089644,4.759122772527564,124.34360459,92.21840623,-0.1316384106485868,0.1666511349230222,32.12519836,103.67884782,109.80960801,1275.0295432817431,0.1218584665124575,0.0477888879356244,0.26614587,0.00565654,-0.9695635406309148,0.1252707287728148,0.26048933,0.07933469,0.15955233,395.8457010069276
-8.794734145074253,24.95057990133325,42.64031176,-73.5052342,-1.0310997598256546,-0.2318638614830299,116.14554596,-26.55393835,11.983769935,477.4365986734611,0.0052368931001872,27.727835888152946,63.19297634,-73.53449787,-1.0836419692677606,-0.2467941861801862,136.72747421,-20.71074642,25.04436909,1090.8068848742669,111.28038468285608,4.959290854683425,129.00843766,94.53992417,-0.1155606662438022,0.5238914124351289,34.46851348999999,107.61343339,114.12567094,1278.4635260082046,0.1214033511849394,0.051181371108671,0.26767175,-0.00371671,-0.978080445297135,0.1617015902484747,0.27138846,0.07759083,0.16304005,393.7053511642538
-7.444580002072481,23.911840442583216,49.88605837,-75.63601728,-0.7942428761450384,-0.3265455115008023,125.52207565,-23.329429105,10.58595614,435.0770457478388,-0.3836064555176973,25.571960871513063,70.12591778,-82.10557331,-0.8647577590293238,-0.1494839115599295,152.23149109,-19.70693554,22.6569141,1027.0513184664385,113.45485462428694,7.224660476319565,136.68687394,97.66252091,-0.3618063963584976,-0.2402317279474219,39.02435303,109.4335933,117.95671037,1158.1643844834011,0.1097361427948701,0.0623228613680188,0.29557353,-0.02725884,-0.851603990917075,0.0595311795730045,0.32283237,0.06451187,0.15911636,343.3020404610275
-9.029187845412824,25.04623570087663,39.91770892,-75.32756849,-1.0143127929043798,-0.2635102506813671,115.24527741,-27.04603334,11.57450728,490.4540629565896,0.2099687165625493,27.735969206719325,64.46708904,-74.77481617,-1.0775527648286818,-0.2626871132371607,139.24190521,-20.74453319,24.92502438,1115.2617034636398,118.07938019725306,5.233355053738497,136.77952531,104.46903184,-0.4126773627054549,0.260629189387259,32.31049347,114.40359452,121.32454637,1316.769594775579,0.1253635689358495,0.0529925910134447,0.27115947,0.00718242,-0.9904185753771616,0.1619667491121477,0.26397705,0.07715487,0.16761769,392.210211757082
-8.423643629685495,25.851006974156338,40.51280169,-76.33900495,-1.0525454510763477,-0.1865656740460035,116.85180664,-27.92450376,12.73254065,494.95519619811466,-0.1906972491470573,28.149480961468605,67.89159619,-75.36118854,-1.1857094079588528,-0.1816287118199378,143.25278473,-22.20501675,25.28033482,1100.1360387019506,121.41690740109075,4.622985328193361,137.04109147,108.20743516,-0.1830434153769853,0.2855469622513805,28.833656309999995,118.24554399,124.18556931,1314.235140819431,0.129338811989405,0.0478172414726278,0.2670178,0.02374911,-1.0001672428027504,0.1418925094286334,0.24326869,0.08565619,0.16630979,417.5508758474441
-8.113545698014324,23.340564282552517,40.32424502,-72.93193861,-0.7071400013017941,-0.4111388572747872,113.25618363,-21.70763727,9.4186583,490.6028075005322,-1.088156699650742,25.538012548228423,61.82513653,-84.68213428,-0.7127102864844383,-0.2232857996624873,146.50727081,-19.618652,21.23893582,1083.3021717768795,122.053650270928,6.450500960275712,149.84213212,108.84503892,-0.2294209366935495,0.0925288881798027,40.99709320000001,118.16379502,125.97847703,1231.2979287713988,0.1131625512985011,0.06169586533891,0.29862529,-0.0226812,-0.8760691379297882,0.1304297483435131,0.32130649,0.06625573,0.16151417,397.148320911919
-9.270045497291589,25.692074506709616,43.7182384,-74.70086713,-1.0707788406537868,-0.2100384649387574,118.41910553,-29.38880201,12.11401419,490.3922456467157,-1.1998337405171784,28.362284049993907,65.91993939,-95.28916706,-1.1029223728168254,-0.2574814666994454,161.20910644999998,-22.96141781,24.437287675,1079.1066512781176,126.63900397784892,5.182133658140945,147.64594987,110.34912065,-0.2802282352313394,0.3655783030398555,37.296829220000006,122.98121598,129.7768245,1282.0887309798045,0.1343715220988916,0.0522152819855332,0.29448362,0.0087083,-0.966813472001156,0.1880180316513457,0.28577532,0.08783602,0.17677296,401.0586752369477
-8.843982497256528,25.81727909758574,41.68990664,-78.22673841,-1.056453592536229,-0.2074749362079379,119.91664505,-28.2950749,12.58158736,515.7033367396253,-1.11735267211523,28.390686861577308,64.75809704,-77.75355305,-1.1467837997678407,-0.2094218935699265,142.51165009,-23.10528721,24.54464375,1149.452201084184,128.68957237524637,4.737564893558268,146.5505977,116.18560746,-0.2083406021345903,0.2832040142040622,30.364990239999997,125.43351701,131.50978044,1348.2750592096493,0.1346778155852424,0.048646812348498,0.28053272,0.01960743,-0.9733117470806878,0.1748671734355936,0.26092529,0.09132374,0.17350322,414.94125564460336
-8.470202288420632,23.80491686471907,50.78196673,-76.08287855,-0.7504815042576514,-0.3853538525998937,126.86484528,-22.90872236,9.36852269,431.12670731216895,-1.978214795677122,25.896820027028216,70.76678692,-79.49850239,-0.7637681871057378,-0.208012668465383,150.26528931,-20.93853725,20.87599407,1037.2258263594983,129.23922717977993,6.834391806654068,155.82575944,115.12293961,-0.2972303495328452,-0.0153696599581227,40.70281983000001,125.1773906,133.43893388,1172.8029949529948,0.121397717286476,0.062520554148562,0.31214021,-0.02333516,-0.8262253796737329,0.1226979405201137,0.33547537,0.075411,0.16848962,347.76487055934
-9.104696710665952,25.225021167100127,40.94985537,-75.60331769,-1.0360662753837104,-0.2397502777935191,116.55317306,-27.40515943,11.530365985,480.6889269772316,-1.4640905919803324,27.87879947620692,62.18916927,-79.33283771,-1.1203445582994669,-0.2320071167033215,141.52200698,-23.1096455,23.66726338,1111.4927934706643,132.80370711743734,4.892406759457853,150.51788285,120.34362748,-0.3409097761320856,0.2183191512612863,30.17425537000001,129.37354997,135.87489274,1318.4544617581046,0.1368683714712655,0.0500371679748314,0.28096868,0.01851752,-1.0143326440720672,0.1422776057712773,0.26245116,0.09241365,0.17677296,394.88540743755186
-8.35837715061248,22.8592821870626,48.18470339,-76.21693464,-0.6831607539224129,-0.4366069841960449,124.40163803000002,-20.30982252,8.35926251,452.2731853415808,-2.269949342491283,24.93947884360377,65.00441204,-85.53989185,-0.7248100266254021,-0.1988652502171248,150.54430389,-20.64208187,19.60624539,1010.134001445552,132.401249291486,6.694434808383318,157.76036027,118.40902665,-0.3941748366822524,-0.0479697297145956,39.351333620000005,128.16920426,136.76316789,1189.653869812578,0.1201283321823906,0.0616658919995796,0.31017837,-0.02071936,-0.8549301580153124,0.1675753620240271,0.33089773,0.07214127,0.16783567,352.7914558820934
-3.669040508473837,12.926106356256009,49.50349764,-65.50962873,4.9150197580252,-1.4554597836785597,115.01312637,-2.73714729,-1.26140423,482.7117207530155,-3.1663217358189013,13.975436880766171,57.57011257,-75.07454456,3.6276547518815905,-0.0561262355607736,132.64465713,-4.9647652,-1.893389,1022.0648648243126,121.95498873544652,10.324495075826944,150.67047074,103.59710649,-0.3391242079481653,-0.291726994360071,47.07336425000001,121.41174272,128.24549821,1044.7773713328215,0.0584599071389304,0.0519730469550463,0.2543748,-0.05777642,1.4035152131135271,1.4925361752030524,0.31215122,0.03072455,0.06952547,373.4341384175587
1.1274436890607888,30.897766016837767,76.31981701,-68.95802265,-1.1147166399921669,-0.0945083815175361,145.27783965999998,-27.73640591,30.1598019,495.9554001417701,-1.2247158847376811,32.9935686879365,89.33192439,-87.32562261,-1.192734888149265,0.0678683265308773,176.657547,-32.60324483,29.89021868,1026.5340260015296,17.28868729536451,5.562521172316509,35.53756614,-3.14346461,-0.3820815532657313,-0.1531292932045718,38.681030750000005,13.26518341,21.77195831,1221.1025575971937,0.1382125720569263,0.0391827083148145,0.25697078,-0.0218291,0.0490542667703839,-0.165897748693824,0.27879988,0.11310219,0.16825182,371.2933261850474
0.0854144083424468,30.917465290821397,63.17982143,-65.37220722,-1.1130073367459286,-0.1305386890916227,128.55202865,-30.17345196,29.08078617,507.0992805445325,-1.088879603314054,32.9636358768992,74.41209407,-74.22813421,-1.2274287323187218,0.0121459574236144,148.64022827999997,-32.20215612,30.66078753,1027.1819873999125,24.01312062927655,6.4219593718490255,46.22961708,7.02542825,-0.5197725773333,0.173387845419935,39.20418883,19.15616508,28.46402641,1299.309274225324,0.1369403913727653,0.0355957853671719,0.23822427,0.03441044,-0.8234301915319202,0.0968665047106326,0.2038138299999999,0.1104864,0.16650795,437.1225273832365
1.02733041389045,30.738876521950953,61.66811031,-63.73516041,-1.084501692754735,-0.2161505055056363,125.40327072,-27.89989239,29.64318127,512.5866851125512,-0.1937282653957681,32.72723041282076,76.40773005,-76.15183263,-1.156427995446721,0.0841127547863992,152.55956268,-29.83922391,30.23681063,1032.7059366246033,39.29792717902649,7.5899044132661135,72.5564756,19.49948784,-0.45153192471922,0.1304776500012806,53.05698776,33.73920723,44.62744423,1259.8393875695806,0.1369031440836084,0.0380955560626447,0.25871463,0.02917886,-0.6782799569281539,0.1478885841247659,0.22953577,0.10874254,0.16650795,431.772024416408
1.2526104886293004,31.219791877386243,64.13240475,-63.94115406,-1.1403588232355133,-0.1255588355337302,128.07355881,-28.90479237,30.78650135,511.6182506801137,-0.9238745526411176,33.21559591205524,79.17392726,-76.04828649,-1.203405284976223,0.0967890579689146,155.22221374999998,-32.53675847,30.62590975,1043.309846099768,57.85768618262697,7.47710101002096,85.72262855,36.13701912,-0.5108842158171387,-0.026674978137118,49.58560943,52.54566475,63.2104673,1250.6967349994254,0.1394045167346644,0.0365622556295309,0.25675279,0.0285249,-0.5537778894047558,0.0522596137982293,0.22822789,0.11419211,0.16759787,435.1393118523163
0.396183708711186,30.828012824504935,64.34602779,-63.39074665,-1.1133534255703763,-0.1556370832584719,127.73677444,-29.74729687,29.38705296,490.8737004599631,-0.9206831653198456,32.745163197804246,74.26713557,-73.28971868,-1.2156776500134188,0.0445036559231556,147.55685425,-31.41741758,30.41882701,1027.42857278301,74.85383001981833,6.992227922971731,98.75799843,54.57835289,-0.5263182773594162,-0.0178680136771989,44.17964554,69.76085182,79.90249153,1251.5056837152538,0.1388227149593689,0.0356885819515529,0.24977735,0.03375649,-0.690151954399425,0.1728841933837498,0.21602086,0.11332018,0.16650795,420.0364478064605
0.6504154319056658,27.97767335540012,63.44249004,-70.5885387,-0.7701619501939065,-0.1429403006270695,134.03102874,-15.35716778,19.6933617,473.86496066284343,-1.1637888688718787,29.962953751539697,84.43930049,-76.92131048,-0.8466491790872026,0.0779265106697339,161.36061096999998,-24.44306188,23.67880053,971.578507200633,87.5777765865887,8.065950470157988,110.57811256,70.39844795,-0.7832774246736536,-0.0764153471665777,40.17966460999999,81.83709236,93.21578499,1187.8827499808756,0.1199671065822735,0.0570412246858466,0.2554449,-0.03839578,-0.4084476922606508,-0.5373240657945944,0.2938406799999999,0.09043199,0.16258427,361.5190361825198
-0.0222695043121947,30.609227136804183,67.01086468,-65.74713856,-1.085903290224472,-0.1130132557794579,132.75800324,-28.69552952,28.45844692,491.7591129473506,-2.009439537019414,32.72484509952786,81.15430445,-84.15179448,-1.0944858147670504,0.0422815139343711,165.30609893000002,-30.93785672,28.73926921,1028.5040625595816,99.52652194686722,5.533747097139052,117.41731544,82.49103828,-0.6521416404893698,0.176696002529999,34.92627716,95.32477089,103.64081093,1323.016457639187,0.1374384627739431,0.0356658740561862,0.24432778,0.02285736,-0.6250218365811788,0.1534757271764624,0.22147042,0.1117943,0.16541804,437.33822674875125
-0.0274372731227272,30.4575766287425,64.55747265,-68.04249531,-1.0417819688087833,-0.2281770201041886,132.59996796,-27.39526325,28.2143063,472.6153610186167,-1.09439376382622,32.5797059504341,80.32270045,-78.33492284,-1.0284593897212275,0.0927237554866954,158.65762329,-28.178196,28.40357585,1035.9286671311886,106.89893701729552,5.573320128944997,130.22380348,90.84522529,-0.3750324985397575,0.3160334533834944,39.378578189999985,102.80157753,110.7797422,1328.14819245956,0.1376327659887675,0.0371005950887177,0.28029492,0.03877009,-0.4627445165852384,0.3261710286120056,0.24152483,0.11005044,0.1634562,443.39343431736313
0.188000507385853,31.022459988789176,67.45991558,-68.75639301,-1.0848297594099567,-0.1314465408081444,136.21630858999998,-28.59634739,29.03174061,418.9182759029836,-1.9519972983860596,33.051760922818865,82.64857478,-81.33872991,-1.040074351106934,0.1185773594940015,163.98730469,-31.06864553,28.01011653,1045.4945252500956,113.48681852740884,5.2718040346349,133.05757423,99.48279091,-0.592889331606298,0.2604866114654901,33.574783319999995,109.47185035,117.28652473,1299.8383671466684,0.1417952545206702,0.0364389950256332,0.26503613,0.03724421,-0.5010138040463934,0.1799507571711625,0.2277919199999999,0.11637193,0.16825182,429.60204385634887
-0.5570301615873596,30.442756416006475,67.20269054,-69.21742207,-1.0674122785406606,-0.1882684976337671,136.42011261,-28.73258739,27.71948475,507.165252558117,-2.0558730104747114,32.42669535775415,81.71560664,-83.78885656,-1.0588838214641454,0.0697405728948225,165.5044632,-29.44794469,27.31039233,1046.0275247041277,117.67333037720692,5.220141429595001,137.16110512,102.94871803,-0.6151428459238071,0.1912835390894748,34.21238709000001,113.80970283,121.57533546,1289.7775106833965,0.1424254534559216,0.0355019633542848,0.25915061,0.02917886,-0.5815701976389986,0.1999102553169723,0.22997175,0.1168079,0.16781585,410.552192504023
-0.5042782146923536,27.248816749472823,66.25447125,-81.39067036,-0.6900326593393955,-0.1021002212863297,147.64514161,-16.05798298,17.64432377,437.70625856847545,-2.589852456373019,29.585924323460205,85.89215846,-86.87113195,-0.698891453328303,0.0677194688526768,172.76329041000002,-22.10083776,19.36274333,1003.6257690359836,119.06129520763744,7.626947376748103,144.76869484,101.16670509,-0.4473268513387762,-0.4411188249932199,43.60198975,114.83967109,124.59439369,1176.5041941319898,0.1245338542151089,0.0561685385994448,0.26656201,-0.0268427,-0.3001821479452653,-0.608438186099646,0.29340471,0.09566358,0.1634562,361.2660295917358
-1.412084948657596,30.58874870303581,66.4157719,-71.1618343,-1.0382921738094724,-0.1930556582458908,137.5776062,-29.6960712,26.77452892,524.74159158749,-2.5145306367536837,32.78373147890582,79.07147975,-81.31693273,-1.0509191634048547,0.0489862130993211,160.38841248,-30.17818647,27.79758448,1119.4840437920511,123.1756865568607,5.2066807587534,141.22647377,109.07403084,-0.7242258602241938,0.239405193648532,32.15244293000001,119.17207618,127.1066465,1332.0111823451084,0.1474668792459573,0.0359047945367552,0.2628563,0.05642669,-0.7479091602250629,0.2890191817691963,0.2064296099999999,0.11942369,0.1747913,407.8272404594132
-0.7538526110121718,30.66542830955069,65.00215954,-69.02123981,-1.0460665401529257,-0.1509873253889198,134.02339934999998,-29.1423946,27.58215565,502.158189264996,-2.796542889222417,32.80657093185445,81.8878097,-80.02538305,-1.017122150478284,0.1217038791694561,161.91319275,-31.04684835,26.70331187,1108.30775282961,125.99615430911037,5.243543905841871,143.2809629,111.47729011,-0.6532946351587268,0.2945818954210936,31.803672789999993,121.95680519,129.86957069,1317.0617024513194,0.1502506191694111,0.0370652875357615,0.28530852,0.04727142,-0.4886869230744484,0.1905233115132782,0.2380371,0.12421931,0.17784306,402.94138644516624
-1.6934656889731348,27.068927467827535,63.43922085,-67.71661335,-0.6267608795683999,-0.1986522021533683,131.15583420000002,-15.79858356,16.33533806,450.33256112582507,-2.9076945940619776,28.98686004810397,84.40333552,-82.79267125,-0.590954695902401,0.071839678819472,167.19600677,-19.60057645,17.1654777,1042.0074486333913,125.79741370220496,6.709055123431559,146.30002113,110.83968635,-0.60921394898652,-0.24133559368126,35.46033478000001,121.47179695,130.63251014,1260.7071411708168,0.1286596553431133,0.0548982608850174,0.26699798,-0.01419971,-0.3859349039191273,-0.5128040496190209,0.28119769,0.10154911,0.16628997,379.31721357451704
-1.9495431386601292,30.30985737633813,64.69698376,-77.22720295,-1.033024604424866,-0.1365974025799501,141.92418671,-29.8279491,25.62358135,470.30190529086394,-3.519190802682742,32.49399488510077,83.51832576,-85.25914769,-1.0651496131566849,0.0458094331744361,168.77747345,-31.78907781,26.57034106,1056.8625018203145,130.25637843765625,5.085174390561703,147.21010109,116.21296211,-0.7764714773099164,0.2176640407231676,30.99713897999999,126.40910621,134.19653602,1292.0008570392529,0.1553140083113061,0.0369620986254617,0.2768072,0.04073194,-0.6327956235987169,0.1317116928801402,0.2360752599999999,0.12901493,0.18372859,373.7118333280441
-1.6063092666143106,30.481161106024143,66.06918377,-69.03758961,-1.0473004974631483,-0.1783371880102614,135.10677338,-29.44212109,26.33420414,489.6032224765057,-3.376348656656403,32.61278585071924,81.48127742,-82.34907537,-1.0085053349631616,0.1155823317208465,163.83035279,-30.98799329,25.99486727,1094.8557810228908,130.9002297312034,5.161595247483235,150.04931923,117.53175636,-0.6435166253035969,0.3145534956702793,32.517562870000006,126.94861122,134.67608925,1336.9093632825536,0.156817763284628,0.0365981310220338,0.28051291,0.05577274,-0.5738993049549466,0.2249973060285844,0.22474017,0.13032283,0.18307464,404.17026198832536
-2.298442871719328,27.745811866861917,67.50786633,-77.18142658,-0.7323709915557015,-0.1495804729042756,144.68929291,-18.43181377,16.82144016,474.5039507979912,-3.674398526259836,30.08630799226859,96.64088435,-91.80952459,-0.7583719159644904,0.0645875431894762,188.45040894,-23.50355535,19.86519427,1010.0133737866952,130.0334456833944,7.237406466361413,149.65695472,113.84240242,-0.6033400520247971,-0.2715355971813001,35.81455229999999,125.53172584,135.31369301,1184.953081014194,0.1416102737695116,0.0567685859122997,0.28203879,-0.00613435,-0.317671461738028,-0.5444460815258785,0.28817314,0.11528202,0.18067683,357.9454011372757
-2.2326954571836133,29.927108213809795,64.22723049,-72.11441761,-1.0370981556410113,-0.1749107720258428,136.3416481,-29.80397182,25.30968517,459.21338727394823,-4.07198207902462,32.08169323387945,79.89327235,-82.54199224,-0.9887641336923804,0.0947108285452056,162.43526459,-30.45066457,24.81122203,1056.966352432017,133.40340701650436,5.181973287235224,155.66238685,120.43092628,-0.4728446933265275,0.33349469229967,35.231460569999996,129.499011,137.10115333,1318.3475843582446,0.1601463711695124,0.0358306661887022,0.28857827,0.05577274,-0.5420879124394853,0.1848980652023083,0.23280553,0.13424652,0.18590841,422.9538825374125
-2.864036324464235,26.86498484498356,63.45883984,-71.76019245,-0.7074431922022733,-0.1510084386072022,135.21903229,-18.46015125,16.00945324,408.0537534706719,-4.18344590198116,29.24962785667797,77.61317439,-84.52018743,-0.694896608245867,0.053129835916579,162.13336182,-21.46323781,17.20253558,989.6010466713432,132.332417707093,7.053157076719545,152.32179542,116.67617317,-0.5181667393231821,-0.2988535194680283,35.64562225,128.29465004,137.07934852,1202.1042397452084,0.1421987948699611,0.0555686315906077,0.28312869,-0.00133872,-0.3473123909082987,-0.4910813747321568,0.28446741,0.11593597,0.17762507,350.6063880208912
-3.1263997701937822,16.535091557164737,60.53569073,-69.85393482,2.4845362485327342,-0.2061195095939912,130.38962555,-4.46675211,-2.21281081,443.5700504081968,-4.14498611867533,18.339239988838106,75.90636439,-86.6280747,2.743607588961167,0.1741260346610799,162.53443908999998,-6.55758052,-2.19792633,1005.859195726352,123.78610695208651,9.774923464062557,150.1147184,101.65716835,0.2233136749606528,-0.3250737653939405,48.45755004999998,120.32738777,131.75512977,1075.8618500406558,0.0802930535241662,0.0590561771118956,0.26874184,-0.0532186,-0.6990903407338269,0.7738331135071571,0.32196044,0.03920606,0.13468248,380.67938926343913
-2.3899881553927895,28.3163078571842,54.34233933,-60.47787017,-1.548476027265303,-0.1670992599189775,114.8202095,-34.74065322,26.96589165,437.0361698692018,-0.34168476300572,37.02455659703783,85.49325786,-88.77301564,-1.4839870709119538,0.0240481224609339,174.2662735,-38.56070104,39.1076263,1017.5160338971384,19.14625198494975,5.704428772568026,45.60990769,-2.57516831,-0.1506028816903875,-0.1670961014065411,48.185076,14.74900681,23.62090165,1159.840234020257,0.1428114176205235,0.0393859400239241,0.24780229,-0.02903573,-0.2536905723965201,-0.162164495053143,0.27683802,0.11156311,0.17695791,403.34656778398966
-3.0925657237168487,28.171598567654613,40.69553452,-53.76509399,-1.5568023573433942,-0.1795825448163735,94.46062851,-35.28778762,26.17570572,508.7659750678953,-0.2846941924454769,36.82660436590984,71.85408244,-74.11694875,-1.491165053486624,0.0069679487204401,145.97103119000002,-38.98685613,38.90708385,1130.199173002822,28.164143659767888,6.89810767362762,62.49266679,9.36483437,-0.3488019438996366,0.2314230521672962,53.12783242,23.07594544,32.85792023,1185.4673427095668,0.141822583498055,0.0374385657977607,0.26633081,0.04420645,-0.7608927508922281,0.2852664799100832,0.2221243599999999,0.11221705,0.17325221,407.67921572855573
-2.3613082144899287,28.224443637501412,44.15273743,-54.71549911,-1.5608729142303694,-0.2091498703456164,98.86823654,-34.71013565,26.37842827,542.4430369363821,0.6527270087419447,36.51571464779051,77.66877208,-73.92403188,-1.4843925242128608,0.0369717339761589,151.59280396,-37.24408498,39.35176692,1142.80690778334,43.963917777037814,7.719448994906975,75.45173508,23.35387284,-0.5429356862023602,0.0746519129011856,52.097862240000005,38.40012986,49.41370637,1244.7765307085954,0.1410553598085407,0.0384687591590918,0.26306108,0.04551435,-0.8701857159706061,0.2691095910419512,0.21754673,0.10829336,0.17150835,417.15130520934787
-2.2044551514052033,28.57164462920345,45.56417542,-54.00814361,-1.5693326593323746,-0.1839594746624933,99.57231903,-35.04692001,27.21766167,546.9809211714821,-0.1636662178306343,37.04013705050753,73.95870433,-69.21561208,-1.5067563891996023,0.0402688539443422,143.17431641000002,-38.91819157,39.3997253,1151.1566798698204,63.718225920304974,7.922265557580329,99.81675584,40.44916779,-0.319160938944953,0.1087481493057719,59.36758805,58.12211472,69.21743638,1180.4681542648962,0.1436501710447906,0.0373014218487803,0.25543169,0.02698581,-0.9578178691373496,0.1814965121459846,0.22844588,0.11243504,0.17434212,416.8887479502028
-2.910816358541335,28.197392015515923,42.18108445,-54.66318054,-1.5550158128203533,-0.1891783783640823,96.84426499,-35.20713729,26.12774926,513.1193416625955,-0.0709049180893399,36.68964420422419,75.76796184,-70.58563008,-1.4920945030625403,0.0260977757361649,146.35359192,-38.597757,38.967028,1109.0181521485977,81.57900273515928,7.096238310379968,111.9910875,61.04308182,-0.5209055522300226,0.014833448646453,50.94800568000001,76.47080857,86.7377916,1162.0522254181055,0.143045110478434,0.037100608853919,0.25826546,0.04965602,-0.8663391620876388,0.2810299597569733,0.20860944,0.112871,0.17347019,401.98547883345753
-2.343756741901899,25.742387412300427,43.2186821,-66.854953,-1.246645250311098,-0.2629210656791657,110.0736351,-30.76791686,23.23729783,443.7137548739781,-0.3926308830685662,33.580558406471035,80.79136882,-80.74689259,-1.1660733600658268,0.0303571576056585,161.53826141000002,-32.33293309,33.84988628,1002.989083265005,95.1288015070736,8.245155315336527,123.50602585,76.52530533,-0.8801255559805177,-0.0598963496826197,46.980720520000006,88.62879044,101.05380875,1124.3652537122782,0.1240693820753299,0.0577090789720663,0.26349705,-0.03797303,-0.3479236680052366,-0.5390079944573933,0.30147008,0.09608633,0.16780264,354.8049968607587
-3.4520129604492693,27.901484525068856,44.57780533,-54.54873962,-1.4921637887602324,-0.2051161059645064,99.12654495,-35.63873977,25.16644555,493.9149541315554,-1.1276340493345844,36.43252424488117,73.43445811,-75.76054158,-1.406846091409701,0.0140298905758335,149.19499968999995,-38.77541509,37.27439342,1113.5464791437523,108.122112745529,5.7947957335268026,133.52232224,91.42442185,-0.4000252796770245,0.2704807020361398,42.09790038999999,103.72954423,112.2744661,1300.7241553063243,0.1397929899560776,0.0365666516264777,0.25673958,0.03810293,-0.7731526010791656,0.3233376363896774,0.21863665,0.11090916,0.16867457,431.77182846627227
-3.381482732404514,27.93625157422098,43.82249528,-58.66534347,-1.473887475052197,-0.2515230000573596,102.48783875,-35.58097763,24.70432168,499.48134910446805,-0.2601558319546991,36.35012162130605,74.11783061,-81.36160817,-1.382838213186269,0.0360661480749641,155.47943878,-37.0805985,38.08093104,1088.1815704302956,115.62696192784648,5.517833471591008,136.71577317,99.79495866,-0.5782016386581783,0.2700219208864063,36.92081451,111.41888291,119.70767838,1320.4772622131595,0.1408319745781237,0.0381401841880993,0.26720276,0.05270777,-0.5784129790643351,0.4422860089236733,0.21449499,0.11025521,0.16802063,407.0572794797067
-3.581581285405327,28.380658543388456,43.55764466,-58.99449844,-1.4783994808754188,-0.2243651907060566,102.5521431,-36.14882202,25.27979546,535.0931950850819,-1.4104867546819722,36.8590344126733,73.66878734,-79.81392445,-1.3960215570025918,0.0475274565709279,153.48271179,-38.89421239,37.45096049,1138.638534630623,122.56164697492646,5.271688608398598,143.20620591,108.01835496,-0.6297881825710365,0.3016766288474014,35.18785095,118.34528214,126.4923845,1334.7520555798324,0.1460485171554063,0.0369769906430434,0.26458696,0.05336172,-0.7427474313399238,0.3561415457460553,0.2112252399999999,0.11592276,0.17456011,421.7542626696903
-4.03455210535167,27.90930410606972,43.85628205,-58.58578033,-1.4741221341574096,-0.2340975794496055,102.44206238,-36.15972061,24.25527649,442.1381415628836,-1.2121040033495836,36.316757945424435,73.40829692,-71.89570393,-1.39980940369901,0.0355945321562842,145.30400085,-38.45388951,37.22752605,1021.8123824971926,126.71953253184552,5.192476863722465,145.84925706,111.75131089,-0.8067992360755314,0.2177034040608774,34.097946170000014,122.48150498,130.75939805,1305.3072052703772,0.1461588933059338,0.0365773303606615,0.25717554,0.05706743,-0.6966156954754461,0.4136727854153453,0.2001081099999999,0.11657671,0.17325221,401.1806177192109
-3.802028750589992,25.72315737535825,47.28950959,-72.22278137,-1.2060714555625156,-0.2642393521958591,119.51229096,-32.30251617,21.14902382,418.3284678019221,-2.1856796539344745,33.77018457131965,84.67146526,-89.65039601,-1.13076298153306,0.0206200897714982,174.32186127,-33.69641652,31.62101207,964.7331865309152,129.10500488413345,7.662348298575795,146.77023179,111.51697404,-0.5197831740916339,-0.4833092060806093,35.25325775,124.97196061,135.09181077,1196.4647852071455,0.1314139222289412,0.0581580741876857,0.25804748,-0.02641995,-0.3051328575909187,-0.6013057242379484,0.28446743,0.10567757,0.17608598,356.2515054355487
-4.892382019192849,27.797517727795668,40.76528626,-57.91984481,-1.48042527146897,-0.2322734873380832,98.68513107,-37.16353149,23.2721756,439.3375025125692,-1.8756246692679617,36.29093392093622,75.82899699,-75.27770772,-1.3873077859306304,0.022970903865605,151.10670470999997,-39.17649999,36.18665919,1020.2529393117244,133.35172826322827,5.240040973295153,150.27430588,119.17362076,-0.8813609934504858,0.2388363481490883,31.10068511999998,128.90653855,137.51141221,1352.5222524919982,0.1501390847017136,0.0377769999615944,0.26567688,0.05205383,-0.6720770890119603,0.3979333882194764,0.21362305,0.12006443,0.1771759,403.71710122187426
-4.488861153463556,28.08152925109733,42.9614647,-59.66588516,-1.4780291836881316,-0.2271585228634616,102.62734986,-36.96298522,23.99260788,438.8292264119197,-2.344763685426977,36.58996661566144,74.90910564,-76.92020955,-1.3865390768950798,0.0552842863044138,151.82931519,-39.60592809,36.07657848,1014.821947734015,135.96968634333328,5.139701648963651,152.21433884,121.903853,-0.8291973571168145,0.3140476618484566,30.310485840000013,131.68582017,139.99096543,1322.3140930657887,0.1543787296535665,0.0376210388839455,0.27635803,0.06055515,-0.7614403163434877,0.364157993966879,0.2158028799999999,0.12377013,0.18327942,406.2801894274423
-4.811302016670314,25.504350746609443,43.68952637,-63.90674133,-1.1663552127388548,-0.3045165673380738,107.5962677,-32.37118072,19.47709542,462.88815537659946,-2.6243510884238583,33.43150488836792,74.93526683,-86.98555531,-1.088688443422526,0.0397958075549069,161.92082213999998,-33.12530293,30.65643916,1009.6032353480156,135.98388330473972,6.792474898993176,157.0208574,121.12456376,-0.6409912389828869,-0.1868743779203186,35.89629364000001,131.82206589,141.06452805,1234.9398233753382,0.136705603565535,0.0565526353307259,0.27090845,-0.02075239,-0.2415724162569525,-0.5141575530759279,0.29166084,0.11265302,0.17477809,363.2826170164672
-5.664162884372179,27.918495769702464,42.44266587,-64.25442047,-1.486854810720112,-0.2099990666729796,106.69708634,-37.92101974,22.76536446,478.1017981587111,-3.217926257237099,36.48289075375541,84.83059154,-88.50053944,-1.4060330324391466,0.018763583385754,173.33113098,-40.85714879,35.0564178,985.7351992413596,140.4554185412251,5.071248044075111,155.50588853,125.83843857,-0.9385303564998296,0.1736114127844568,29.66744996,136.20896775,144.6176439,1308.392225880734,0.1605835079307834,0.037194911901116,0.28834707,0.05990121,-0.7490085282425398,0.284330478260931,0.2284458599999999,0.13118155,0.19047284,374.57619517747935
-5.503271019049829,27.951748668901583,40.70316392,-60.36125106,-1.4560374147581696,-0.2453970631091792,101.06441498,-37.76843185,22.65092354,507.5070163793313,-3.2711311668040666,36.44895963093701,74.94507823,-82.81773152,-1.3647832009247445,0.053520854405222,157.76280974999997,-40.23153844,34.91800151,1013.9879926343076,141.46513418101443,5.145542717027437,160.27426011,127.71853501,-0.7610259703939661,0.3152882525560381,32.555725100000004,137.22804124,145.38058335,1311.6858276070045,0.1615858648775976,0.0370358318371035,0.27025451,0.07167227,-0.7433895796525323,0.4098884111897802,0.19858224,0.13118155,0.18916494,396.9654511949456
-5.590881996059179,25.35690641179455,46.07316666,-67.50563354,-1.1663589692549226,-0.2944403830167099,113.5788002,-32.89760894,18.3130682,433.0164606206588,-3.522799393866138,33.38869869252874,90.05999217,-91.82477345,-1.096196096921508,0.0316434468262947,181.88476562,-34.09423604,29.99813113,970.791221402798,140.21676616160133,7.129158879688809,157.69116074,123.77305466,-0.6269666698808307,-0.3096514716503241,33.91810607999999,136.06727463,145.60946519,1193.3154981682076,0.145696943192974,0.0577140930868701,0.27897382,-0.00222387,-0.2991696078409531,-0.5118338360856316,0.28119769,0.12028241,0.18654916,350.24208102279283
-6.078946276432713,27.459429650570925,41.76582795,-62.96178741,-1.4372370273040918,-0.2500709986035919,104.72761536,-38.02892227,21.54684144,525.9905025235354,-3.845034713248227,35.74849492208543,72.69985423,-81.30928578,-1.3413679733063035,0.0380904804873322,154.00914001,-40.09747853,33.81718669,1090.752839812969,142.63994074126788,4.980501671107833,158.86282212,129.16811997,-0.7658715014599755,0.3416128023154231,29.694702150000012,138.51412827,146.415999,1347.9063775777895,0.1639481783270188,0.0365622752022235,0.28442339,0.07450605,-0.6107285807090737,0.4158490802224078,0.20991734,0.13466927,0.18981889,405.30025303831127
-6.168783771727106,24.67414880547568,42.99961167,-68.12143249,-1.0816806125005451,-0.3248110732022883,111.12104416,-31.4120552,15.07275563,444.2394708577576,-4.235367743762524,32.468031966493065,72.49821696,-91.02259602,-1.0172319306593502,0.0243275401655636,163.52081298,-31.86427083,26.94310222,1010.6973792499616,141.10929982830638,7.091882231615365,160.8464647,125.12999589,-0.5808262083526312,-0.2769545213568237,35.71646881000001,137.16808945,146.15443284,1206.1789844484235,0.1463168362587367,0.0567177784658018,0.28965498,-0.00222387,-0.3076507059492335,-0.4560556208529858,0.29187885,0.12159031,0.18197152,352.47176023570506
-4.683473531410031,15.131220052850344,43.41922837,-70.09308929,2.153530013581901,-0.7682736624041735,113.51231766,-4.93260736,-2.85196227,491.0045793318246,-4.68335031054093,19.728399487775604,72.61483989,-90.80026021,2.2006039559694175,0.1553902860187252,163.41510010000002,-7.04803052,-2.80172744,981.549709146612,130.7885884961812,10.313145176430584,158.90641648,108.9338823,0.0761906763477391,-0.317551718497165,49.97253418,127.67494065,138.77026231,1049.1688983668616,0.0814126567708134,0.0595598191251052,0.26894661,-0.05170594,-0.4719668428542269,0.8757144209506477,0.32065255,0.04137268,0.13401532,355.22468421755264
12.400922968197197,15.461385938648345,57.42929508,-12.90718507,-1.100957781335376,0.5834155141398292,70.33648015,-0.59661196,27.1888261,451.7822863416377,2.594082562502129,26.10215940754041,86.84278874,-50.46233745,-1.134525751324319,0.3986516373191585,137.30512619,-21.19815822,30.43431668,975.3614011474718,26.386388712606344,8.634204211814868,53.49273463,-1.0192893,-0.5744772523567963,-0.1170170039713787,54.51202393,17.05692645,32.90426798,1086.0495840433723,0.0917501453342753,0.0710187227628167,0.2943361,-0.04222919,-1.230411011516077,0.1171659731547129,0.33656529,0.0207678,0.15046751,324.049297548075
14.574845788745046,15.399884820112945,59.26361896,-11.9567809,-1.3838489137067325,0.262552968799091,71.22039986,-0.66963624,29.88935901,517.8588989729382,3.2074394588107,27.85464736572393,69.68973546,-46.55608745,-1.4895984864641507,0.3391279811281208,116.24582291,-22.28262134,34.62612538,1044.769879438431,29.38899675561435,7.25463541686302,53.29110117,13.28582545,-0.5937803290740562,-0.2666792482265356,40.00527572,23.78714152,34.38110133,1254.693287928108,0.106162896050751,0.0637819046297667,0.27428168,-0.03939542,-1.182800254342418,-0.2857907875657433,0.3136771,0.04300204,0.15526313,407.5194823212496
15.1285530081821,15.50258625750866,60.64889957,-8.79494189,-1.2754880390159662,0.3125950620238021,69.44384146,-0.36773013,30.29916812,503.1858952605218,2.881666109252013,27.723813218301668,65.35950475,-54.07104106,-1.474130890692224,0.3018819436451915,119.43054581,-22.38725276,33.8896151075,1036.0510972579934,36.55121461953345,7.675783594163391,64.48995753,17.85256358,-0.3042528082874938,-0.2253736882409627,46.63739395,31.12771006,41.67262049,1229.0951828579173,0.1057612465328662,0.064796489830787,0.28300099,-0.03765155,-1.0914453625090703,-0.1881792204328949,0.32065254,0.04387397,0.15504515,366.9869884520392
14.257828752040142,15.79601917923358,58.09632159,-12.68048333,-1.3387333074774983,0.2656628927697325,70.77680492,-1.52739834,29.83159305,366.8272548849805,2.289030202151169,28.356774598830185,70.7404099,-49.08795543,-1.4596969690871724,0.3159807039036672,119.82836533,-23.78888316,34.05282979,819.0663371532225,46.89107923882514,10.463761461527968,76.09753962,-17.86390142,8.491191533249514,-2.2495051928751657,93.96144104,42.69169016,53.18210764,834.7507915375799,0.1100953419699984,0.0606151959535354,0.27558957,-0.03176602,-1.0193575127444163,-0.2825468502888374,0.30735559,0.05499109,0.15548111,308.1925443970903
14.692479631997871,15.509165515417246,57.27343799,-14.76112794,-1.385225513068724,0.2509661634777322,72.03456593,-0.93993472,30.07682468,521.4740114736001,3.4037658094801797,27.71335939231879,65.79765324,-43.57517238,-1.5055318657142218,0.3270939597591157,109.37282562,-22.03194232,34.70677571,1027.7786798583438,59.45019605381651,7.568771380391584,83.72693415,40.4192216,-0.5767172903504076,-0.1431016107888425,43.307712550000005,53.74886485,65.2310998,1218.352569621571,0.1088461227926215,0.0635202637800783,0.27319177,-0.0409213,-1.1497704531510549,-0.2837902767314336,0.31411307,0.04583582,0.15678901,400.1965290198195
12.53766626325871,15.22958017812807,62.49303104,-13.08266114,-1.0105066724305782,0.593368507742627,75.57569218,-0.84838198,26.66212512,482.32466984843774,2.823292491239045,25.447100044595253,78.22811131,-48.91138835,-1.1216471426521148,0.4005392958369089,127.13949966,-19.672551585,29.66374783,960.3598187022618,68.60760508575952,8.261701997688993,101.46527644,51.31290598,-0.3943676319043505,0.2963558866370834,50.15237046,61.11123057,74.50626917,1122.702199686532,0.0952613502525936,0.0697419494433739,0.30501725,-0.04201121,-1.261662869867409,0.1464453118038064,0.34702846,0.02556342,0.15330129,358.41157042085825
13.375028289874226,15.25656956675547,54.44075061,-14.34260129,-1.3565695867609662,0.2889573698393791,68.7833519,-1.47508239,28.193727027500003,513.0869248169386,2.299595531184887,28.12127366220331,68.07884221,-48.10594173,-1.4005825828287608,0.3680311226931906,116.18478394,-22.93003078,33.7446566075,1036.073908771776,78.38376989953515,7.138444778808744,101.83039637,61.79242487,-0.7458334764220513,-0.2636201301090768,40.037971500000005,72.68066187,83.66699,1211.6458664955117,0.1082860772222437,0.0621859803480222,0.26599834,-0.03612567,-1.247736774078988,-0.2790386108271402,0.30212401,0.04627178,0.15809691,365.47538745636547
13.718323716812131,15.482713898754238,58.05708362,-12.61726807,-1.2807903458080057,0.3657550811758333,70.67435169,-1.25165008,28.90625812,433.9120351840927,2.161925164311784,27.7064457379348,68.15404515,-54.07212825,-1.375352497494062,0.3551119308035886,122.2261734,-22.1965179,33.17980962,944.3923331256505,84.36293209755517,9.274293420380255,133.67767115,-30.85022192,30.290895037623955,-3.550148205961946,164.52789307,78.58799525,89.9557931,881.1770498781373,0.1092363634727082,0.0645302515579811,0.27580756,-0.03438182,-1.2143470030412171,-0.1719510587037451,0.31018938,0.04539985,0.16027673,339.95409454903825
12.614749376705944,15.71300087745426,58.645638,-15.15458726,-1.298877977403046,0.3440183812321303,73.80022525999999,-2.44619535,27.866752635,364.3749107647237,1.4411958070983275,28.315892167609235,69.71916203,-53.81055064,-1.3358534982651655,0.3680880137156089,123.52971267,-23.84337802,32.96727376,819.1303979654097,88.183662997209,16.810720497781972,135.86294337,-31.17174558,20.48473503898777,-4.3242206063322275,167.03468895,84.96398707,95.48710413,762.0021714388142,0.1132111317206178,0.0603195959551657,0.28583476,-0.02239276,-1.1472110564614704,-0.2351066107372897,0.30822752,0.05629899,0.1607127,310.26116357790056
13.14860082999783,15.510159831017248,57.69196368,-16.87447118,-1.3579550693030231,0.3132356033181505,74.56643486,-2.0254886,28.26538898,490.75412157889303,2.561780383128716,27.76816112619619,73.16110997,-53.65469356,-1.386109040447647,0.3696676421163794,126.81580353,-22.02976222,33.4849854,990.6137483963898,95.58291646672568,6.99127273141299,120.36982508,80.48988886,-0.9341181847446712,-0.195033328673447,39.879936220000005,89.38358851,100.97481318,1179.710041110403,0.1137543578574249,0.0636449983050304,0.2904124,-0.03656165,-1.2899768649578862,-0.2050084422248085,0.32697405,0.04888758,0.16463639,370.82777612060903
10.826359786626316,15.241126547321509,61.03908969,-27.50221776,-1.0340536346719102,0.594040536447763,88.54130745,-2.2132262725,24.34388019,457.51364132997855,1.4698892516119928,26.10596531669499,81.26788335,-72.02409358,-1.0767657740319163,0.4165472631857818,153.29197693,-21.51205249,28.61524968,974.6633994144128,98.2670949124954,8.20725996898588,126.16816493,83.59614344,-0.9591449537349516,0.0500073948021394,42.57202149,89.525274,104.7404687,1107.1854354521922,0.104518294578004,0.0696048661266652,0.3244177,-0.03111207,-1.2116209618214686,0.1522761356387394,0.3555297699999999,0.03515467,0.16289252,329.6439881365479
12.666549881112651,15.449351861960125,63.15569736,-13.09574078,-1.304744380772615,0.3461980249335605,76.25143814,-2.33938383,27.61579944,517.6155145539248,1.501604528213456,27.889396441937222,68.68592076,-51.86396403,-1.3681675809131428,0.3795770408989715,120.54988479,-22.97035785,32.42340855,1066.68697706143,102.76283523318872,7.203602734293002,125.6504571,87.4380929,-0.7625436833925856,-0.3044301797570038,38.2123642,97.10017176,108.03745814,1275.3338942751066,0.118565749584314,0.0646885179902769,0.2867067,-0.03481778,-1.2630088252338962,-0.2047461520114963,0.32152448,0.05499109,0.17117587,376.7092969642944
12.257656556291886,15.594381329096157,56.88978626,-15.16439675,-1.2881203484579098,0.3215087605063936,72.05418301,-2.98352276,27.08392192,523.3445145846563,0.5959806203665609,28.570510657560128,69.79218297,-54.69338222,-1.3777897764510425,0.3654712453096324,124.48556519,-24.81667132,32.27082066,1064.099791395903,106.12189887033551,6.610898797247848,127.93382044,90.47894831,-0.5612844588733483,-0.2728924359845742,37.45487213,101.32359095,110.84943171,1246.1721730183403,0.1227672192702462,0.0622945163292649,0.2853988,-0.0269704,-1.1988345960390212,-0.2046624177235981,0.3123692,0.06349241,0.17226578,384.7159205001129
10.287433086785809,15.110375635330064,56.19006397,-14.76875733,-1.1319609461381654,0.5684418986881102,70.9588213,-2.87017165,24.30355312,488.3397784179364,1.42872370905199,25.926091700664763,67.67774968,-51.72445674,-1.0969590899005135,0.4550535312212949,119.40220642,-20.68262859,28.99699216,1046.8257296594318,107.47120774163916,7.206561343934396,131.2362649,94.87675257,-1.2321537258788002,0.0274596749584423,36.359512330000015,99.50887843,113.58511134,1217.7207478879411,0.1112275770665453,0.0664690882563385,0.2803852,-0.0232647,-1.4413311248966747,0.0385376693860528,0.3036499,0.0447459,0.16964999,350.636434493131
11.617341877108547,15.582932183545608,60.26524783,-39.15012311,-1.23625010516322,0.3639951243360519,99.41537094,-3.24619185,26.07684184,488.3699798738792,0.9858636804541268,27.83140861950331,76.80468755,-85.40714259,-1.3140424963925914,0.3868617508430598,162.21183014000002,-23.81068034,31.19834523,1008.8161674185392,112.07236128285862,7.545540008243945,138.62042017,95.54159327,-0.7308109078559077,-0.2127889968815217,43.07882689999998,106.01566859,117.55785151,1163.1283903850674,0.126247173987109,0.0659578672957189,0.33597079,-0.02304671,-1.1531823616835009,-0.110004393589028,0.3590175,0.06087662,0.17858728,365.401560911273
11.557624465271989,15.485825574840137,56.76553775,-15.43033551,-1.2536968013247514,0.3548059166055233,72.19587326,-3.42493771,26.20654155,523.1554862798827,0.2524735718403918,28.365767413458045,76.97144322,-55.94678111,-1.3422988665890825,0.3836760289223648,132.91822433,-24.60413737,31.48935323,1056.0118855270168,114.50274977240012,6.695613279949325,136.94741602,99.39443751,-0.5808251407591398,-0.3087304163474913,37.55297850999999,109.51428767,119.32350703,1255.0836414112505,0.1290086228978785,0.0623552253352351,0.30719707,-0.00909582,-1.227338433687826,-0.1832460048295604,0.31629289,0.068724,0.17902325,373.58191193535714
9.491549034800828,15.17511575393967,57.60368015,-31.24933957,-0.9951346180165102,0.6188736718148512,88.85301972,-3.43801664,22.68503047,484.2472266435167,0.8214965867458192,25.41693556351925,83.55779271,-79.86493678,-1.0144219864718045,0.4429184342378379,163.42272949,-20.72513576,26.7081738,975.0276503457112,115.44267834923892,7.72430524384295,144.54955836,102.78407069,-0.8934599199849083,0.1747688259200023,41.76548767,106.95299311,121.69952174,1127.7074250276555,0.1174764386319293,0.0693026775343642,0.33597079,-0.02806031,-1.257258365158906,0.1620819656214356,0.3640311,0.04888758,0.17793333,333.38739364435304
10.02042011983408,15.081110467667871,53.73993732,-14.4668517,-1.2341414776745123,0.4381050859191283,68.20678902,-4.11921262,24.0397935,371.1354411036315,-0.1154462339131697,27.197518442327823,72.25103001,-57.89009853,-1.2253256030971036,0.4062062331734181,130.14112854,-23.90659328,29.39344792,814.6091409704624,112.53055632046151,27.548622395848724,169.20884486,-38.62130575,12.340015417946468,-3.64758097455635,207.83015061,111.86305018,123.73220606,724.4832950840317,0.1314136337690461,0.0608156141192126,0.29520803,-0.01476337,-1.2003589290096106,-0.1817046321755476,0.3099714,0.07526348,0.18142105,301.19756986817214
8.5045421478179,14.80170498598872,60.24998904,-33.63734006,-0.960705897389516,0.6404932863788483,93.8873291,-3.80422761,20.8289075,455.4767983304028,0.2784171722566972,25.155225336703385,73.41614537,-75.6240768,-0.9596795269411188,0.468051596474773,149.04022217,-20.9085135025,25.246600675,976.2866780718754,118.73989520770598,7.690518536304799,149.11083766,106.33718653,-1.0420623771112647,0.1117674678754316,42.77365112999999,110.25542994,125.2308404,1121.4946364932227,0.1188689077575487,0.0681184927386854,0.32594358,-0.03263795,-1.2903519156682854,0.1647041965951827,0.35858153,0.05172135,0.17989517,332.6453724404256
2.162436433944487,11.204840781879982,49.3039899,-29.14362668,1.8131426302585467,1.7469854188541023,78.44761658,-3.64510022,-0.30451535,480.73841163897447,-1.5853629280612032,17.625629803256388,72.2542954,-61.42250819,1.4546115531220432,0.8296197754681636,133.67680359000002,-5.406673025,-0.65437748,1000.3104674664652,113.84947911895478,7.956369937355072,138.74577113,91.3508813,0.5097835324242896,0.1565895148909485,47.39488983000001,109.81401606,119.91206141,1052.680260418858,0.0774179544475069,0.0601217612968777,0.27166589,-0.04506297,-0.0101479174534762,1.106507706743291,0.31672886,0.03929633,0.10294728,347.29840839854927
12.348950665751584,21.296893329306677,72.59706993,-40.73649864,-1.1366791864258528,0.1327644593527461,113.33356857,-9.93881111,27.90080757,423.52579083232183,0.1789816091720185,28.515617327298585,85.73352534,-63.96827977,-1.3954765561249365,0.1583955046512657,149.70180511,-27.41911977,26.89454181,989.0965046860445,17.384048457376924,6.984010510576872,39.3746661,-1.55703496,-0.7004506820937055,0.1117131674348155,40.93170106,11.60912026,22.56820095,1167.7268762684075,0.1206802403249252,0.0611028622318084,0.30093062,-0.03214694,-1.0921757752320973,-0.1128579219454392,0.33307756,0.05962377,0.16839714,360.79457192783343
12.49924150997196,20.16726161980622,70.97963829,-22.6602829,-1.0743971627526718,0.1906760339216081,93.63992119,-8.39331417,25.14550514,487.390124853857,0.4112817464168861,28.164320218090516,70.05511958,-52.86533254,-1.340142109669365,0.2278722653225142,122.92045212,-26.1210336,26.66129977,1094.1411868528317,24.935686129220947,7.781917849054438,50.36644543,6.86254681,-0.7234690760548479,0.1871200827171412,43.50389862,18.55731762,30.79704655,1268.0842041856858,0.1182037353678395,0.061118775800031,0.29722491,-0.02647939,-1.1984382274720324,-0.188035002116167,0.3237043,0.05635403,0.16665328,369.5570182558848
12.52258124050818,20.101713922319124,69.67282982,-22.68644028,-0.9546968814457082,0.2418349532047878,92.3592701,-7.76661377,24.58855934,346.36863203661466,-0.1351193059285649,27.37337369501703,73.54066188,-59.54541295,-1.2772222059017218,0.1655841328076343,133.08607483,-26.14828008,25.15394885,875.3414711502633,37.60441610455006,10.139029010233635,65.13477123,-14.30357372,3.0962458179157695,-1.1774675252277544,79.43834495,32.39922131,44.21388043,889.3631957535825,0.1181062375699516,0.0597732496960887,0.30463633,-0.02538947,-1.0438568132233903,-0.1761354623310081,0.3300258,0.05722596,0.16294757,306.02255674738655
12.063298860444752,21.162249465429472,69.1649334,-23.34474831,-1.1489342727249732,0.0861842115012495,92.50968171,-10.41946297,27.36347885,471.4225796359163,-0.1497491412289648,28.485565456988876,70.20552546,-53.80265706,-1.4323809807440078,0.1565633916648365,124.00818252,-27.57388776,26.65585048,1069.252232226455,55.18874067840246,7.564070556230081,80.11562908,34.6335429,-0.339178577013731,0.1110820369941099,45.48208618,50.01222027,60.49173916,1231.6404388309393,0.1225577194570678,0.0566099791221195,0.28479991,-0.0138364,-1.1689163434721832,-0.1733952535448448,0.29863631,0.06441939,0.16687126,377.9401514227801
12.561010504574451,20.21357176076926,67.92025108,-21.84938698,-1.073033571427078,0.1989085683433198,89.76963806,-8.46088867,24.70518036,479.6422889450526,0.5923859941435612,28.02750412265942,73.78152949,-50.54708379,-1.313867436977158,0.2210193701846362,124.32861328,-25.8398351,26.3386851,1071.409931078352,70.10747646557492,7.829455159943896,96.25179852,49.89233196,-0.6204898219908106,0.2289242706917416,46.359466559999994,64.14294995,75.83227337,1231.8262146866546,0.1215087288649659,0.0603651966462743,0.28022227,-0.02190175,-1.2257426183665312,-0.1829475370794559,0.30212402,0.05896982,0.16905109,373.6833429451163
10.51516504331701,19.408964668539056,70.22214623,-42.82150154,-0.7922775836341716,0.4526864071419098,113.04364777,-7.25980358,21.91064186,440.0527167064861,0.3147027430971756,25.348056392720316,70.32868678,-66.35628026,-0.9676594903819944,0.1781587491876535,136.68496704,-23.10088246,20.78666598,987.6108611542884,81.55800269676097,8.38671179472552,111.69587506,64.51897228,-0.5268758186192382,0.4335158092543575,47.176902780000006,73.54345501,87.78317059,1125.4669783500035,0.106815179394156,0.0676386628591664,0.31139379,-0.02756931,-1.201310831477194,0.1714958097651151,0.3389631,0.04327507,0.1638195,358.425503299042
10.929045665030682,20.31171194155252,67.59763451,-24.45209961,-1.162078335026277,0.1381632588393659,92.04973412,-9.878866,24.19183083,464.9359081372372,-0.1818128621307803,28.334043878078532,73.04147822,-54.01301091,-1.337496520847212,0.2119707856520047,127.05448913,-26.8120374,26.201356,1063.2262514029978,93.41049336573197,6.925694137847549,116.52964581,77.55978192,-0.7934876635587584,0.1980652644154828,38.96986389,87.6414851,98.55151928,1249.1943308825244,0.1226037425644905,0.0582048653914947,0.27368278,-0.01754211,-1.2601311305292675,-0.2115036851285925,0.29122489,0.06441939,0.17057697,378.7964127374027
11.647079227093863,20.00860852391693,73.7392971,-22.96327858,-1.0044012990294635,0.2424136653280959,96.70257568,-8.30612068,23.57058067,503.70960368005234,-0.4895420593891119,27.96685622304432,67.6496783,-59.1944608,-1.264229137977673,0.1927672281262795,126.8441391,-26.10250371,25.74904162,1059.4886022707828,101.0644295039436,7.288388039137635,125.56502331,83.46711529,-0.845743008356461,-0.0407935804493486,42.097908020000006,94.80766857,106.52968395,1261.5809609685357,0.1228404647082186,0.0620671356951804,0.29548106,-0.0238636,-1.2571981128325795,-0.1643631792307201,0.31934466,0.06005974,0.17297478,400.16627294198
10.506119170624032,20.948018618367417,72.46518822,-27.10603981,-1.144603799591884,0.110593024363651,99.57122803,-11.05706291,24.71607895,483.1321436683411,-0.8609511605708531,28.73759610813554,69.1744662,-62.91542333,-1.370094693732991,0.1619202963893072,132.08988953,-27.94772809,26.11852366,1050.2296451753707,108.04398238285546,6.280899300436803,129.01460064,91.05836285,-0.5889099049857824,0.0643165022016988,37.95623779,103.24359692,112.56236065,1252.5463514528317,0.128127229726548,0.0570719321737528,0.29090342,-0.00816884,-1.2702500374028636,-0.1801699792298518,0.29907226,0.07117686,0.17537259,385.41149753335424
10.904894451624546,20.04950727112344,67.76330681,-24.97634773,-1.1086044060660023,0.2143743937191649,92.73965454,-9.21510868,23.00273438,457.9802799215993,-0.0761400110200928,28.09931940634207,70.80170924,-61.87237828,-1.2504936656539087,0.2031479108901066,132.67408752,-26.00005239,25.70217616,1026.219998003285,112.81635714014902,6.786819578004613,132.98733319,97.03108776,-0.8782583759723779,0.2214518967842686,35.95624542999998,106.74767102,117.84298504,1214.8454907559749,0.1286242028588733,0.0606396857491561,0.29417315,-0.01514429,-1.3174331313663672,-0.1831699546170291,0.30931744,0.0668172,0.17929627,374.6043504575116
8.650784747216232,19.552340644046826,70.61016197,-45.13102989,-0.8644863260318645,0.4244550905409214,115.74119186,-9.36333733,20.48067589,437.5453574894053,-0.5584177879799904,25.736761518815044,73.54284388,-69.21730321,-0.9956282151781556,0.1622421867020989,142.76014709,-24.27472013,20.74524981,978.998058608604,115.70359740736885,8.099638962339831,143.60854901,101.21635998,-0.8320803484023509,0.2002276774385575,42.39218903,109.14547528,121.93561352,1111.1945501452317,0.1173558320990066,0.0680394669319174,0.30834203,-0.02691535,-1.307623421069022,0.0891343003519452,0.33525738,0.05417421,0.17864233,338.3088790611378
10.058488871049562,20.20198712169668,69.40907402,-24.30605202,-1.0861658784464374,0.223814294080191,93.71512604,-10.31156235,22.551511,472.8790259134349,-0.9785941623282932,28.37348257269664,72.73085505,-59.80699056,-1.2724898225780925,0.2284807467213073,132.53784561,-26.86326497,25.24332148,1044.1844326027626,120.7331240497382,6.966756726840832,142.20800579,105.80489147,-1.00443109108244,0.1025402256504169,36.403114319999986,114.21902264,126.01189221,1261.7355788886357,0.1341368108451789,0.0612353361647311,0.28872359,-0.01296447,-1.2866894609148725,-0.2059349500031134,0.30168806,0.07270274,0.18496383,415.85596347313975
9.338999310448049,20.707163739980835,73.65646477,-25.22157936,-1.1006620927784012,0.1622650642784123,98.87804413,-11.80583363,22.95804901,524.3150667923983,-1.6884351363279997,28.386558973077857,75.77607448,-68.84128087,-1.3138919045497746,0.1774490702824556,144.61735535000005,-27.87361425,24.73106296,1014.4365575514764,124.32159056825805,6.298711257939408,145.00907696,108.9710902,-0.7599470842132967,0.0818948874535156,36.03798675999998,119.28712261,129.04185284,1231.7428381562625,0.1374451634782211,0.0611377727408541,0.41144786,-0.07988515,-0.9154518542087547,-0.093310808997787,0.49133301,0.07989616,0.18670769,369.8580164116414
9.51740609546344,20.19889229319608,70.99380608,-28.91420631,-1.1008373776988107,0.2215385407789905,99.90801239,-11.01782589,22.09701653,532.7531582682686,-0.8391405346627029,28.313434569779037,74.12158687,-60.90889257,-1.2428064572610664,0.2204528520302046,135.03047944,-26.62021344,25.04168803,1013.5457411322232,127.54053943883208,6.635671261439958,148.17527569,112.44246472,-0.9116902263115816,0.2449900198271469,35.73281097,121.537794,132.51867474,1234.783969929522,0.1391334179578284,0.0739136205860667,0.36087586,-0.06113864,-0.7031494024339855,-0.1264580904963053,0.4220145,0.08905144,0.19673489,369.25607441861274
7.243170068252608,19.531329855352563,68.14695091,-45.95282631,-0.8860555715896199,0.417638190617725,114.09977722,-10.5153759,19.27414055,469.366773242459,-1.079927963862444,25.94230172348935,77.24091823,-65.1769933,-0.9572519445435534,0.2210478218913733,142.41791153000003,-24.94501584,19.87876803,967.523914591542,128.8044795873384,8.150963476600731,156.10439862,113.82121075,-0.8906162297411351,0.1197009880596572,42.283187870000006,122.46422375,135.09086407,1107.8496227217593,0.1275740832979454,0.0811349769251533,0.39553511,-0.09688781,-0.7398944709812247,0.0714780706814533,0.49242292,0.06572729,0.18954146,337.06883253667087
8.749438213926586,20.203628970918167,71.2466671,-28.11748009,-1.0251832489645052,0.232595394526045,99.36414719,-11.53444462,21.5771286,436.9741916483658,-1.7959565129960164,27.989885790884433,76.69814021,-62.35303014,-1.2202197212868289,0.2067425665504653,139.05117035,-27.18805783,23.6934653,957.9114282358628,130.33084003637515,19.130752412313644,184.02253521,-40.93560993,37.51654180058561,-5.85470816829005,224.95814514,126.61134136,137.7393626,782.18410596131,0.1439092218020422,0.074526570873072,0.36087586,-0.05786889,-0.6738261104937502,-0.0848524435838786,0.41874475,0.09341109,0.20196648,332.8586325291086
6.998205053607381,19.076472268781295,66.8020031,-27.25535851,-0.9106785822182908,0.4099389422597079,94.05736161,-10.3682373,18.35207481,436.112279173645,-1.154646284376065,26.104373918865555,71.59734828,-60.37156575,-0.9807008925376546,0.2293003567679782,131.96891403,-24.55700772,20.73870952,929.1530670327334,133.33613021324788,10.206387493890269,181.17240704,-40.2762128,86.30949008003803,-6.586249423545862,221.44861984,127.71215618,139.24888409,866.6215117924746,0.1330520694351837,0.0774727591340554,0.34038548,-0.08075708,-0.7804350842035275,-0.0352863617948635,0.42114256,0.07575449,0.19368314,328.43908486983867
7.9071729782742946,20.22997956684937,68.5894558,-37.84059792,-1.0739009926429128,0.2696735132514068,106.43005372,-11.9115551,21.18802948,463.99440401875887,-1.9167320207580796,27.411499492569575,74.37117488,-71.4592542,-1.1995394537927515,0.2002646491881275,145.83042908,-26.94500821,22.7125426,999.138677081046,136.87574982829508,7.161435398855874,162.76922405,120.40973461,-0.7859683622980826,0.1023993653625403,42.35948943999999,130.64947308,142.34423626,1149.4959020414285,0.147539412291118,0.0781472832715466,0.40490836,-0.06288251,-0.6552033689953021,-0.0317363680710282,0.46779087,0.09188521,0.20806999,346.74483796456076
5.747129823048125,18.97498326807025,65.18674965,-28.97306137,-0.8747884685075431,0.4497202716912462,94.15981102,-11.08976059,17.37006207,474.1759556746311,-1.858268525404856,25.50893276617198,76.25563533,-65.79606908,-0.9222962501006288,0.2084606363344087,142.05170441,-24.74229329,18.44444186,1024.3201146109311,136.50910832048905,7.257746464980011,164.9436015,122.60590924,-0.8626546306654168,0.2285727634865429,42.33769226,130.42059124,142.21345318,1155.7137788357045,0.134681980135316,0.0788421825834759,0.39270133,-0.10691501,-0.7566247208439352,0.0279335237952855,0.49961634,0.07510054,0.19477304,336.3226685842347
4.235870088203836,17.582753099088972,60.57205315,-45.11359291,-0.6283272086615681,0.6310236533315253,105.68564606,-8.68759041,14.90467758,450.1236671759153,-1.9267477059518787,23.238326731916786,73.08289821,-61.15957158,-0.5737390064675965,0.204073400950928,134.24246979,-20.93849462,12.41504008,990.4327481536728,135.9766634336486,7.633889569038933,164.4694804,123.75031842,-0.9810796464354724,0.3634708401195283,40.71916198000001,128.26255596,142.44233502,1108.7724494023782,0.1242265375617699,0.0800532396264185,0.38964957,-0.08380884,-0.6913404977612627,0.1939379412368853,0.47345841,0.06245755,0.18169409,341.6271127996831
1.8925989118868776,33.108339360445605,62.82518073,-60.73177651,-1.5629662876890842,0.2225393924963848,123.55695724,-28.07469682,38.62474128,420.607094732908,-7.027390945458426,22.33839460849512,45.83282465,-67.59011846,-1.3860381453188635,-0.0745138211346425,113.42294311,-26.68784338,13.60844035,1071.8061977087964,18.772083594944657,6.168024494949742,40.07077846,-2.24511173,-0.1734883127504694,0.1359869869497628,42.31589019,14.58315239,22.871945,1171.4405701993107,0.1339010632473071,0.0538121727850063,0.294477,-0.0215979,-0.5192710186525122,0.0915814460275327,0.3160749,0.08957328,0.17066284,377.6771967034495
0.8616653270302564,32.9362431445443,60.72273704,-57.3999093,-1.5882462791325491,0.2208759289522465,118.12264634,-28.61747483,37.70049354,485.931217928189,-7.1249819751259285,21.763751497129903,38.01923365,-71.63260656,-1.4032596681903835,-0.1220667216457427,109.65184021,-26.5036469,12.97411055,1181.5061812147103,27.474501462269338,6.580913086776442,51.02441082,10.08725986,-0.2749301666110337,0.1732781758743412,40.93715096,22.71935711,31.92912731,1275.5284904741115,0.1316057727780233,0.0554063539118541,0.53927158,-0.05276943,-0.0868104223978973,0.0458610120781395,0.59204101,0.08761143,0.16717511,344.94834596587003
1.2865151499438143,33.25343406450636,66.04805442,-60.41025094,-1.5764089205590242,0.183562970505379,126.45830536,-28.44199876,37.65035697,503.33600169210047,-6.052695654584065,22.2669933312054,39.61922831,-69.57376104,-1.3923050810946105,-0.0615448819740547,109.19298935,-25.92163473,14.41715617,1180.2586699497874,42.62227515121152,6.996402232500243,67.24232158,23.12262401,-0.32551158583155,0.1551620200568227,44.11969757,37.50403271,47.43859539,1268.3691181543063,0.1334653085215646,0.0633527141994567,0.33436785,-0.06781023,-0.4245063897590988,-0.0884310616525995,0.40217808,0.08891933,0.18025408,359.1360838068824
2.0013837747722643,33.018830399440816,64.27367469,-53.56777505,-1.5807961106901425,0.2282449608842969,117.84144974,-27.9613469,38.39803763,401.3442263640823,-6.666370916669823,22.560163229985353,44.44318385,-66.73562627,-1.4415214152651568,-0.0477806212499853,111.17881012,-26.83280187,14.31688399,1052.467997125654,59.91763087148485,8.850574051824855,86.85531292,-20.76274243,14.193523453449814,-2.1171760159686115,107.61805535,54.84455547,65.22053203,947.3989585590232,0.1351977234342928,0.0647539852659025,0.32935425,-0.06018084,-0.4115916594896478,-0.0284511106062667,0.38953509,0.08979126,0.18156197,351.14021918340535
1.3096405148825616,33.07740343453874,63.50528785,-56.39718942,-1.592800832093147,0.2201228726233578,119.90247727,-28.37333421,37.85417243,506.5832633613239,-7.073268514570057,22.271315099489925,42.36798853,-73.3960877,-1.401218226978682,-0.0899264875860959,115.76407623,-27.02680593,13.50162882,1183.4701429627034,77.35157163390221,6.812559971109762,109.98872814,58.20148907,-0.327752905944521,0.144001170616614,51.787239070000005,72.40851269,81.96160564,1263.6838424999214,0.1364173471450929,0.0657435845058978,0.3513705,-0.06192471,-0.3733651012820362,0.0160297351768911,0.4132952099999999,0.09000924,0.18352382,368.8811921694382
1.5167848754171869,30.172177674651103,64.86549827,-58.17266015,-1.263113937723484,0.2362590398581457,123.03815842,-25.08397416,33.41168471,421.8547491535352,-6.038285294866832,20.554440167179525,46.54017634,-72.0184403,-1.0219607381589348,-0.1826357964655579,118.55861664,-24.04589277,10.58392996,1035.1915515136382,89.8658945613663,8.046548539671319,116.30477581,73.85265026,-0.5140992304582177,0.2927550137105567,42.45212554999999,83.57467327,95.42748699,1120.1450633835143,0.1203825563884639,0.077032649828532,0.37556656,-0.09614798,-0.4217592986280714,-0.020927697244714,0.47171454,0.06712105,0.17567644,345.26119842423134
0.9844546006835015,32.39764201332234,62.77395698,-54.42117623,-1.5570806655751426,0.2746679630830059,117.19513321,-27.90249185,37.60131141,476.23841428341154,-7.583850828252961,21.772843986766425,43.44155497,-69.95958715,-1.3738594068021748,-0.0931304537265257,113.40114212,-26.96903997,12.39645667,1151.760732591116,102.04918168024328,5.971746592689634,127.26931438,85.70000896,-0.2752206289894183,0.2332459019899455,41.56930541999999,97.72175274,105.9996458,1249.261018626598,0.1350278745143418,0.0683213629542683,0.36357753,-0.05909092,-0.4723185019901845,-0.0131519545207122,0.42266845,0.08695748,0.18526768,349.8838126976724
0.3410630052818089,33.07107032213165,60.7739646,-60.8876336,-1.561025488489385,0.2166918491876825,121.6615982,-29.24962358,37.39531775,479.95216143792214,-6.8008665617868695,22.195715248902665,43.87751765,-74.40098577,-1.3418656083973828,-0.0824143591263023,118.27850342,-26.54942327,13.45694251,1144.9367333864534,110.42925546554751,5.3568664361758165,129.47637615,94.93157635,-0.0650868224345004,0.2118802244952116,34.54479979999999,106.87157879,113.71623668,1262.2437339949277,0.1377982192387149,0.0635654412933583,0.34134329,-0.05494925,-0.4534796096620721,-0.0829024247720366,0.39629254,0.09393293,0.18483171,346.0739370168468
1.1330054521589632,32.959427742813986,65.06277533,-52.58903436,-1.547602367917758,0.2544122758755449,117.65180969,-27.90358094,38.01438971,443.42760121832737,-7.291080125754105,22.54125967170794,44.10858149,-65.03754049,-1.394509735949008,-0.0266244476244533,109.14612198,-27.31236272,13.38064856,1068.726218841809,116.97297066696922,7.343223559999592,147.73243389,-34.35396137,128.12292017203237,-7.875080210464072,182.08639526,113.59089336,120.16307506,938.7810360213344,0.1407723690605717,0.0641358459699943,0.34374111,-0.05298741,-0.4134038555077453,-0.0484250048759951,0.39672852,0.09611276,0.18657557,328.39274424076154
0.2896178332247702,32.83224937486405,61.7581565,-58.00154428,-1.5647762971236578,0.2461605208070223,119.75970078,-29.00875405,37.09123298,456.8782788980502,-7.530304938658742,22.164948252685964,40.25246806,-73.84513097,-1.3768719056879195,-0.0671474342679482,114.09759903,-27.54233556,12.8378715,1107.6193366871637,122.76959558513232,4.978832518367202,142.16297588,108.95331249,-0.094694385868161,0.5195601855517866,33.20966339,119.23664532,125.57994518,1232.3783419232705,0.1436875304067986,0.064050634666101,0.36226963,-0.05364136,-0.4311524391086356,-0.0040520436219258,0.41591099,0.09894653,0.1900633,368.3655021404978
0.3955298171902059,30.00181839756692,63.14016791,-65.14265374,-1.260368073588923,0.2598098173772978,128.28282165000002,-26.33955506,32.86018821,418.24852563344547,-7.106849296895309,20.562082388189925,56.43768305,-70.26803594,-1.041957477018456,-0.198161715510949,126.70571899,-25.28948408,9.43843073,1014.474202125649,124.90290568715685,7.709668096854286,150.17928753,108.2448698,-0.456686179704366,-0.1416141095631497,41.93441773000001,120.16852245,129.89599285,1103.7619705481325,0.1299515107818656,0.0782646502210749,0.38297798,-0.08830061,-0.470353421531422,-0.014369772600813,0.47127859,0.07496843,0.18657557,326.52362382195525
-0.7452505737269984,32.748666327558325,61.72763892,-60.50398568,-1.56051172249532,0.2467058205443959,122.2316246,-30.49430398,35.99369117,478.8362688184172,-8.079301241736866,21.99556572346333,37.14730448,-75.92141729,-1.3619953753271126,-0.11795696609583,113.06872177,-27.69274335,12.16539473,1086.8202693983076,129.72994932134642,5.2334809911661715,150.09754619,116.03229961,-0.1453600878140806,0.2504716345738975,34.06524658000001,126.45187053,132.76792583,1255.6976493862694,0.1486663302601915,0.0655900568188009,0.37665649,-0.04470406,-0.4243329627992276,-0.0567032264420892,0.42136055,0.10396013,0.19660278,354.6293912878546
-0.0582476768850189,32.73462296785161,63.11945792,-55.22989205,-1.5508137198947594,0.2532665454871224,118.34934997,-29.25943307,36.48960181,443.3053495944779,-7.86765880473838,22.49381969796883,46.25680155,-71.81353002,-1.3783356129776796,-0.0509951025635851,118.07033157,-27.66658598,12.80081458,1081.863000297431,132.57919015522577,4.97023756044412,150.84959087,118.60994396,-0.1055084081407522,0.4702389015933023,32.23964690999999,129.1821104,135.29107342,1259.1592250474305,0.1523277216103309,0.0637786973786898,0.35943586,-0.0532054,-0.4382349287548144,-0.0456396824983653,0.41264126,0.10788382,0.19812866,375.54984099833393
-0.6816773660918065,30.01319963991485,63.51400825,-55.75632028,-1.2798129646497474,0.2844172968344636,119.27032853,-27.48178414,32.22585937,476.3965931052609,-7.193114588106158,20.45428305740801,49.74888224,-74.62660223,-1.0543798476183222,-0.211071819991554,124.37548447,-25.46822935,9.60845751,1075.4501240474704,133.341064563503,6.389365761620933,154.32641277,118.92602215,-0.3538355380276448,-0.0938654506437187,35.400390619999996,129.71072063,137.18206463,1203.0400005862332,0.1365648060160575,0.0730816466912224,0.36989902,-0.08306902,-0.4418623133555521,-0.1037121586229031,0.45296804,0.08652152,0.18919137,358.7585637831638
-0.8358668701949284,32.711677376498734,66.85459205,-68.23910455,-1.521864338730718,0.2489004793635475,135.0936966,-30.1945794,35.53810569,459.1257613728875,-8.899905929503799,22.196583867573004,52.51835246,-72.28982549,-1.3059505261282505,-0.0926633814401289,124.80817795,-28.21917158,11.27929491,1042.2644846767198,137.6474505990796,5.5811247439045575,158.07571087,120.35925731,-0.1984341878951898,0.3116343140928611,37.71645355999999,134.08671245,141.05126629,1184.0519716011331,0.159251738652482,0.0685273490897854,0.38602974,-0.04710188,-0.4171357444055701,0.0210473712286357,0.43313162,0.11158953,0.20924577,326.24695900895887
-0.863151443314683,32.73322317041098,61.92055198,-58.66747979,-1.5399305082019878,0.2525459935864751,120.58803177,-30.07796029,35.56426307,454.73186324974176,-8.103345464272461,22.347662355886488,42.64809794,-74.17864233,-1.3541196544503291,-0.0599612098726959,116.82674027,-27.71127134,12.40844531,1107.7859050222128,139.00110063867902,4.960130228821498,156.59887371,126.02680645,-0.0678480299449137,0.4996283284633374,30.572067259999997,135.69979534,141.66706524,1296.7772215814591,0.1602974630016315,0.0628736739895838,0.3563841,-0.02486764,-0.4572036191675028,-0.0390266676199396,0.38125174,0.11616716,0.20554007,356.9721866433549
-1.1412241897186022,29.881820704072144,60.10802527,-60.27837304,-1.2465568886995944,0.2576446123406405,120.38639831,-27.89922074,30.75774451,475.2215187883527,-7.936132994380137,20.495117156676077,45.37179179,-73.93123632,-1.0049114629464666,-0.2227062955695289,119.30302811,-26.04588323,8.69511027,1030.930161853929,139.22216888652088,6.987902539683913,164.7187315,123.71619091,-0.3011464033272149,-0.036130713187249,41.002540589999995,135.18207989,143.41637859,1142.2963603189216,0.1475985270938372,0.0758915742271926,0.4093539,-0.0896085,-0.4293723323958676,-0.0398953940144381,0.4989624,0.09524082,0.20292428,360.2821077376385
-1.478680550069841,32.14740322309904,62.72272941,-60.05494241,-1.521442747178749,0.2752925487315949,122.77767182,-30.04526071,34.74247046,502.7002481083851,-8.51519134297655,21.795107260576163,44.235012,-70.03152471,-1.3568554035154572,-0.0645890084587256,114.26653671,-27.78429609,11.30327315,1151.2796235266662,141.988567452279,4.994377606551245,160.93673382,129.49273357,-0.1753036556444676,0.3387812616704239,31.444000249999988,138.74609051,144.87141094,1299.3083636424312,0.1643546545755748,0.0644311675018513,0.36728323,-0.03009922,-0.4838639853009967,-0.0663701147324871,0.39738245,0.1194369,0.21164359,400.9874257491658
-1.6470092978321156,29.198135621395707,62.00665732,-61.41950921,-1.1920154662493945,0.2897096705815489,123.42616653,-27.60494546,29.57954856,432.32199921551904,-8.158105080782295,19.994985119609694,51.32271952,-70.85768133,-1.0073011871160036,-0.2144244225882328,122.18040085,-25.98157888,7.86459631,1036.9132348734493,141.03694944869795,6.956575884684454,167.7051054,125.72707805,-0.3788144883466322,-0.0579635960515073,41.978027350000005,136.81150493,145.32372722,1146.1538919089635,0.1492281038656629,0.075804053196746,0.41872715,-0.05930891,-0.4619473210218605,-0.0297522574318947,0.47803606,0.09633074,0.20466814,334.1780475178341
-2.505616072866488,20.55887483305144,61.45515891,-58.61189584,0.5723417725909004,0.5519087394601198,120.06705475,-4.81267289,-1.51350478,446.9143498057714,-5.379260104211933,14.262227827679853,51.755413,-74.26583868,0.655730324610071,-0.5885864938066082,126.02125168,-6.5876575,-0.4677931,1036.4386254253177,135.36200497375913,7.36162363176984,158.4789854,112.74621258,-0.5045236646383926,0.5175738854586537,45.732772819999994,129.62351665,141.92864666,1084.0997144582657,0.1028291814809395,0.0748431800010775,0.34221523,-0.08285103,-0.5240927850119959,0.3612553947808535,0.42506626,0.04554077,0.15104439,340.0364482717238
10.044064249834854,22.384878916688436,73.52405122,-28.50602767,-0.7854671236170452,0.5769167406442259,102.03007889,-10.6728625,23.56241182,411.46574689101374,-2.7718478857711606,24.067524801915475,68.46846868,-70.61540125,-0.6571216471063863,-0.2453455368991041,139.08386993,-15.1614153275,12.327838435,1013.2448378290652,30.579988374122262,9.032012389181864,54.41850164,-0.72567321,-0.0971257099371927,-0.3100072289691819,55.14417485,24.12435415,35.16517904,1074.9532974487197,0.094628422445606,0.068599418082835,0.2961284,-0.05264392,-1.0035156766587254,0.0852456298654196,0.34877232,0.03542109,0.14811814,329.83920427088964
12.267401796679852,23.302750808657834,70.95294526,-28.80902335,-1.1380532201576987,0.3263460498237437,99.76196861,-11.0946593,36.32421067,477.35807090565834,-3.423145292978227,25.9004649704623,54.52738286,-57.33371256,-1.0608330094378178,-0.1038867532542931,111.86109542,-29.236558425,18.51010038,1085.9883411386816,37.15408885510618,7.151161269468272,64.17322424,18.76743009,0.1850721131366022,0.2100420536324815,45.40579414999999,33.5303066,40.91447332,1237.8737914983496,0.1095200924571577,0.0582542863440428,0.26430292,-0.04283471,-0.7767224778253548,-0.0847691463364119,0.30713763,0.06332287,0.15029797,369.0150057861619
13.076116082518729,23.080131314674,72.81669191,-23.9926953,-1.0871087693493062,0.4056171055049365,96.80938721,-9.96223876,36.64900163,462.8651262286579,-4.055331646572037,26.295267947627977,54.56116964,-63.95384882,-1.0482776503801337,-0.154407592509443,118.51501846,-30.17061518,18.2071047,1046.243309633178,48.1165642219989,8.05307151914843,75.24674871,26.68565061,-0.0734238443950907,0.1393001586224037,48.56109810000001,42.91991308,53.22504308,1191.6344909454522,0.10969186150401,0.0625945451948258,0.28261346,-0.03455136,-0.8246448220631404,0.0555923920256047,0.31716482,0.0554755,0.1524778,390.433695676093
12.086855195291902,23.99384711258589,75.34747651,-28.95725295,-1.1617233430103755,0.329429015137916,104.30472946,-12.02871558,36.82202676,427.7998094969445,-3.9704403866497473,26.61613365629164,53.57153036,-63.85902689,-1.096297174557939,-0.1770984045146635,117.43055725,-30.3755183075,20.20028402,1057.0584538839587,62.87117099674422,7.573708542876161,88.35295751,41.30139043,-0.1499203511884594,0.2053171144000911,47.05156708,57.51385381,67.79173925,1204.345589781367,0.1125671803763039,0.0578362880004557,0.28130557,-0.0314996,-0.7833200772556195,0.0338442220974612,0.31280517,0.06354086,0.15269578,369.1768629385448
12.677776691248434,23.32729834414726,72.07010225,-25.59922835,-1.1290988286748636,0.3494620960372172,97.6693306,-10.67395255,37.11875489,474.9492583917899,-3.8728117859084192,26.101356208962763,52.91648962,-59.39800929,-1.0711763079272627,-0.1113094986147732,112.31449891,-30.1095800275,18.32808591,1062.1441897883046,77.0554928280592,7.80379900970772,106.41282537,55.38307455,-0.0472138049170878,0.1919456527817042,51.02975081999999,71.748122,81.81892278,1171.342392288024,0.1113677498790771,0.059403588537828,0.27345819,-0.02931977,-0.8625933225930367,-0.0415938239574778,0.30277796,0.06245094,0.15356771,370.0401061628583
10.730238594802843,21.919345130460904,74.27827028,-27.84663054,-0.7896228368764819,0.5974084770774291,102.12490082,-9.27123401,24.87902787,435.68381796817823,-3.4537940331413504,23.85751102071812,60.22763158,-67.83939265,-0.6813933327345576,-0.249274217357879,128.06702423,-19.8382348875,12.3648960775,981.3865316249454,87.43011807459949,8.102513194773119,115.29016759,68.11326482,-0.2817793814632607,0.4304278093770933,47.17690277,80.84345129,92.92514684,1106.4716944633608,0.0963837390971817,0.0679954033581054,0.28784505,-0.04130883,-0.9193857107633971,0.2554689947699802,0.32915388,0.03629302,0.14877209,348.21197318488623
10.901297858161652,23.30228105031242,75.44011262,-28.3207421,-1.140427261658575,0.3382275453165242,103.76085472,-12.18784282,35.14792016,441.4439800716373,-3.846839505849766,25.74805643563958,56.09467794,-65.40125178,-0.927339065469492,-0.165832214535527,121.49592972,-26.51204775,16.3814993,1050.1990184964868,98.47533046573542,6.514297044284914,122.5489948,80.12410619,0.2193817307608179,0.1324316414210779,42.42488861,94.89243963,101.81883886,1235.7600863629978,0.1101369843465341,0.0553179684143729,0.27411214,-0.03716715,-0.7813868917512159,-0.1037267502302111,0.31127929,0.06615665,0.15095192,412.33189893281354
11.952429146866622,22.782079547672655,74.23685029,-25.18288085,-1.0607304879461366,0.4285604846035977,99.41973114,-10.49629638,35.4321141525,417.1879807625322,-4.70270631142171,25.91521546309298,57.72409917,-65.16147517,-0.8805912949242827,-0.1851708565752355,122.88557434,-28.4082250475,14.27033712,1044.4950359723343,105.4384573887002,7.185712327122424,130.03670385,87.43198278,0.0487482674169426,0.1228841596724349,42.60472107000001,101.37196996,109.148505,1206.8929748783016,0.1099848765122556,0.0612438213359997,0.29939813,-0.03825707,-0.907782242233135,-0.0492863184048064,0.3376552,0.05678339,0.15509359,365.55900572025934
10.579532165617762,23.7400695149109,79.79323152,-27.92510459,-1.1131129717084165,0.3638211801344469,107.71833611,-12.86467883,35.05227998,456.41547981922,-4.591013766885098,26.34425134123899,60.17967321,-72.57942103,-0.9121327406975276,-0.2272913228097169,132.75909424,-27.85345934,16.539264215,1045.55239342753,111.79564400323504,6.251007739799928,134.93041112,95.39924505,0.2242510775996828,0.2174981437568992,39.53116607,108.3365238,114.75066259,1207.8879003439963,0.1144143757269375,0.0566568296829517,0.28174154,-0.03193557,-0.8565898006109873,-0.0578563990484709,0.31367711,0.06637463,0.15705543,375.232281803983
11.171017945302598,23.077948694127553,76.27063325,-26.74254844,-1.097403898107277,0.3956667854002129,103.01318169,-11.61672828,35.05773118,476.71239140267534,-4.75753976824123,25.84671082898305,56.9960375,-64.33313654,-0.890494468879016,-0.1531070776278208,121.32917404,-27.758635985,13.83873083,1012.8729168002328,115.93537682695188,6.49674500120065,137.40451696,99.96598699,0.0634224946360149,0.176155819281778,37.43852996999999,112.60352972,119.00132635,1188.0400264681095,0.1148750376263875,0.058178097014286,0.31051525,-0.02278029,-0.923978725405996,-0.0736174924602973,0.33329554,0.06332287,0.15858131,375.23185777714815
9.089038356331086,23.055329958207604,78.12130311,-36.05695006,-0.7763021937334167,0.5818647945745956,114.17825317,-11.90882441,23.4923839875,436.4742086521734,-3.55171253985539,24.555959563936224,67.91370489,-77.99629115,-0.5443831640419061,-0.2531405130592647,145.90999604,-14.71700309,10.7888805975,992.683520995469,118.2935189679854,8.53565520627001,145.77504613,101.9114826,-0.3927828770851129,0.2016331557496778,43.86356352999999,111.54631689,122.72337987,1099.2693380352423,0.1049799282614952,0.0669386464597684,0.30375779,-0.04566848,-0.9216029313451188,0.1438317181325983,0.34942627,0.04675619,0.15792736,321.18429438870675
11.110056149365477,24.401033903706985,81.38886598,-32.26731917,-1.0758589836910208,0.4086436937090132,113.65618515,-12.60636946,36.18224862,494.0101794711684,-4.088555711768648,26.85893210348988,62.52298833,-68.28952693,-0.8872395612456154,-0.137199538924527,130.81251526,-27.609046445,15.45507337,1114.8593626264314,121.86371718706876,7.521098121149136,147.6660526,105.29021337,0.0270008240104586,0.2257311377760184,42.37583923,118.29288366,125.23563268,1258.3350788808398,0.1216541260658638,0.0593828208878422,0.28435733,-0.02931977,-0.7983804753684174,-0.1136091607732315,0.3136771,0.07378604,0.16403088,389.4429957638308
10.043304575516558,24.77264499533431,79.51312593,-32.74688002,-1.0694617911837343,0.4171740542613599,112.26000595,-14.06140372,35.664537935,468.6564898513775,-4.41574969940223,27.081387592718706,63.58783819,-70.44537257,-0.9057726444782408,-0.2121559024099891,134.03321076,-27.730025755,17.1387171875,1099.5986656329346,124.1219905370582,6.894698502090048,147.82408788,107.89510229,0.1217565774079578,0.4090239608882725,39.92898559000001,120.29832342,127.37186315,1235.7282619568875,0.125255357008899,0.0575068016835962,0.3035398,-0.01972853,-0.7167547810952821,-0.0221730736618261,0.32326833,0.07858166,0.16577474,374.4013457228507
9.581218378250762,23.438046822468223,79.37906221,-30.75124976,-0.9143156048556724,0.5271815747204487,110.13031197,-12.41236445,28.602716475,460.42895088090216,-4.145814775700762,25.557702580622728,66.3573084,-68.0453863,-0.6513699626375962,-0.1831082016409172,134.40269469999998,-21.017520415,11.41149427,1069.8448985099749,125.49087200496348,7.566381110512656,150.67421606,110.43460729,-0.2396566758820357,0.2630191061469275,40.23960876999999,120.59259679,129.40999486,1187.7711744317614,0.1174945409541589,0.062863641511176,0.30310384,-0.0314996,-0.9317901658561372,0.0183508029292166,0.33460344,0.06310489,0.16533878,353.97951466527786
9.367306116580204,24.771620680977534,75.83466676,-46.46017501,-1.0296668433093925,0.4518331753924594,122.29484177,-14.15731665,32.87218049,419.1075003066596,-3.7306804813321737,26.392146713289492,64.98401739,-72.37670039,-0.784234372199125,-0.1639702001113717,137.36071778000002,-22.76274584,14.7855932875,1026.6364690383073,128.76203441082248,8.30247894428202,154.025687,111.32832983,-0.2421806106320279,0.1042453715480393,42.69735717,124.64162328,133.03940465,1119.5764515784426,0.1254196821034126,0.0627331509011943,0.30005208,-0.02735793,-0.7804662168844878,-0.0287917656330049,0.32741001,0.07749175,0.17078834,325.3173855674373
9.726391262213015,24.867862329334574,81.66352418,-32.27277037,-1.0675421482083678,0.4273123475787833,113.93629455,-14.31862304,35.29751161,517.8082219847996,-4.625649853720021,27.19408071666221,62.84233572,-74.47914027,-0.8642692598012931,-0.1959939485293814,137.32147599,-28.03901576,16.4640608,1165.9079724600656,130.25372265914137,7.288039757212636,155.66600683,113.75339391,0.1647172250866151,0.41048006602031,41.91261291999999,126.46723058,133.65520361,1302.9647316116434,0.1319554436215413,0.0582959060623996,0.2985262,-0.01035528,-0.7795834965025774,-0.0236447526782843,0.30888148,0.08424921,0.17362212,397.5104708513529
8.162314797511844,23.16468061875269,75.32131532,-49.50866362,-0.7642877351378168,0.6217052616396125,124.82997894,-12.48756835,22.027267485,417.20739084503225,-4.13521594157966,24.74220017279898,62.45541479,-76.4224615,-0.4979622717127641,-0.194392664097899,138.87787629,-15.08648394,9.01804353,1017.9505643281038,129.80753382430578,8.466572171865911,158.20006445,114.3146961,-0.4441396074613291,0.3052962359143058,43.88536835000001,122.1457279,134.32550695,1114.0863212491806,0.1198597718404082,0.0670273322049207,0.30877139,-0.03215355,-0.9809550240057684,0.1356262220049766,0.3409249399999999,0.05721936,0.17144229,327.87388363009086
8.751154602540236,24.344187303259854,77.38452485,-35.42588851,-1.0750010304677486,0.4282666255197678,112.81041336,-14.75785872,33.84574464,447.3827485184014,-4.8542833025724805,26.75823544034632,62.42489721,-73.84480952,-0.8180646392846582,-0.1937801996650899,136.26970673,-26.05646418,14.5567114475,1076.1242255884026,132.3894389050181,7.045223333276415,157.34993627,116.16754797,0.1485831258819394,0.2133703253592228,41.1823883,129.06122472,135.85683324,1259.006302392835,0.135481234444976,0.0564840513425431,0.31531087,-0.00446975,-0.7877622235031625,-0.1392331848528709,0.31978062,0.08991676,0.17689186,382.7472855197654
7.011464158662031,22.77087306076156,75.96981385,-41.29943129,-0.7463756927968626,0.6272863831551562,117.26924514,-13.29519507,19.73572496,452.4266419396495,-4.390791272095906,24.315356507459477,64.30717565,-72.38651179,-0.4490528929513231,-0.2290519648664117,136.69368744000002,-12.10230063,7.53576089,990.9947682489536,131.27593479077836,8.27745770004782,158.37444189,116.00951269,-0.4518081472529971,0.2175017149925766,42.36492920000002,123.73155096,135.88408544,1116.7618553182172,0.121795504606738,0.065482194010858,0.31683675,-0.01689476,-0.9702002890880808,0.1196040619702314,0.33373151,0.05896322,0.1738401,330.15189581658
2.0671419868547987,16.84183335028118,68.71316865,-43.00841567,1.2587185002177028,1.3853746094231234,111.72158432,-4.30994746,6.750222595,469.78592569856016,-3.8523273910842217,17.946548828146213,64.89791204,-76.38213252,1.8046728736147672,-0.5214649699428908,141.28004456,-5.17045067,-0.50562079,1002.1533423671432,125.67771711165328,8.124380955996088,154.67964819,116.44002416,-0.5774616561909118,0.8042933531449178,38.23962403,118.97952917,132.95766332,1097.3060718606705,0.0828021289656795,0.0611041525634832,0.27977969,-0.01885661,-0.7788462522759123,0.7991741346751171,0.2986363,0.03520311,0.13634708,361.9658325567321
0.2959875522151858,28.290482358040773,63.41392058,-55.22861559,-0.983516228231665,-0.1855380212207834,118.64253617,-17.656027620000003,21.603203945,455.3677863758603,-9.799536272577418,30.14145908261169,53.05909429,-95.06996455,-0.8809798402669604,-0.4204340134275951,148.12905884,-30.237548015,17.070148335,801.3779444025699,12.531330234228992,6.435724971042323,33.77663915,-1.63465007,-0.2351771262718349,-0.0109231178674522,35.41128922,8.866666,16.80668561,1000.2420628488692,0.1155840675093407,0.0734194088693362,0.31371453,-0.03418585,-0.2329291226645091,0.3820351692053245,0.34790038,0.04951951,0.16134463,449.72346420483376
6.122950255822304,33.70112916843573,66.10600966,-49.61011202,-1.434519112746702,0.0676240754149137,115.71612168,-23.76826174,36.263631045,524.7565251936564,-18.34707224547527,35.491180302305644,44.67548071,-89.89287867,-1.1491433460382512,-0.0737556951798073,134.56835938,-48.65763201,19.189485415,729.5747130043106,19.360428902971947,5.220171795457302,37.17717092,5.5914766,-0.7470941577930383,0.1308289893854164,31.58569432,15.45519368,23.86932485,1080.6265991918358,0.1737169374523463,0.0775207836507095,0.33115315,0.0168221,-1.479358551011919,0.1470420668523946,0.31433105,0.10401518,0.24962762,336.7904214677437
5.639435101135457,32.71252188673408,75.39643019,-60.14303667,-1.079610139859896,-0.0938401736343551,135.53946686,-19.99062139,33.460372145,464.3680523421279,-15.19174341428852,34.58467213739209,68.77892004,-113.04809107,-1.028467389625726,-0.0956610932884406,181.82701111,-43.720868245,18.115375380000003,781.2146918297314,17.665969219948074,6.080057274163269,36.59951513,2.12010185,-0.3138832097121469,-0.1475870338801247,34.47941328,13.93476407,21.94017904,936.9864619222634,0.1532073206877335,0.0717999819412451,0.31829217,-0.02917225,-0.5838674820278591,0.0463717447521049,0.34746442,0.10270728,0.20777494,256.6928751651628
3.9450039853099863,32.991797924909115,69.42370528,-53.44660646,-1.0236784765665674,-0.1337155097888014,122.87031174,-17.422785585,27.65113371,295.34997050442354,-12.824627780811856,34.69950409244962,55.53537832,-99.11681666,-1.0854325997802718,-0.0952990894547031,154.65219498,-45.105603355,19.40583311,767.3051402029945,17.34213011735102,5.797586155808562,32.00008123,1.81492607,-0.229443221991934,-0.196139440019351,30.18515516,13.714056655,20.88841169,1071.5887398177315,0.1468476537559369,0.0639487308986713,0.29257021,-0.01522136,-0.1439813643526828,-0.2651167883961892,0.30779157,0.11273449,0.17987316,327.07695601725374
4.5695225065917295,33.25028909655839,69.66239851,-54.15832216,-1.0268307534876473,-0.1626503433860589,123.82072067,-16.487639254999998,28.655489145,262.1692393672396,-12.90417083095624,35.31589720931436,56.1097611,-95.57459559,-1.183703225217741,-0.0658461662175962,151.68435669000002,-46.36663546,21.084845405,756.8744547035371,18.44846892702172,5.995250708567884,36.17444722,2.47432391,-0.1966289716057798,-0.1756043549385402,33.700123309999995,14.47427098,22.05461995,1004.4617343280728,0.1498226461921347,0.0655713481175639,0.29431407,-0.02524856,-0.2867031858867768,-0.2222121851992659,0.3195626299999999,0.1125165,0.18641264,329.91101573083495
3.929145123764803,33.093965128085244,72.10597914,-53.8215378,-1.0074136591191305,-0.1207640766154466,125.92751694,-17.700168435000002,26.700729545,245.98815456626767,-13.054049509740992,35.209650274635266,55.09505163,-99.33261408,-1.1569580535096826,-0.0675693534933614,154.42766571,-45.300152915,20.046703200000003,776.499899068247,19.005675211851052,6.02227123954564,39.66217153,3.17186849,-0.208703722673134,-0.1551686929333249,36.49030304,15.13911836,22.70311849,1050.7335303585958,0.149090635140903,0.0654085912799213,0.29714785,-0.02045294,-0.3052218989451987,-0.1417455611470677,0.3176007899999999,0.11164457,0.18379685,315.26631056065185
4.853678603874359,33.02817963052235,71.68309706,-56.51362306,-1.019094872435491,-0.1369911580654035,128.19672012,-17.233139819999998,28.89636057,258.91294810104387,-12.769295908839212,34.84171114564996,55.60949026,-93.34027399,-1.196301164212082,-0.056257249356697,148.94976425,-45.408599035,21.040703635,743.5547162516673,19.39586333738142,6.0865165027484185,45.38421743,2.92118828,0.4235804374165419,-0.076937216947457,42.46302915,15.75764482,22.86115567,980.8789335105016,0.1494496005522132,0.0641793408197565,0.30085356,-0.00650205,-0.3892223705821114,-0.0974705780033918,0.30735561,0.11317045,0.18466878,409.97208548640134
4.3722130921626245,33.65443314698461,73.41715163,-53.1065529,-1.033757288077316,-0.1236011610680847,126.52370453,-17.27401239,27.383015805,278.7597176687272,-13.611279629835982,35.518458753023324,54.0236672,-98.86613764,-1.2073204242277409,-0.0712872752187819,152.88980484,-47.164450785,20.511550765,743.3385928833807,19.672619645922993,5.708322358590973,36.0763561,3.96205585,-0.1574419129317834,-0.2170888184906774,32.11430025,16.024673625,23.18267934,1042.43523640494,0.1513641790348932,0.0639373378311549,0.31218865,0.0041791,-0.419976171045318,0.0503617468349328,0.30800955,0.11404238,0.18750255,418.0689480246831
5.110359966149073,33.12345385931221,71.29835432,-53.11200411,-1.019039427401712,-0.1286758364321842,124.41035843,-16.64840204,28.34976786,325.04731341689615,-13.36474415633842,35.224555517894515,50.8247727,-94.76587977,-1.1864587917279812,-0.0947161522833325,145.59065247,-46.797694345,19.86196218,734.8720889015598,20.03778208557786,5.74320684560834,37.68942754,4.56695764,-0.1001747386371598,-0.2138629767106989,33.1224699,16.59415357,23.44970815,1037.5911622979352,0.1507747934222025,0.0632221450001626,0.30739304,0.0028712,-0.4312735877901028,-0.0086019299226564,0.30452184,0.11426037,0.18924641,429.3663230290856
4.309123587923501,33.30277369770419,72.81878584,-53.2624138,-0.9963973997261236,-0.0850840453317932,126.08119964,-18.08545286,27.26585024,318.8675365269132,-13.97439718050282,35.2516130652765,51.96918188,-99.8666717,-1.144852284513174,-0.0900384305844542,151.83585358,-46.61785807,19.073954445,751.3552886925168,20.028715116650627,5.763824769642263,34.51778142,4.79039018,-0.208775166578742,-0.2370949628970662,29.72739124,16.471537755,23.16088216,1072.176350011609,0.1493939280558546,0.0636036956636525,0.29017241,-0.00279634,-0.4693128174328529,-0.0651031291197487,0.29296875,0.11404238,0.19011835,439.8407432593818
4.9535227035919185,33.11711359760186,72.32941359,-51.47277529,-1.0518273206729905,-0.1120409250370683,123.80218888,-18.610246485,29.761751345,301.8984025301152,-13.40220783476854,35.17471890756371,49.64330373,-95.49394526,-1.1944403208128538,-0.100498836834716,145.13724899,-46.716496605,20.179127555,737.5718005257222,21.10971866460072,5.8787677159574985,39.74936406,4.87758319,-0.1611764987349691,-0.1525032706602938,34.871780869999995,17.823030635000002,24.61591642,1031.5974811587998,0.1494397856893167,0.0636792646858413,0.28821055,-0.00541214,-0.4902320286519708,-0.0855422560190537,0.29362269,0.11317045,0.19142624,470.7825549204787
4.548638370509784,33.55202683633495,73.2830879,-51.56977541,-1.0345109642118433,-0.0648917489796978,124.85286331,-19.70560915,28.664208584999997,302.75878975858967,-14.384943478877208,35.447219309415665,55.14518819,-96.95769801,-1.183144310977944,-0.0855151156348061,152.1028862,-48.126299995,19.676132064999997,730.8252304688148,21.511824338446583,6.010118316183846,48.02725713,6.03289144,0.2881611271595767,-0.0067907023629952,41.99436569,17.76580922,25.00828473,1019.7757679807656,0.1498784843353809,0.0664834015171194,0.30019961,-0.00846389,-0.402586533834945,-0.1204805894382397,0.3086635,0.11447835,0.191535235,443.0402186953511
4.832231361981509,33.10125860326406,71.56102675,-55.43243105,-0.9779006590117728,-0.0809799763165637,126.9934578,-17.209707084999998,28.74050253,306.42490114263234,-13.62196202584827,34.96149805841126,50.02150426,-98.62417139,-1.1680350801581345,-0.1113895629494556,148.64567565,-45.913230075,19.780763485,729.5795429618579,22.05061369363308,5.969812234457972,40.45781057,6.68138997,-0.300360538275509,-0.1876171517692156,33.7764206,18.44155614,25.77667348,1080.273905908925,0.1492651344620353,0.069055027710124,0.29867373,-0.01805513,-0.4180294216855102,-0.0731127811027269,0.31672886,0.1125165,0.19120825,443.32470745545646
4.7959227859983535,32.534104405349105,72.73158949,-50.08422548,-1.0133565943498912,-0.0520168956576089,122.81581497,-18.876185245,27.93233126,322.1074630794127,-14.315337188843644,34.45766975064215,51.04711233,-96.57622828,-1.1663009438876963,-0.1140400318616224,147.62334061,-46.46363749,18.46850858,760.8872902740957,23.77212862504401,6.183060006246725,50.39236943,7.41708152,0.113676853880583,0.1428927952769762,42.975287910000006,19.95653646,27.643150495,1051.8647874973535,0.1507761047945032,0.0692117856531824,0.31960007,-0.01325951,-0.32619241807862,0.0163155875928876,0.33285958,0.11524129,0.18859247,423.9763677458223
5.72205967162561,32.96461302339804,75.96645277,-51.43026811,-1.0039138334792783,-0.066171625836915,127.39672088,-18.117605035,30.16393011,309.64415961606886,-13.808241177910835,34.806934723016745,48.88145528,-91.22693171,-1.180748959340989,-0.1438023405132314,140.10838699,-46.5824367,19.855968339999997,743.9501515275479,25.7138708441454,6.574546782137624,49.75476949,9.38437574,0.0014801901902674,0.2462474097015184,40.370393750000005,21.51511304,30.10908048,1049.5415512764057,0.1536038336318156,0.0711419891810378,0.32177989,-0.01260557,-0.3051872175458321,0.0687070920040066,0.33438546,0.1151323,0.19164423,405.39721294259465
4.752526336119309,33.112505801173555,78.92230147,-51.28312761,-0.9981120587632116,-0.0358492272150936,130.20542908,-19.990076845,27.371026215,310.0496220188875,-14.884567398730288,34.795237233275444,46.93922887,-97.99747004,-1.1902042926845882,-0.1118681945644933,144.93669891,-47.61621966,19.217823845,745.8437406469777,25.23730821597999,6.273150188642335,51.35149495,8.82306974,-0.0496484941169663,0.2020297013412746,42.52842521,20.85571401,29.2425987,1018.9768396672088,0.1525184617820277,0.0709225115468562,0.32613955,-0.00628407,-0.3567430777041247,0.1404338432976337,0.33242362,0.11535028,0.18641264,432.3902502931513
4.751571077263631,32.67467561794708,68.86675947,-55.78447038,-1.019979916547055,-0.0932149353273735,124.65122985,-18.525232145,28.066935715,307.4546627312848,-13.847302053999746,34.2723338944463,45.73378454,-93.70539393,-1.209511268386526,-0.1447956554516221,139.43917847,-45.67671885,20.023268565,749.2671981936359,24.45681738013742,5.879524536187981,44.5885822,9.58600919,-0.2544988195178219,0.0474310660436883,35.00257301,20.569612665,28.13633649,1050.3634413239415,0.1476329491678804,0.0678787442858324,0.31807419,-0.01064372,-0.3753109066207094,0.0840154800540893,0.32871791,0.11120861,0.18292492,420.72686213323936
4.136881242916851,32.55770862394346,71.39644545,-53.20573503,-1.0209061813303717,-0.0565754778565229,124.60218048,-19.503430195,27.018984015,437.2467066746,-14.577011146481542,34.312111953712744,46.0607575,-92.41929926,-1.1793988346549578,-0.1366606451176767,138.48005676,-46.38352694,18.97858701,701.2733674769015,25.16260556424229,5.568450275774585,42.7847759,9.76039521,-0.4581726092432894,0.0219911970594643,33.02438069,21.12819402,28.95377271,1131.3534405757507,0.1486845145221962,0.0662220036783335,0.31088076,0.00396112,-0.3784713532786807,0.0571355367222582,0.30691964,0.10641299,0.18270693,509.2815222001955
4.181840882624913,32.398938873457276,70.96919935,-53.38339311,-1.008644940517398,-0.0825732948387539,124.35259246,-18.52959234,27.29582232,545.8679960419786,-13.576813204727378,34.076629296781455,45.32070623,-91.58769526,-1.1983226434262533,-0.1649234419748785,136.90840149000002,-45.25110735,19.67068277,712.4469927308268,25.31392070419606,5.616943227552578,45.9782192,10.48518769,-0.3517491090260076,0.0873510712154875,35.493031509999994,21.2916805,28.93197362,1063.437592677811,0.1465415310581977,0.0665611036287003,0.29801978,-0.00061652,-0.5901130299592166,-0.0369361638820305,0.2986363,0.09834763,0.18357886,405.30460967602346
6.344066881825091,32.30662780025157,79.2863304,-50.02645952,-0.9337649797209592,0.0218584705475096,129.31278992,-19.079454245,28.656579195,527.2981233606238,-15.277011019374328,34.053938299929584,45.90163122,-94.21329035,-1.1884073933581285,-0.1260412887886325,140.11492156999998,-45.909960885,17.851616725,698.0715147074513,33.78095516169336,12.098332156944974,74.07618825,12.63231771,0.4170323627909797,0.9779873901900163,61.44387054,24.88294522,39.51230924,761.9970069219294,0.1617049050136153,0.0685591465866032,0.3304992,-0.00628407,-0.4910883062170224,-0.0713619835644668,0.3367832699999999,0.1125165,0.20385126,385.945073899511
3.4800169862191064,29.113331070910967,68.94897959,-62.81611898,-1.2497555137272185,0.0909496529253613,131.76509857,-24.94544008,33.42215464,443.4440529479594,-7.345187279921346,33.11661207912145,73.62030271,-91.41658542,-1.263733847350659,-0.0720994566385953,165.03688813000002,-42.7443175,22.81289151,990.8545819963548,21.983169429954785,6.639348688645679,43.8005973,-1.42536462,0.2535301080256431,0.1736827116963796,45.22596192,17.61542427,25.83337128,1148.7035984169331,0.1397831693038067,0.0510570573629801,0.2995875,-0.04220938,-0.2956638960455562,0.294490904560159,0.34179688,0.10100526,0.17620929,352.3562027955204
4.272531239851986,28.62804991779684,62.68633387,-47.5769489,-1.2292185436364444,0.0870205676474723,110.26328277,-23.44408491,33.66629527,387.66233821606033,-7.566665969149727,32.77326206923587,59.26505139,-73.24118564,-1.2514243623489465,-0.0191151279692913,132.50623703,-43.069655865,21.35458806,922.6836647385802,31.617350774345773,8.357125961838268,63.92584907,-14.75500668,1.0262168140312893,0.0526331436225517,78.68085574999999,25.92056572,36.65621101,1023.2773813118872,0.1380907651534295,0.0496118413061432,0.30525505,0.00988849,-0.2770243348924515,0.4218140357959716,0.29536656,0.09947938,0.17141367,328.10466308765376
4.209592841357805,28.103860745763576,63.53210948,-45.12682226,-1.2606460471843126,0.1689874888514274,108.65893174,-24.32473447,33.22379038,469.01690525060513,-8.533947676788987,32.728292770656886,59.89829114,-76.78340671,-1.257202088321762,-0.046552193075662,136.68169784999998,-43.30780169,20.07339433,1101.3828647191351,48.5644632653556,8.489038216592844,76.53614723,27.04862511,-0.3472431013628139,0.2484497636294814,49.487522119999994,42.25836861,54.19837105,1209.3626735726432,0.1385832329043502,0.0536111454460853,0.31114058,0.02471131,-0.4544588010138155,0.4835674530388066,0.28642927,0.09381183,0.17511937,357.65418006882635
3.451779413971602,29.289591537752404,65.21384165,-45.7731426,-1.2784643211001925,0.0994505087805908,110.98698425,-26.60374334,34.10007975,469.5900216147515,-8.276361467555525,33.36413694064771,61.72716382,-81.73052737,-1.2868437361555227,-0.0723309543758419,143.45769119,-44.057118865,22.46738866,1101.0840626641443,67.71628050689857,8.269894733369842,93.72952949,45.62620079,-0.3570756413397515,0.2578065158378447,48.103328700000006,61.48444282,73.02662575,1216.7077388946338,0.1432646284555426,0.0496265507192327,0.30503706,0.01490209,-0.502452928783355,0.4128771128040573,0.29013497,0.10318508,0.17926104,365.2239027428856
4.257711144542902,28.366372054246117,64.1871464,-46.95678976,-1.250526603738776,0.1180919290219121,111.14393616,-23.54980638,33.71643183,523.1610794684544,-8.548194926852874,32.78623355617067,58.85851148,-80.19592807,-1.2609663278189565,-0.018754116772646,139.05443954999998,-43.74267718,20.04069665,1102.3449081227918,85.43723229969277,8.039165963568422,110.22537147,63.63702309,-0.3486256074323615,0.2848355736156676,46.58834838,79.50616371,90.56878578,1223.1790048346052,0.1425695109496051,0.0509687263791242,0.30394714,0.00269506,-0.4277597019680703,0.4316904730103812,0.30125208,0.10035131,0.17751718,400.54657866555766
3.357698583699246,25.947936835554927,68.98603556,-57.7752712,-0.9320317102517528,0.2045473848625949,126.76130676,-12.17546823,26.099025939999997,421.96819443703384,-7.657509902715375,30.082404247232773,73.67261746,-85.38500735,-0.9331699805283676,-0.1867145156922909,159.05762481,-38.53234622,11.98787072,980.2720123511584,98.9739156494088,8.447654370005624,126.86835396,80.33994209,-0.5345181030947153,0.3349602007703181,46.52841187,92.45978462,104.882071605,1080.9269229766662,0.127051207684594,0.0645956173128642,0.30743487,-0.02477076,-0.544210577725762,0.0796511712715279,0.33220563,0.08487454,0.17555534,349.88320995757283
3.140401330611946,28.61666658648875,66.00948069,-49.43961217,-1.190715290703882,0.1079402446640404,115.44909286,-23.21629217,32.75676272,481.82683527331864,-8.071783744345892,32.51296934433603,63.33696607,-84.24277255,-1.1568215063656622,-0.065552360657286,147.57973862,-42.42933032,18.858686,1124.1919552879644,111.65654360590958,6.541255134254633,136.51409065,95.18456947,0.0964222649835577,0.6435520523968559,41.329521180000015,107.04282295,114.99919807,1259.3181910373091,0.1442920632236554,0.0468024322692735,0.30743487,0.00661875,-0.27822186963229,0.4504659325284672,0.30081612,0.10841667,0.17708122,373.9539581377299
3.717048029204317,27.97554209721365,69.09829447,-48.92408254,-1.1808826525297853,0.2023237726265252,118.02237701,-22.07024839,32.817797875,480.7747153220394,-9.357124008863469,32.71051766178408,62.69609693,-83.64114139,-1.1192935957585894,-0.0621961154126975,146.33723832,-43.465295285,15.03417924,1094.2327497586248,119.2377879438443,6.793003220229378,143.92549812,102.45973884,0.0054451008739979,0.575418370175776,41.465759279999986,114.9501487,122.17082893,1273.1685340887775,0.1464986247457019,0.052661981955087,0.32160375,0.0122863,-0.3931566520850071,0.4448840804162009,0.30931745,0.10383903,0.18405666,364.3717548834596
2.5066105502692455,29.060370591988367,71.33588908,-49.53116491,-1.1895787926047234,0.1457000426236613,120.86705399,-24.864786885,32.86738703,506.2837748945709,-9.059519718777528,33.07637907765992,65.58436826,-86.82259891,-1.1365562981821498,-0.1064172890547076,152.40696717,-43.5704703,18.223811655,1110.6144868298486,125.31878904721388,6.322879914552626,148.00177681,110.06188881,0.0819821920119165,0.6736476051828879,37.939888,121.24984657,127.90376961,1260.6859538565122,0.1522171455920754,0.0496194885223191,0.31506426,0.00138716,-0.4819656431941448,0.387500925045081,0.3136771,0.1129943,0.18972422,373.37188081582616
3.184538986386853,28.106344659666956,68.14571116,-49.73062017,-1.1724319745818252,0.1743011909963007,117.87633133,-22.25117376,32.3573086,468.2944817420722,-9.53225334415656,32.64396183168848,61.74896482,-84.69836184,-1.11980684790913,-0.0506815133478619,146.44732666,-43.61733767,14.781864195,1010.5126696890344,130.1729205227795,6.2988690540423065,151.41319954,114.86840736,0.0167086209638851,0.6175028581665833,36.54479217999999,126.27979957,132.63399422,1200.7500386907448,0.1550460646805569,0.0506015995569099,0.33054104,0.03582843,-0.3814972451730534,0.4310568260067476,0.29471261,0.11386623,0.19146808,359.9688368762817
1.6908227948496426,26.10395734649699,68.10865519,-61.84173849,-0.8696209653832292,0.1946981650010755,129.95039368,-13.41252019,24.15135024,472.6090964952606,-8.343551841474625,30.20374461133429,62.4650369,-94.17188785,-0.8525827410292144,-0.217625853360499,156.63692475,-37.49311206,9.51812699,941.9683611481108,131.96373035164487,8.155320973480663,156.59029304,114.21990883,-0.2691873401481848,-0.0471996722724117,42.37038421000001,127.56044685,136.09992134,1112.2207286740258,0.1423467873421296,0.0654785419955606,0.3259634,-0.03327208,-0.4849495907378229,-0.0208924955968778,0.35923548,0.10318508,0.19255799,321.1563163808999
2.479179569499321,28.18235141953058,65.30648539,-51.38728597,-1.155366971483926,0.1660237751202627,116.69377136,-22.991225030000003,31.30935786,495.32252946351656,-9.79347689993706,32.63236764882258,60.6405206,-83.57574985,-1.1246665594127074,-0.04372115257582,144.21627045,-44.10888812,15.140445735,1010.8371286540034,135.86648474171892,6.502163576098047,159.44586861,121.69126045,0.0546286125152999,0.6905734834218652,37.75460815999999,132.29611885,137.91461861,1262.6412801591505,0.1630682400812934,0.0504680268657648,0.3449279,0.01817183,-0.4242966174342171,0.3833671374064166,0.32675607,0.12367546,0.19975142,371.983666981188
1.4767365858071644,28.58900718796389,65.71738169,-52.15567663,-1.1655534609529865,0.1848490454597733,117.87305832,-25.6827667,31.26848719,436.6281191070948,-10.128762489767858,32.76501945161079,62.08901456,-87.70434329,-1.1209359001188417,-0.1093046972213294,149.79335785,-44.13831851,16.12736276,1023.7778860098716,137.9274912466995,6.271214672307846,160.27420723,123.26074135,0.1233784721494153,0.744638082546618,37.01346588,134.25250923,140.1598426,1250.9142202795992,0.1687203456925107,0.0508227494402783,0.33468271,0.0462916,-0.502352037340513,0.4643566793357708,0.28839111,0.12716318,0.2075988,358.82273557589406
1.8877002173758444,27.056607574121397,65.76097605,-51.911536,-1.0203984139804874,0.2210456982560731,117.67251205,-17.92639711,27.31318972,443.7814394443762,-9.914179238808329,31.566646324970595,62.39746335,-85.69781253,-0.9604387100218212,-0.1153411835708823,148.09527588,-41.87892673,9.77643636,1025.8830765362438,138.7938017849142,7.032011100770445,162.20334541,122.41060554,0.0907618731356358,0.2964110580223341,39.79273986999999,134.69393074,141.58763801,1198.0252981086137,0.1642255784267905,0.0574760500487493,0.35386518,-0.00558828,-0.2521904120069154,0.1125380471179448,0.35945346,0.12367546,0.20672686,339.25766360892436
0.9574457970683156,27.349063669144172,69.69992564,-57.18453863,-1.037281013624959,0.1562679499870852,126.88446427,-17.94002035,27.897382,429.191583956154,-9.572303854248725,31.516180884471623,61.74460462,-91.96154544,-1.0103133868869048,-0.1257694085276289,153.70615006,-42.10017917,12.494135885,999.3083938274262,140.16191835435384,7.330797603740432,162.86820137,122.12177955,0.1115599251962931,0.0314925367173072,40.74642182000001,136.52498543,143.20615303,1156.0585784675593,0.1700340422406506,0.0580074867428661,0.34253008,-0.00101065,-0.1217125934823819,-0.1119115101632388,0.34354073,0.13522854,0.21195845,351.89927112840167
1.017016196119695,28.024252131370055,65.4361851,-52.68973424,-1.1568099998736252,0.2052997819820992,118.12591934,-24.91982725,30.05323145,420.5920916220449,-10.878787843627958,32.46128829540051,63.52116254,-85.7163367,-1.0973451337268676,-0.0931365799678085,149.23749924,-44.577006784999995,14.23963216,1018.6382747282672,141.8956859022578,6.347721309978524,166.01804268,128.02365791,0.2331237895776783,0.7773731615896093,37.99438477000001,138.22525703,143.9854499,1259.8050191509683,0.1810432962305677,0.0510248492934256,0.34274807,0.05937056,-0.4323870889521588,0.4432970875295789,0.28337751,0.14046012,0.2189339,388.02517943812416
0.6680217452899823,25.594370988207743,63.41548655,-53.56820562,-0.8374963456547384,0.2424302657351163,116.98369217,-14.47736528,21.374795175000003,422.8891651955119,-9.89539216127612,30.068069750076543,59.29229978,-91.40677402,-0.8049943015473939,-0.1826070774144819,150.6990738,-38.341611355,4.97427753,982.0501501406352,141.06955458526136,7.846405761031982,165.72922432,124.52503883,-0.3067607840569093,0.1402438637128669,41.204185489999986,135.80564033,144.73203194,1159.294401842878,0.1679938729018689,0.0640292157873221,0.3586608,0.00879858,-0.514361584348515,0.0418697159039702,0.34986222,0.12607327,0.21610012,334.33710403792986
0.4958509993912837,27.57831390863262,69.17240641,-52.39109685,-1.1145532649499492,0.1927982959664876,121.56350326,-23.004303720000003,28.68320963,411.8619591879572,-10.855845727513696,31.9649650509516,63.4372392,-91.79914615,-1.049649941980402,-0.0920949573187442,155.23638535,-43.76556537,12.24182084,896.5892518273209,142.30868332327483,15.926475938404243,222.17583382,-89.8609475,65.73530880482532,-7.52305410976403,312.03678132,140.25249397,145.71840584,810.3182357598598,0.1883287897265799,0.0496778216351528,0.36084063,0.05588284,-0.3584138742688378,0.4023959220456932,0.30495779,0.14983338,0.22525539,335.326201559853
-0.0216621012671773,25.49509253702435,65.42964671,-62.12075689,-0.7891533634364047,0.2389329462399327,127.5504036,-14.68553903,20.91158221,438.41327804919325,-10.003172394892022,29.74473220269586,63.18873837,-92.87161777,-0.7504809582486596,-0.2033015650492431,156.06035614,-36.59666011,4.048395785,966.0278205727988,142.2683305097936,7.929556034479919,167.11341011,125.99097359,-0.2641857423787566,0.1088647146107112,41.122436519999994,137.11353218,145.97453987,1143.468419590174,0.1746786856418598,0.063463761991838,0.38372881,0.01926174,-0.5064673989150985,0.0143096713018778,0.36446707,0.13501056,0.22220364,343.6833311692169
-1.6398876298836922,20.08768990663365,67.9571583,-52.42379644,0.4014486668066523,0.5155159103125379,120.38095474,-9.53678777,1.4446363249999998,437.1511242938115,-8.033528300523209,23.66974244223633,63.87865308,-88.28308627,0.5589376727689448,-0.4746180940393518,152.16173935,-9.86816546,-2.31070468,990.5055340914251,137.69390234742534,8.27414003561302,165.63112556,126.14356148,-0.6555304086078966,0.4906853926800812,39.487564079999984,129.23891365,143.85465156,1131.0412433616611,0.1402959272586699,0.0652040090090615,0.33424675,0.01577402,-0.9603291596589952,0.4355609307741435,0.31847273,0.07964295,0.18907026,363.2826100313581
-0.2566299090642432,32.994681921600844,68.55789778,-55.56036928,-1.398148798450415,0.1835307138053317,124.11826706,-32.04875353,31.6128236975,418.193387918624,-14.519274105849146,24.673258733950597,35.58188986,-95.63824869,-0.982678695947644,-0.1878926910286847,131.22013855,-33.24070001,10.08336234,1064.6474062430125,17.466398582664716,7.896419262370214,61.66664391,-3.43933768,-0.5446911758150654,0.0226260579014034,65.10598159,10.64234429,23.01286202,1104.389275177307,0.126109399124902,0.0730050441094579,0.31673547,-0.03966625,-1.198012997792596,-0.0873348061278173,0.35640172,0.05188649,0.18420199,327.5099467988126
-0.2504548690797314,33.15282157216807,72.78349134,-57.14728334,-1.4041166964061056,0.1994641869139396,129.93077468,-32.45420244,32.52753469,401.54080667558327,-15.6209869680383,24.326220273487316,30.78845,-107.0790751,-0.8695992160923929,-0.2500986309991169,137.8675251,-32.66958642,8.59890055,1106.7410033331191,22.783033273681607,8.187849737209294,50.92009621,3.86853247,-0.5266181287332969,0.0128652890703639,47.05156374,16.38618927,28.76760559,1234.67695259986,0.124584176379166,0.073778965860356,0.33177627,-0.04576976,-1.1591445086703625,-0.1080942001318671,0.37754603,0.04774481,0.18136821,390.6869628043531
-0.7056057659628513,33.58004668447184,71.55079481,-58.26553515,-1.4781851819946883,0.1434381491002748,129.81632996,-33.893976,32.25505468,380.6479679027857,-14.405458466506154,25.273260653258387,35.50668692,-98.42406869,-0.9008287046272416,-0.1505902129715678,133.93075561,-32.69983125,11.33240389,983.7778964425612,37.10085788335015,8.624310173363673,67.96089821,-15.27034874,1.9808178398630547,-0.5556356611087693,83.23124695,32.03734474,42.854739,994.9876018230834,0.1276922294725285,0.0658896734825318,0.32240302,-0.02179166,-1.0331297073685386,-0.1318706162622861,0.34419468,0.06234966,0.17613662,326.03273004549703
0.1300918893639214,33.962960234358434,70.89575788,-53.47209337,-1.459628696150226,0.2085914809979807,124.36785125,-33.10487917,33.131073207499995,499.8862039374908,-15.06297669396492,25.472320684925815,34.10941672,-98.40445352,-1.0675896914827008,-0.1171961137543844,132.51387024000002,-34.38183999,11.14602828,1093.2757551983425,54.10084536382872,7.9588912015013165,80.97446327,33.03461723,-0.4345599744614339,0.1835229879999168,47.93984604,48.40784722,59.87373619,1204.534950814171,0.129723171055057,0.0674337108807852,0.31215783,-0.03705045,-1.1582845570067992,-0.1194545243146741,0.34920828,0.06104176,0.18267611,352.33320756936166
-0.0879428498526536,33.5038007962687,69.42111036,-55.89279345,-1.4225003890306729,0.1741911503574117,125.31390381,-33.07436159,32.51227591,411.3104298947217,-15.846315894233928,24.914255807593563,29.91869902,-102.15157724,-0.8870747914353574,-0.2263001600752431,132.07027626,-33.0518744,9.71497225,1098.5627489346837,69.28316587655068,7.974444151194164,104.81632118,49.01819878,-0.439358673668067,0.0714524163606534,55.7981224,63.50859718,75.03443031,1196.4805497548482,0.1294209838494265,0.0710104896045173,0.33112233,-0.01895789,-1.1278520170285309,-0.0811526042579012,0.35008022,0.05472026,0.18333006,360.2625015194534
-0.8968105859370505,29.722202406827485,74.02163526,-59.36416796,-1.0988105508560455,0.1807105471267247,133.38580322,-28.476833615,25.5357382,442.0345091452384,-12.897589686879847,23.009443948149222,49.02052283,-101.02896524,-0.7021434152884822,-0.4232804416297295,150.04948807,-29.36496759,7.00871634,995.0453033480416,81.51132386436534,9.088560230813949,126.97426491,63.25247078,-0.6814458225438158,0.1324702771905808,63.72179413,74.02081185,88.30412941,1011.5910539943152,0.1128449849529648,0.0765983389981465,0.32785258,-0.03007501,-1.3015050884272432,0.1324852599260911,0.35792759,0.04120534,0.17962435,352.9937515820952
-1.1579290965543303,33.30313183732825,68.21021101,-57.23011568,-1.3898386350168528,0.2032800678357391,125.44032669,-32.46619204,31.65778181,481.81194779232794,-15.673375871509082,24.136306504581064,30.66637969,-94.49602151,-0.9671481590517604,-0.2335745795378729,125.1624012,-33.606638197500004,7.87192797,1084.7003229288773,91.43043109549151,7.765786464897152,119.14323311,72.38594704,-0.822118347222085,-0.074185759599946,46.75728606999999,84.78916054,97.33406716,1198.0941986280002,0.1289628603524595,0.0728942579276482,0.3239289,-0.0237535,-1.2917243534355818,-0.11555990963655,0.3476824,0.05384833,0.18877962,347.8081524758527
-1.8168284857714,33.93519624550654,68.85980055,-60.03228167,-1.4725781864261045,0.1573483558760022,128.89208222000002,-34.2457464,31.715275495,446.427561757021,-14.730696296143648,25.214213100756275,38.35136008,-102.79135538,-0.9258853626885566,-0.1521216522156487,141.14271546,-33.58838296,10.19453406,1061.8114869463998,98.30773733161016,6.6180770969437415,121.91161232,79.91179543,-0.389720475016039,-0.113748616306354,41.999816890000005,93.40492897,102.84357338,1221.2427775132346,0.1324533499807444,0.0665731536490629,0.34834296,-0.01895789,-1.1878423325413985,-0.1517517318599937,0.3673008499999999,0.06714528,0.18572786,393.4435172341149
-1.127704584157058,33.92830952692593,73.281584,-54.93475893,-1.41978040792655,0.2049151549371665,128.21634293,-33.42640474,31.86486647,426.8405220966335,-15.464320831828434,25.07059388817245,35.20804953,-95.16086984,-1.0837397635528467,-0.1619375613583524,130.36891937,-35.0815661,9.24194979,1076.189590948404,103.61695763284264,6.434985285932771,125.34483986,86.89813881,-0.6787694777716649,0.0639904789574654,38.44670104999999,98.28774147,108.19505196,1232.3640662975067,0.1356095491834676,0.0681881810396142,0.31281178,-0.00762279,-1.2887286535872549,-0.1256030208252748,0.32043457,0.06605536,0.19204936,406.88924339105466
-1.339016797437686,30.756750003241606,73.1071913,-60.70585039,-1.1556577564692476,0.1517461019854554,133.81304169,-29.62478617,27.54989836,468.0796720346224,-13.732635826488114,23.283405482406177,32.15193152,-104.54393411,-0.6366275953483664,-0.4596481305720624,136.69586563,-30.21292138,6.7752027475,1067.0942059596134,105.19930451970254,7.577147016482195,129.14319496,91.05615883,-1.0745509468400662,0.0713547211320347,38.08703612999999,98.59836464,111.23590737,1185.525638799212,0.1187885434936183,0.0759124271085297,0.33286618,-0.03007501,-1.3454097556558329,0.0792244295643169,0.36294119,0.04774481,0.1852919,383.6431088063364
-2.0386316653065277,32.687969710459775,74.71481916,-63.39575365,-1.378475358267384,0.1814824079175204,138.11057281,-32.57735994,29.73599264,431.3451959058066,-15.92192718170004,24.432396481675863,49.13714575,-96.6202662,-1.0134532081212122,-0.2245717496779134,145.75741195,-34.72080255,7.9032630875,1051.3784276104714,109.7537026223478,7.613484725936336,137.24669533,90.71829109,-0.7305076730513025,0.0504674327306654,46.52840424,102.93076973,115.15415077,1173.977333912425,0.1400404099196291,0.0727017717225891,0.34114953,-0.02266359,-1.2398765521149786,-0.0573697462477111,0.36381312,0.0656194,0.19967875,355.1040683053774
-2.8421785777366027,33.75355913502842,72.15678999,-62.51292589,-1.431977970238912,0.1787359817498173,134.66971587999998,-34.60977915,30.36596319,430.32595918847096,-15.535265151496867,25.01318520127092,33.90451407,-104.1395762,-0.9271045629651792,-0.1965624162474473,138.04409027,-34.31726289,9.1602056,1054.9001328010756,111.36728586989491,8.286913311664152,147.17035561,-34.00051231,66.87226316831917,-5.019535837992661,181.17086792,106.34764748,116.32580452,959.6123074037732,0.1437227531927605,0.0681425266311164,0.34311137,-0.00217323,-1.2103301651428175,-0.1293267903205533,0.3452846,0.07521064,0.19793489,365.7114487585187
-2.06826992978857,33.931446246628454,77.50608656,-59.33691958,-1.414283386630497,0.2045576637804059,136.84300614,-33.8729970775,30.748522487499997,484.9183772159727,-16.18192667970702,25.21996985302762,37.38460517,-101.95321298,-1.039120993954013,-0.1894852867127112,139.33781815,-35.69300485,8.8536677275,1102.6188795785342,113.44454953534036,6.453055795589556,135.24124794,99.08337288,-0.8199320865212374,0.1336221538761663,36.157875059999995,107.80267983,118.14050942,1244.9059022935996,0.1476673962651171,0.0681974074916079,0.34725304,-0.00064735,-1.272029194563976,-0.0989309945950766,0.34790039,0.07826239,0.20360244,396.7414936332237
-2.1634712970376206,30.403052942276137,75.37748548,-60.4202936,-1.0931196969263437,0.1694235245991213,135.79777908,-30.00952509,24.83492491,420.7116491801957,-14.3556807283688,23.54968449483924,38.91811347,-106.32921243,-0.7230061655721243,-0.4363709121321238,145.2473259,-31.52299524,6.2599461,1017.2849617112684,113.23855894508488,8.328670789008253,142.5872715,97.99346047,-0.9365099481652188,0.0912804540785606,44.59381103000001,106.29315071,119.7154377,1126.172761201669,0.1320922918248206,0.0782124382686763,0.35662631,-0.02593334,-1.2573894271866566,0.1372591552214694,0.38255965,0.0606058,0.19989674,334.8918449758875
-2.968364116784634,33.54225277387455,69.36987898,-60.90312365,-1.3959271747742146,0.2047481966938677,130.27300263,-34.33648089,29.74280378,474.0533597727652,-16.305087927466836,24.752513368787504,34.89197516,-105.67090249,-0.928285951791446,-0.2235859102582066,140.56287765000002,-34.91262842,7.99290824,1119.5405710855937,115.56433853601337,6.939543560835068,140.44014626,100.09154396,-0.8672726983698915,-0.0541223742389525,40.34860230000001,109.59014015,120.66366463,1258.3589441347945,0.1516965449224452,0.0698396609528712,0.35597235,-0.00849472,-1.2703812685601128,-0.1380654984650364,0.36446707,0.08000625,0.20774412,418.47091930744887
-2.854211250851542,33.334479294589116,68.82710096,-57.59741762,-1.426005309498338,0.1947688903839904,126.42451858,-34.01822832,29.83435652,391.6316056272541,-16.0840795143753,24.83415343135253,37.87942862,-98.58864999,-1.0421302953356275,-0.1909444143000793,136.46807861,-35.46957422,8.26647687,1041.0958748625794,116.38304970462973,8.52168732662581,151.82428627,-35.34110374,84.28030697363353,-6.115527283962499,187.16539001,111.11057167,121.26856117,919.8179223338756,0.1551498331075949,0.0670588569195927,0.33918769,0.00632811,-1.322961500674627,-0.1283308040041116,0.33285958,0.08719968,0.2116678,382.64917233181075
-2.708245377789422,29.99189743386408,72.57749769,-64.68512133,-1.0849237290745162,0.1699080475571503,137.26261902,-29.760751995,23.874438017499997,427.64954956578225,-14.672387811028647,23.246253712303595,38.0429151,-108.87852121,-0.6899473889159347,-0.4850843989459922,146.92143631,-31.4202721125,4.96730852,1033.870361917618,115.07342333157236,8.378751908130667,148.65264015,99.89536171,-0.8938273527775937,0.1227018292492265,48.75727843999999,107.72093849,121.64458351,1137.7887579386838,0.1403978140563661,0.0795999721287176,0.38627196,-0.01111051,-1.1935175878853748,0.1949827780088628,0.39738247,0.06627334,0.21014192,335.87727611845594
-3.1892229323188044,32.723240969564515,73.9398863,-60.67424181,-1.3446307098505028,0.1985069045274746,134.61412811,-33.29670504,28.49594328,483.0899641139892,-15.581809827245626,24.46247437479915,33.18189978,-98.13633371,-0.97135831036972,-0.2448840348946427,131.31823349,-34.33933282,7.72478985,1085.9077474249204,116.55896323958416,6.6105974133228305,138.65268593,100.39127236,-0.8166874145632188,-0.0452747279138667,38.26141356999999,111.06697731,121.59554176,1216.8157325465704,0.1559061795310181,0.0688631559562112,0.35967806,-0.00217323,-1.349089745814961,-0.1036273206922688,0.36185129,0.08937951,0.21559149,388.9910914882472
-3.0331512923120685,27.491532744653657,71.67613813,-65.01318529,-0.8288939825970649,0.1612786975982903,136.68932342,-27.05258921,14.0970957,417.42177375565296,-13.13169742139747,21.590291512099725,43.51972937,-95.25460458,-0.5553695113155417,-0.5972524127442923,138.77433395,-28.838267095,2.5902071,1030.8984186646094,113.5020410608732,8.373084481053418,145.7916172,99.4811924,-0.929195403665708,0.2718425855204443,46.31042479999999,105.10514717,120.60372048,1132.7338146748764,0.1304457336868202,0.0780714431673652,0.39281142,-0.01961183,-1.0645759557619752,0.4111490526573944,0.41242325,0.05995185,0.20425639,331.99039044202885
-3.2622842214263152,5.621830192794145,53.01790831,-60.46933916,42.90892088094971,-1.6787001426778594,113.48724747,-3.3131831,-3.0123668,438.7959187849885,-3.4275639714195036,5.15635484059712,30.15847945,-76.06122232,57.334344138288415,-5.887080567669971,106.21970177,-3.36181093,-3.01194835,980.6540455143812,92.84052639129902,9.840885614183886,129.48105507,82.89270668,-1.0242599229877942,0.4869078097420846,46.58834838999999,84.08071785,102.39671211,897.2731009603999,0.0499211154737386,0.0250693275186032,0.27815253,-0.04206405,31.30496604268735,4.465716336075853,0.32021658,0.04709087,0.04905271,345.29839924708153
3.80623755964691,35.54161423413888,82.43685414,-59.75871394,-1.4749840578550175,0.1498719778485527,142.19556808,-28.12070583,37.53241612,433.5959026604262,-3.190680740848873,27.02840891277784,54.33977626,-72.1599529,-1.431973496738718,0.0670881193857171,126.49972916,-27.52908017,21.63692019,1068.601225371171,18.878670824679432,5.967805665903139,51.94626955,-3.87910124,0.7070385142631461,0.2162831338560042,55.825370789999994,14.6875749,22.66574244,1114.0220683921964,0.1358790612166978,0.0478449833163231,0.28692469,-0.03786955,-0.4411747288033827,0.2469423832663182,0.32479424,0.0977157,0.16834209,337.0963059491518
4.508558715928424,35.181740588908795,76.82815816,-54.10424541,-1.4772228766161903,0.2323264209889732,130.93240357,-26.92616008,37.27737691,393.2758362939357,-3.679287521468216,26.95397761528278,57.66727946,-76.43132283,-1.4464667963267566,0.0711227185662276,134.09860229,-27.6966545775,20.8094022075,1107.313989846284,30.12003482277956,7.561603897653214,66.24592928,10.65489535,-0.0686018799347101,0.3995365346855332,55.591033929999995,24.56219057,35.128902,1114.116282412352,0.136628925707558,0.04981041909679,0.29237425,0.01052262,-0.6543760580558704,0.5337955240477336,0.28185163,0.09684377,0.17357368,364.375567952946
4.059585103792491,35.751956366492486,75.63252522,-59.48296855,-1.4686436962461873,0.1887849449373223,135.11549377,-27.762941105,37.51388814,448.11700813162776,-4.274905554532637,27.423549676187463,54.5392277,-76.68200185,-1.3860897884256296,0.0321104417074467,131.22122955,-28.65278127,20.6666238075,1081.73541608707,50.89871480571549,8.80192081657976,85.619144,28.10985903,-0.3908023730620744,0.1602925228393147,57.50928497000001,44.44766192,56.99801592,1107.7792825082338,0.1388274083091135,0.0497275959693164,0.29041241,0.01684412,-0.7727556789474082,0.3799586597738954,0.27356829,0.09880561,0.1757535,364.96131569669535
4.497255991860392,35.558116248628295,74.61345174,-56.47698711,-1.513732735660982,0.198789252377583,131.09043885,-27.49400447,37.87464787,473.92740693708566,-3.8963228215927272,27.220944524819757,54.73105357,-73.61934163,-1.4596238194180615,0.0908775702141031,128.35039519999998,-28.25823285,20.7625362675,1089.494757693294,73.24908368902587,8.378309913959965,111.92420534,50.34954409,-0.3893161422865638,0.1632932642840933,61.57466125,66.96527437,79.18320803,1104.5183417648927,0.1400776987088379,0.0474143342349429,0.28518082,0.02403754,-0.5946163540638212,0.5164600449183349,0.26114328,0.10185737,0.1720478,397.6670111780696
3.632964117582324,32.58823185142925,76.64287068,-62.32219051,-1.224549655925895,0.2581290291211648,138.96506119,-25.53434108,33.90627553,434.6234300840885,-4.111172581864297,25.254773847765648,62.10540889,-80.48906972,-1.1490524981700083,-0.012586834630375,142.59447861,-27.32635572,16.72903941,1015.38086976364,90.01529644483247,7.805450785309167,121.29201082,72.0824161,-0.5996634651129953,0.3184324118007673,49.20959472,83.62460665,95.59730105,1065.0287093839954,0.1248047753948016,0.0620416034824385,0.29084837,-0.03590769,-0.527937959186541,-0.0257737510378254,0.32675606,0.08550867,0.16812411,355.17263376942054
3.8779641802371767,35.1197245385877,75.15296437,-60.14890407,-1.4963071506991152,0.2021927824370364,135.30186844000002,-28.0149834,37.4907272,418.219454175205,-3.986100727039972,26.818363970138662,57.82858775,-71.07439687,-1.5251083645939432,0.1076292590983712,128.90298461999998,-28.68329885,21.5341946875,1085.6939493942075,104.00877023690708,5.644727753378895,124.13123659,87.37390474,-0.2441393221123071,0.3115105777170251,36.75733185,99.97875551,107.70624117,1264.5784408802244,0.1392923135790752,0.0457035371452972,0.29041241,0.02883316,-0.5510216029127757,0.5069267303530243,0.26157925,0.10163939,0.1720478,362.2725593515048
3.5844432430818487,35.02431153235901,77.44178273,-61.60284923,-1.471620117044536,0.2389192891839694,139.04463196,-28.10217593,37.22833135,414.9355477599902,-5.337265448657904,27.064171566656743,55.58990596,-79.6607311,-1.4195896568760464,0.0402475583522704,135.25063706,-29.62062337,19.64455722,1075.9014371670935,113.33629992331922,5.787011229593444,136.30557589,96.29484896,-0.2192422577593893,0.4027430062812991,40.01072693,109.10132937,117.06315188,1242.055761974904,0.1422189031584785,0.051023471900918,0.3030554,0.01335639,-0.6614123901192395,0.4842215049902409,0.28969901,0.10098544,0.18054913,359.29844754738093
3.725678699575202,35.41926092460558,75.11808278,-57.39796184,-1.518284324250759,0.2077298504422501,132.51604462,-28.526969655,38.07955434,489.5395409140288,-4.7916493140474214,27.318302551746864,54.49890254,-73.76975515,-1.5124454217876464,0.0990560753323982,128.26865769,-29.83424642,21.28160785,1100.4116033669775,119.64939719834796,5.0276736099259045,137.60257296,105.73894838,-0.2348866088820638,0.4228247454576648,31.863624580000007,115.92419008,122.79064516,1257.0535102237611,0.1461412246375242,0.046186284382016,0.29215626,0.02403754,-0.6085673415438251,0.5225829504788586,0.26811872,0.1090508,0.18054913,388.99258016286416
2.39452280163654,32.390664268399256,75.84070088,-60.9347317,-1.2417713915558484,0.2487130434617774,136.77543258,-26.97956584,33.42780187,427.6529058979715,-5.047738185426636,25.128927588998284,54.53378032,-78.19153096,-1.1901366173889183,-0.0021374498538976,132.72531128,-28.45986631,15.8132393175,1016.446622463773,123.40278905957445,7.381154638422942,150.30551485,106.09317354,-0.2893918628272942,-0.1215274752242048,44.21234131000001,118.94870333,128.32604555,1138.9066183573968,0.1351174995622395,0.0624752692040708,0.3006576,-0.03808752,-0.4795422481570051,-0.0960741806670422,0.33874512,0.09793368,0.17945921,338.2278815374975
2.888630017451741,35.03540038842345,80.58835866,-60.11838649,-1.4921551602417036,0.228367906203329,140.70674515,-29.1310551,36.60489919,391.76783374183816,-5.416500276875258,26.99253912738964,54.65585063,-78.77899434,-1.5005687924042657,0.0846735308619033,133.43484497,-30.09255674,19.89087794,1106.5577750533096,127.12533863567268,4.956083926204232,145.60252718,113.47733645,-0.3502872515757831,0.457196546105978,32.125190730000014,123.27020601,130.26199679,1316.884851606539,0.1543375300274359,0.0474459030563731,0.30392733,0.03929633,-0.5805804531251524,0.5404414058934996,0.264631,0.11580826,0.1883965,370.68401735291394
2.3209164744179382,35.08711581674883,73.68921162,-58.44537089,-1.4971767286859103,0.2160641559596216,132.13458251,-29.73159717,36.188279882500005,425.9359641512444,-5.850048380340947,27.19644169037694,53.47765468,-81.6149471,-1.469493311295922,0.0690742521053733,135.09260178,-30.62770345,19.64128802,1090.8450098850374,128.92308886855835,4.923704535726373,146.58345369,116.62718538,-0.3793595470209747,0.4425077486820219,29.95626831,125.07401613,131.99496798,1301.2217357599147,0.158624232636638,0.0478448672242715,0.31003085,0.03537265,-0.6254397289936167,0.4742742657253328,0.2746582,0.11994993,0.1934101,372.9679093631578
2.1152807294936165,32.67771978676448,75.91916921,-59.03610347,-1.2395090878236263,0.2726466287354593,134.95527268,-27.57138942,33.32099034,412.0872927953804,-5.8022681912116445,25.44756048678092,56.24167369,-81.46454122,-1.2106074169166945,0.0159973562589015,137.70621491,-29.502640985,15.22032664,1025.3109462045763,129.63484951855744,6.906197374291508,152.65971712,112.82883791,-0.2070745483292708,-0.3019608376043828,39.830879210000006,125.96229128,134.06579928,1166.7931175471342,0.1484794998607528,0.0622664772353143,0.30894093,-0.02653444,-0.4862104751238671,-0.0747961875694325,0.33547537,0.11210256,0.19319212,340.3075801253369
2.1031543331449907,34.91591310529514,75.59437825,-59.60830806,-1.4773714519917156,0.2363399329998468,135.20268631,-29.70761989,35.57711293,472.6321945692103,-6.277111728337468,26.954096984519143,51.76104091,-81.07216909,-1.482105137363554,0.0774465680997027,132.83321,-30.82388951,18.86526988,1092.9531593665952,131.63425945757135,4.989502110445705,154.73056368,119.27022127,-0.2158057931239252,0.5267048812947489,35.460342409999996,127.76065401,134.74155001,1310.1427833964842,0.166300945018936,0.0479591591334837,0.31787823,0.04714371,-0.5973912884043195,0.5113467156153189,0.27073452,0.12692538,0.2010395,380.9585162810944
1.4146736772596566,33.450025594964934,72.54915883,-57.71403621,-1.3902037069958963,0.2540850876263674,130.26319504,-29.21606753,34.28420331,465.4688441400307,-6.192413291200289,25.954664077829484,53.05367778,-82.97951772,-1.3878705743645228,0.0607820987795491,136.0331955,-30.45440747,16.8442971475,1110.532280475736,130.99174848939091,5.977087275796877,158.69240145,114.53999666,0.2123480961134682,-0.0924777404666532,44.152404790000006,127.1993442,134.70885042,1231.6157421327991,0.1623531618156279,0.0543682375616864,0.31046681,-0.00168441,-0.2670343509989084,0.0421253574485506,0.31215122,0.12648942,0.20212941,388.1293908651679
1.1004648807121524,33.51158141561675,77.90499379,-59.8164799,-1.3669842060325086,0.2336868701672814,137.72147369,-29.4762852,33.46813084,427.0820431911812,-6.526587674899215,26.049236802250928,61.50159572,-81.00242116,-1.3732515454718397,0.0544151885510436,142.50401688,-30.74759557,16.65819476,1065.5850891716989,130.52233356757523,6.1182029081580165,154.77415804,113.08496432,0.1651779542036027,-0.0980468885649149,41.689193720000006,126.62169222,134.37097506,1202.0819602458184,0.1684488833217157,0.056122531809103,0.3296493,-0.00364626,-0.2133336913007935,-0.009681519808501,0.33329556,0.131721,0.21019477,343.7116690347078
0.6123436786280726,31.749251697781386,72.67667653,-62.14235805,-1.201625941816915,0.2692716680192997,134.81903458,-28.305717215,31.060237185,417.92921800878617,-6.35554755864189,24.70176553276561,68.56096385,-81.28579213,-1.2548506501257086,0.0542203109472762,149.84675598,-29.78629186,14.4606566275,1052.7173099537088,129.01591523433734,7.1118149755522095,150.37636141,111.83156161,-0.2872647065915266,-0.3251729169095252,38.54479979999999,125.25384859,133.74972872,1169.8018824236212,0.1612899125987332,0.0610950631351073,0.33771465,0.00093138,-0.3977073847300501,-0.0259845713537215,0.33678327,0.12714336,0.20561713,345.18325425521033
-2.1977062120236295,18.043152761744263,76.48919942,-58.93037913,2.3949249210185135,0.8943576658014157,135.41957855,-3.98347972,-2.73225902,440.65048399301065,-4.6840697221979255,14.277104249277446,55.36865352,-66.62645986,1.6289440827582586,-0.2379011756871517,121.99511338,-4.88285663,-2.5602509,1008.0428876912982,114.32914973342903,12.330850401204795,146.43631319,94.8180118,-0.7992276968551879,-0.1364965554009151,51.61830139,112.96507601,124.36557345,999.4674834102772,0.0912168734545961,0.0582384361019069,0.30261944,-0.03503576,0.7446934404779233,1.285888264438204,0.3376552,0.05847881,0.12605345,343.92575192946856
-3.952984884605789,0.0741588528768884,-3.70773194,-4.17966436,-0.4969105599768397,0.0372340293092837,0.4719324200000003,-4.00527833,-3.90064643,522.53614459836,-3.964703123963244,0.056582400801111,-3.74280717,-4.2267287,-0.084445525561922,-0.0258566237946108,0.4839215299999999,-4.0032964,-3.92591264,1098.8482721520115,98.20109210873584,0.7831469316940789,99.12317232,96.13135866,-0.3866845038108684,-0.9747821694027268,2.991813659999991,97.68448977,98.82344393,1276.6023677161354,0.0620340667381772,0.0015326961705402,0.06719812,0.05782487,-1.6948327754511712,0.0983910902823945,0.00937325,0.06044066,0.0637104,743.1641083563791
-4.0811906647128735,0.0609832469738665,-3.88647769,-4.29301522,-0.6195021289307356,-0.0208104862507666,0.40653753,-4.12625859,-4.03470586,539.7498031884924,-4.0337890285924,0.0676549015236896,-3.74389698,-4.31828143,-0.2182227666702663,0.1463963371709373,0.5743844499999997,-4.0817702,-3.98803761,1073.511623955584,95.7759495477535,1.9071714973389424,98.69266085,91.86980013,-1.1796462222893709,-0.2671943810998153,6.822860719999994,94.18041567,97.55914644,924.312584401196,0.0662886991606117,0.0015819277698189,0.07068585,0.06196654,-0.6066726499116579,-0.4476507296563836,0.0087193099999999,0.06480031,0.06719812,717.9033777229955
-4.146888366243707,0.057262129006918,-3.96168159,-4.3235328,-0.7397254293962674,0.0067323406772786,0.3618512099999997,-4.19165347,-4.10228036,562.6432890264726,-4.063212901506514,0.05385878020752,-3.7907634,-4.30302264,-0.0411416919193876,-0.0067339880255195,0.5122592400000001,-4.10029866,-4.02618458,1094.8553715436933,87.53981700296792,2.626055074561416,92.30576662,82.83986239,-1.1975953045584484,0.0045985373255211,9.465904230000008,85.30852083,89.77716402,803.7717526976468,0.070574699685898,0.0015045177297617,0.07417357,0.06698014,0.8267190921080712,-0.0126830276393871,0.00719343,0.07046786,0.07068585,702.0119895120471
-3.7333973511286422,31.473772352769892,65.47092701,-79.11046337,-1.122939025716271,-0.0709179738527617,144.58139038000002,-21.44531559,22.50980831,415.5039422476678,-16.654196843572038,35.008654720281186,58.59085578,-110.2487362,-1.2022613129530035,-0.2201803524590471,168.83959198,-42.2907226625,18.58884925,953.0252477725554,16.25788459072956,7.001041469131261,49.34908164,-2.56894815,-0.294453723101288,0.3810755944332391,51.91802979,10.96777785,21.44184554,1060.514112788704,0.1499725639017108,0.0796664959358297,0.37688768,-0.0403312,-0.8057464876027671,0.3747850508134814,0.41721888,0.07825139,0.21187478,311.99983249787107
-4.017497737329184,31.66007258181109,60.05406071,-65.83749127,-1.1101088077515155,-0.0884573267092451,125.89155198,-20.649950735,21.15831447,403.7980870680657,-17.379468291216792,35.176180508006524,40.47104377,-116.43400079,-1.1275367203110411,-0.3108862716111336,156.90504456,-42.77328378,17.67005271,1017.89613126226,23.68495588365413,7.640818394298482,56.92397941,5.1476394,-0.4899287901533253,0.3303639073745959,51.77634001,17.78518546,28.94590056,1121.4130629571123,0.1501285588423832,0.0829431552498129,0.39824999,-0.01831496,-0.7954173173829133,0.44839850783863,0.41656495,0.07410971,0.2166704,410.1044076507448
-3.889185818768416,31.883946061471097,61.43171192,-66.48054241,-1.174290884492306,-0.1147958777395681,127.91225433,-22.201170675,22.857763535,434.97086164128154,-16.246924981088554,35.93005188149893,49.03449363,-121.60128289,-1.1476505254370124,-0.2196589283537522,170.63577651999998,-41.61797601,20.58557052,994.8452186261876,39.389178304450525,8.291849147556377,70.25362266,18.30289519,-0.4458581465504405,0.2089099470393906,51.95072747,33.11482108,45.02757514,1118.3609502330758,0.1529535435685486,0.0762843736137474,0.37972146,-0.00087634,-0.7681878811786613,0.4827211078330232,0.3805978,0.08588078,0.21601645,422.2326787753287
-3.378946852515445,32.16242768867965,62.34396625,-64.35629772,-1.1469727731353856,-0.0257570156476061,126.70026397,-21.3137080625,23.4365069925,437.9197149265115,-16.62925731251261,36.25475882815113,50.68680305,-115.70266992,-1.2456623320462037,-0.2236572837455955,166.38947297,-43.33567697,20.068134965,980.8685999711308,58.21497169441136,7.835058598302248,90.28623069,34.78238547,-0.4773838288101286,0.1769186893941653,55.503845219999995,52.41173804,63.75228751,1111.6634905352046,0.1565543591674204,0.0750518283743018,0.37492582,0.00544516,-0.8483973515153154,0.35560829489582,0.36948066,0.08762464,0.21427259,336.86468913886324
-4.09193207533094,31.683019310156325,60.0584209,-64.85875439,-1.114523935192188,-0.0950491144297312,124.91717529,-20.83060383,21.27493549,408.4363008127091,-17.753275240229566,35.45066586658572,44.08301658,-114.65307885,-1.111145574944951,-0.2972203210829136,158.73609543,-42.83867913,17.71691913,1014.8094704658776,74.90117251251783,7.482318579965761,104.54230369,54.72780478,-0.2503755432626557,0.1960073196359547,49.81449891,69.69231284,79.80671561,1159.438711129985,0.1546924803223927,0.0801874429736688,0.38364515,-0.00371011,-0.7546143613298537,0.4612545106877898,0.38735526,0.08086718,0.21710637,406.4738676707081
-3.2423703330713924,28.51626128141548,62.17394138,-67.72195172,-0.8149007144929281,-0.1743671076158399,129.89589310000002,-19.3406918,18.04252506,394.469485483517,-14.244706598311003,31.99942095606555,52.62466926,-120.05250817,-0.8151013737370691,-0.4245734584390354,172.67717743,-38.69264489,15.2125701325,919.2803269205936,87.39479567234117,8.454828470890742,123.67027915,69.93754447,-0.6133809654062299,0.2956366155579773,53.73273467999999,80.49336112,93.19630301,1054.396239597196,0.1328897827132038,0.0856083108848016,0.40936712,-0.02965005,-0.626786642696894,0.4619819329437594,0.4390171699999999,0.06539041,0.20010372,358.535894900208
-3.806173110153378,31.8514840420098,63.36630512,-66.11977886,-1.1132639915859184,-0.1204393818697062,129.48608398,-21.34395336,22.45204235,437.265461971554,-16.521131159130434,34.72182978134311,49.912965,-113.53809625,-1.135621256971532,-0.3046424431215442,163.45106125,-42.31225091,17.1951226625,1005.0625655089616,99.45620374414963,7.31005656174732,126.76018393,81.12550986,-0.4547303824136759,0.3933630435326176,45.63467407,93.76305259,104.4823519,1171.230864300357,0.1532354906609204,0.080902120011515,0.3829912,-0.01417328,-0.8988023900659265,0.3875786686465765,0.39716448,0.08086718,0.22233795,339.07590860872193
-4.244505163889907,31.993536137418666,62.26004291,-71.19441723,-1.1476751157984135,-0.1706374423608572,133.45446014,-22.69326519,22.433786635,409.16643746002154,-15.669067595038786,35.46613319437593,52.9832508,-122.6901043,-1.1349458418967708,-0.2456213140243124,175.6733551,-41.7531231,19.42045325,984.5540081025076,107.06480130074203,6.7576814987217615,132.6457125,90.32982505,-0.6129553092456366,0.3087422882725574,42.315887450000005,101.80116904,112.25888694,1169.8332097341308,0.1557761222316459,0.0765211682462078,0.38691488,-0.00349213,-0.8852627240492486,0.4469541100376965,0.39040701,0.0893685,0.22364585,414.15270816743697
-3.4586330816194373,32.57072923492786,64.57393146,-67.68707775,-1.1504080840929083,-0.0950323312256238,132.26100921,-22.40117001,24.01933933,437.04953993204754,-15.72409433843234,35.99212466786705,53.21104163,-114.17024499,-1.2184974341078867,-0.2470701769512442,167.38128662,-42.93350106,19.34089011,994.1911209124688,114.33305118789777,6.568971831989143,139.81189597,96.73851645,-0.4292176622213213,0.1671888930334306,43.07337951999999,109.35971702,118.99455131,1145.1027835048874,0.1626474494363493,0.075050629607143,0.37928549,0.01198465,-0.90671502264082,0.346887176719602,0.36730084,0.09590798,0.22604366,382.0532235290061
-3.7777322255000305,30.26890500800886,60.34615589,-67.49197888,-0.9345242258177802,-0.2156592467614692,127.83813477,-20.28346752,19.19974018,459.6934695581361,-14.94797755608273,33.517438133185124,55.33092612,-122.11027032,-0.8894878646221995,-0.4021001164067137,177.44119644,-40.57165795,16.52564353,993.6820935011054,117.00436394681094,6.746653788612402,143.87727988,102.63495505,-0.5745031023801919,0.1119189599609087,41.24232483,112.38967765,121.96456778,1144.4377428120667,0.1500528466676886,0.0829049745418294,0.38691488,-0.02921408,-0.795294325254738,0.3822811917257315,0.41612896,0.08326499,0.221684,350.22427005604976
-3.939901738296783,30.78224649006303,63.21153904,-69.52248882,-1.0117996903291182,-0.1463279984756672,132.73402786,-20.99845051,20.33134342,435.15231130904255,-15.421251083805512,33.86796958085938,52.50042075,-119.8857525,-1.0588543036873277,-0.3362903042501857,172.38617325,-41.15394288,17.1883108,979.1896771414137,120.1508450771452,7.668004260728323,155.35951865,103.28345359,-0.2917571876263483,0.227214983782313,52.07606506000002,114.86923087,125.76291526,1108.147902354325,0.1586572676386994,0.0840068825451758,0.40566141,-0.02202065,-0.8258510850880967,0.3425407061575714,0.42768206,0.08827859,0.22778752,342.63797588071554
-4.598031982595736,32.04201888794484,61.60391498,-70.03365826,-1.1334986011554402,-0.1661134207291356,131.63757324,-22.592177145,21.74359966,472.6421434497637,-15.819654137391616,35.20966173033633,46.80671043,-123.04759484,-1.0746053710939536,-0.2995382948743338,169.85430527,-41.63786393,18.72072906,1049.495424858838,122.72346733525944,6.674024018189699,150.31867087,107.446921,-0.6539442415086714,0.4064366141125418,42.87174987,117.40872825,127.95909751,1208.522442952518,0.1686692602977878,0.0786330316544176,0.39171049,0.00282937,-0.910623046446565,0.4548916945050785,0.38888112,0.1007036,0.24021253,376.3064834482484
-4.195613778474345,32.47582041833614,65.82624317,-68.7214024,-1.141493780136066,-0.1110614608080659,134.54764557,-22.81097721,22.97302128,481.1176359059311,-16.150838829606474,35.69642314465292,55.27752036,-115.95116692,-1.183629249169788,-0.2754854260400367,171.22868728,-43.30107194,18.69130153,1061.228467352661,125.18678072444892,5.915539233259591,155.68648398,110.11176169,-0.485102529555224,0.2820574843343318,45.57472229,120.62397635,129.57761252,1193.5122118340032,0.1740529736193297,0.0751350798384662,0.40042982,0.00457324,-0.9328237754114124,0.3599205044328559,0.39585658,0.10767905,0.23759674,394.1287248226912
-3.906955095363171,29.202567921814037,62.85731769,-68.00969433,-0.8042748611934867,-0.217179419310425,130.86701202,-20.11480259,17.43516994,423.1011786934964,-14.130658746553786,32.477497567525205,65.75376624,-121.83452111,-0.799693357053942,-0.4543381834915176,187.58828735,-39.34877282,15.9035748825,961.3795170629032,126.02831891385598,7.582142269120947,157.57204307,110.45508445,-0.5516075016329571,0.1609054978521316,47.116958620000005,120.82560599,131.52855552,1115.7738520999271,0.1565800485118655,0.0866002161174668,0.40675131,-0.00850573,-0.7338658400073843,0.4334279893204828,0.4152570399999999,0.08871456,0.22713357,333.99078702806014
-4.689495770684452,32.1289724554901,64.39736439,-71.04836773,-1.1345222890769773,-0.1475631499263163,135.44573212,-22.7632930225,22.18583084,488.9549933314009,-16.084622417384487,35.11066848474662,60.17450065,-123.58928185,-1.08908487747454,-0.3148318001692939,183.7637825,-42.22287637,18.1749553125,1037.172023312829,128.52367549670217,6.985397106653244,156.11701072,114.00820029,-0.5605088758310481,0.4739342937539232,42.10881042999999,123.0749155325,133.85007346,1193.4029085425816,0.1788390958551915,0.0790726554877015,0.41154692,0.02484562,-0.8909697396375309,0.4397753758533845,0.3867012999999999,0.108333,0.24784193,371.1673790469678
-4.328203642083978,32.118583854078764,65.55049396,-68.33448528,-1.1526200384662175,-0.1299697510348332,133.88497924,-23.00280117,22.47275043,482.8278462568166,-15.746375516559304,35.295879634110804,50.08626288,-124.79364282,-1.1824299068070037,-0.2696495006135509,174.8799057,-42.65884286,18.76323623,1050.4842789862932,129.71006663007773,6.002960086509097,154.25325644,114.85832847,-0.5300022292691455,0.2996494305740393,39.39492797,125.05991996,134.08440268,1202.5078783833055,0.1829462840651684,0.0742218600215943,0.39628813,0.02855133,-0.8836150178917372,0.4083625893849044,0.3677368,0.1183602,0.24675201,416.8178634496523
-4.209237975945141,28.5934328268309,61.89819217,-74.28432202,-0.7819252157312424,-0.2239820642963771,136.18251419,-19.83442234,16.53926159,412.7222157237099,-14.08597453223778,31.34835610064209,60.94833869,-121.97947961,-0.7769380068682046,-0.4721552685655809,182.9278183,-38.5577695975,14.64772243,949.5647591485488,128.3459308266903,8.083347360365757,165.83357871,113.86105979,-0.4338625990084526,0.3300357457454455,51.97251892000001,122.48227561,134.17159141,1084.731797195093,0.1636126003828701,0.086869290914795,0.42113817,-0.01678908,-0.7909207192667753,0.4431930452871574,0.43792725,0.09481807,0.2356349,322.73807789908346
-4.856951961839118,32.154588380562394,61.85023762,-71.68488049,-1.1396845821777557,-0.1626419710382013,133.53511810999998,-23.248305075,21.93978382,431.53800131328086,-15.81327702854176,34.78091931184647,52.52548713,-118.87540704,-1.1180667773438415,-0.2871129430042839,171.40089417000002,-42.1468551725,18.01119536,999.8736268064754,130.13526641917665,6.304262202241479,160.19873679,116.00819266,-0.3506994411935316,0.4285820287703841,44.19054412999999,125.22885764,134.77649558,1186.5805548153446,0.1873565047055847,0.0757134369060585,0.41002104,0.03683467,-0.934910429023089,0.4214690654906104,0.37318637,0.12206591,0.25481737,368.5215321106653
-4.196809163868215,27.59432173366828,61.34451557,-72.02057385,-0.7230757509783192,-0.3017705677522539,133.36508942,-19.52597737,15.48313595,416.12371093997064,-13.005399555179018,29.810871227077698,50.6105091,-117.41819268,-0.7678348842705174,-0.4816734810881434,168.02870178,-37.33025247,13.3594448,935.165651157298,127.7156935797456,7.6328082387169,161.49573386,113.67032493,-0.5513901851995882,0.3760648770400381,47.825408929999995,121.89372123,133.33235801,1078.2607212582614,0.160850167324125,0.0832251674983383,0.42484388,0.00588113,-0.7146364168140327,0.5033487912110054,0.41896275,0.09438211,0.22582567,322.12858034085906
-1.90777103364976,6.995169121129295,59.10256458,-75.21401715,38.48665284862344,-2.7869237852571405,134.31658173,-2.01978587,-1.34730934,417.1003753697016,-2.017807823918459,7.454865574624159,56.72492332,-110.95826989,34.23462767119433,-4.0723386845372245,167.68319321,-1.77618485,-0.99035722,900.1523734501108,107.66392866673588,10.01613158187456,143.89362205,95.39247764,-1.2947169040581583,0.0150515217960345,48.50114441000001,96.57503379,115.23979819,878.3909249179521,0.0640628373626803,0.0315565578846825,0.33656088,-0.02245661,26.938217248720154,4.44100615699053,0.35901749,0.05754303,0.06277462,332.45661242512523
-1.802177524447049,27.662779191501116,76.47349702,-61.21092071,-0.8339275049679498,-0.0483873683807761,137.68441773,-20.50046958,19.767202485,403.7658132872058,-15.378898495039032,24.533783547556833,44.83265892,-100.47679313,-0.9230470328815524,-0.3798602757768604,145.30945205,-32.5839003,3.88460604,959.0821449511668,28.875921079649835,8.867367299402801,60.94185254,-1.18866626,-0.3332508410353774,-0.0926616257432805,62.1305188,22.6313934,35.13814923,1004.023174511194,0.1044178952346721,0.0845594348758269,0.32934543,-0.06106158,-1.3063363929442813,0.1703546050741568,0.39040701,0.0261315,0.18177115,355.2721685159379
-2.3594813824387364,29.871580227142765,59.45013581,-55.04418792,-1.1421656770284483,0.0007297853648943,114.49432373,-34.94073333,23.51132928,368.8564273471084,-19.417170025814972,24.45617375566256,28.45016686,-94.94875511,-1.0429833160881734,-0.1099190593172085,123.39892197,-37.61712059,3.71239964,1013.457138029475,37.15209671354371,8.003795232279606,66.67479703,-16.14227966,1.1307011287113644,-0.2416875125259202,82.81707669,31.46514126,42.82749173,1013.5102219522888,0.1203025065481585,0.0789239570212501,0.30841909,-0.05517604,-1.29457786233339,-0.1143479335457954,0.36359513,0.03986441,0.18896458,325.07046252910243
-3.2681551194269938,30.2756223981746,57.58856355,-56.67579116,-1.2726244198239909,-0.0843875284495562,114.26435471,-35.8570789275,23.56909333,415.2357571528254,-18.78795511649008,25.28234362381905,33.80382363,-97.86427482,-1.004241102234518,-0.0272819598201468,131.66809845,-38.61003288,5.6164786,1011.0071461411154,51.04926706163009,7.686422756276137,81.51396939,29.93381306,-0.1000684598478276,0.0341395399445251,51.58015633,45.87924954,56.03724286,1100.2218483192134,0.1205415317718542,0.0733880754155958,0.3121248,-0.04863656,-1.1795351098272928,-0.1457667392838922,0.36076136,0.04683986,0.17893737,355.6574082496758
-2.015682874178406,30.203970627821757,64.53240357,-54.98097457,-1.2086025596423546,-0.0013576422129331,119.51337814,-34.73473968,23.09716187,386.9205169616685,-18.62892570374147,25.27584171223199,31.21091858,-95.13621696,-1.1191906517248356,-0.0300387950697267,126.34713554,-39.3484486,6.65189663,1014.9413460631288,68.09154085180955,7.821342854494841,116.35305783,46.02093503,0.0196753380542999,0.4750868315318379,70.33212280000001,62.30424496,72.8382568,1066.816011058613,0.1225236812784363,0.0720154849891814,0.30689321,-0.04493086,-1.2537231563175169,-0.102787779442149,0.35182407,0.04945565,0.18569484,334.80377757985804
-2.5456708815766973,29.775096072955456,60.76021348,-55.51939239,-1.15739226950918,-0.0354213520266761,116.27960587,-35.42329444,22.89116822,485.4939749090072,-19.86434570665037,24.60153684610183,27.23055474,-97.1994265,-1.0272916656038595,-0.1144069108793438,124.42998124,-38.4509066,4.07861058,1023.324564029124,83.11275679985776,7.904094788823811,110.62555691,62.90914914,-0.4845568043901194,0.2269668422047269,47.71640777,77.19245907,88.58206174,1123.4823602915546,0.1205323682474196,0.0765855285723085,0.30907304,-0.03359576,-1.26532642138665,-0.0945611668649021,0.3426688,0.04117231,0.1861308,342.7920900421118
-1.905745387134076,27.565813333038115,66.25773774,-58.18314208,-0.8480156078086201,-0.0972239127207598,124.44087982,-20.36750068,20.18709146,422.1013520973912,-16.387230065237198,24.19081246545629,32.83706871,-98.21958336,-0.8530814472310064,-0.3934246935683113,131.05665206999998,-33.7097834,3.5573596175,930.5700367552632,94.42574102971528,7.968243956608403,120.48927304,77.56848141,-0.5398282243433745,0.4556607720342854,42.92079163,87.64472958,99.55748746,1058.2622219538612,0.1042731136158179,0.0820316106765421,0.31321472,-0.05474008,-1.3119640901367349,0.1968440264990732,0.3679548,0.0261315,0.17784746,335.0634160297427
-2.705082955105262,29.93724557423153,61.30952989,-56.61584319,-1.1250896542064903,0.0129603612926423,117.92537308,-33.56199492,22.97400056,395.26992509797014,-19.333225993375823,24.317748456012815,28.91774002,-100.08224662,-1.0187431551708377,-0.1529967011222247,128.99998664,-36.8233917625,3.22084872,1051.0157487909237,104.2701746159104,7.250674535314911,127.36662289,88.21693417,-0.64151970876053,0.2998402780741765,39.14968872,98.794548,109.44300076,1190.5843801730337,0.1179216158941501,0.0778151758056843,0.31147085,-0.0455848,-1.3216732041734969,-0.0655452528042541,0.35705565,0.03964643,0.18700273,389.64967713394594
-3.598614863158939,30.707519411036863,59.55367814,-61.86377944,-1.2388383375441074,-0.0865873556328085,121.41745758,-34.4355605975,23.37944947,379.1789344734421,-18.845545609716435,25.39160447846761,33.68829171,-101.77924522,-0.970701407489412,-0.0923097985848823,135.46753693,-37.19423469,5.4442722,1016.4794912712438,111.36729394963412,6.151669221078626,133.82981869,94.887207,-0.145852420438147,0.2523435743378418,38.94261168999999,107.32856747,115.21409604,1179.0661034397856,0.1221503243235922,0.0728510986827963,0.33370509,-0.04166112,-1.2723058586261362,-0.0872964500470041,0.37536621,0.04945565,0.18198913,395.535898049104
-2.8437505442676687,30.488405186086627,62.03323136,-58.7171997,-1.1510736189684398,-0.0116645123357754,120.75043106,-34.1426443025,22.90206681,443.5761579203024,-19.408506742145313,25.105035701302427,33.22289864,-94.80270561,-1.136449239196391,-0.0883260623337831,128.02560425,-38.44736465,4.81321207,1010.2292070540504,116.4158448033916,6.351515109264984,139.67720029,101.7427673,-0.2577960315306304,0.6048621127330125,37.934432990000005,112.038358655,120.40753171,1189.0584802847825,0.1240472704881343,0.0733453652856897,0.31081691,-0.02509444,-1.3263694574822475,-0.0474309934169292,0.33591135,0.04989162,0.18983651,355.4766095774754
-3.0422948615118433,27.7586153014173,60.20871888,-64.8599533,-0.8439663837346814,-0.1432683240097757,125.06867218,-20.59311332,19.672380555,441.911215507722,-17.059779080401665,23.89734637146481,35.16294304,-100.38851341,-0.7847703844200944,-0.4383428222699192,135.55145645,-32.7212313,2.31949011,954.0996599054812,118.49903446832722,6.820878151039475,142.38563534,106.22230527,-0.5923158570289653,0.5201824691319764,36.16333006999999,112.6037521,123.4919891,1112.7036627436078,0.1075424315245313,0.0809999623636909,0.35266958,-0.04035323,-1.3406836885999165,0.1933802296796793,0.39302281,0.03005519,0.17980931,333.71581109276167
-2.751901578976998,31.42109633430466,66.80705415,-64.33134307,-1.113649485084346,0.0420418644985213,131.13839722,-33.5791591575,23.35765038,415.1735785319379,-20.553136304423383,25.680376721322567,45.47788826,-97.37925895,-1.0633687373173262,-0.1325091819460416,142.85714721,-40.15089782,4.15163485,1015.9565899111456,123.21731175727324,6.903482327181375,144.31478879,109.21957394,-0.5374466285096573,0.4078712302550296,35.09521484999999,118.43479153,127.75355527,1191.154668447046,0.1337763626529815,0.0782101530377565,0.33959062,-0.02400452,-1.26517037103726,-0.0167299324407147,0.36359514,0.05468723,0.20444135,372.0324268271822
-3.88664424450688,31.76731805157786,62.95420991,-60.74988784,-1.1954237061426798,-0.0127528457656509,123.70409775,-36.5895008,23.51895867,471.76675921219623,-19.954872830463874,25.89006530477219,31.12154595,-106.58030876,-0.9989539855752634,-0.1101414401344902,137.70185471,-38.63401207,5.0246555,1017.8970147739276,125.14523643443624,6.13348021890503,146.95237729,109.93346402,-0.2114499979610804,0.3940119074928814,37.018913269999985,121.13777157,128.88160702,1191.9311608555415,0.1351898639274366,0.0741538876843622,0.33784677,-0.02705628,-1.268334340795498,-0.0849136640422967,0.36490305,0.06057277,0.1974659,345.13460917611724
-3.3415110948783293,31.36777073846272,64.45393144,-58.2801422,-1.1144230392409329,0.0386137156845606,122.73407364,-35.98705138,22.75383912,390.5461497042604,-20.478291831357577,25.55591337754611,28.70629708,-98.38089164,-1.108384873730107,-0.1231414650837025,127.08718872,-39.4187487,4.46117035,1036.6211785467117,127.3360799698861,6.512648999925225,160.99591061,114.17868039,-0.1331854256101863,0.7244494731760404,46.81723022000001,122.65275571,131.53010556,1191.2065575918896,0.137311225447689,0.0743580449988217,0.33959062,-0.01027161,-1.3549868066336097,-0.0336238916169808,0.34986223,0.06100873,0.20356942,357.19555800857887
-3.2265212644625274,28.72820276803155,68.30895387,-76.86316527,-0.820395158490661,-0.0324405773403494,145.17211914,-22.30863608,19.72823869,432.2764755981726,-17.80911300896453,24.91484889592951,54.43479744,-104.61628898,-0.8479212958945896,-0.4153877033579477,159.05108642,-35.03920349,2.61158696,935.575408673304,127.49540703126377,7.357148643235642,151.58995053,113.3067474,-0.5354752626807162,0.436934672185088,38.28320313,121.81896969,132.47831723,1106.188073840474,0.1234219930899917,0.0829485180551755,0.35484941,-0.03773743,-1.3309998511387438,0.1792282943085216,0.39258684,0.04574994,0.19942775,341.1283570618921
-4.706185294139486,31.562929293007976,62.64358293,-61.72754134,-1.1496995702554755,0.0116284046006907,124.37112427,-36.73691024,22.1868110775,348.2834287498041,-20.291659341718276,25.741355713744372,32.0338041,-104.08549675,-0.9841508743277512,-0.1393015914375132,136.11930085,-38.76807197,4.12329689,957.7463037769874,128.73550788443777,11.667275258362508,173.02310177,-40.147625,85.94537794925391,-7.782406866134512,213.17072677,125.25219723,133.41020199,803.276962797707,0.1418329149815819,0.0751975981810284,0.34286037,-0.0141953,-1.291996527084204,-0.0634662036255296,0.35705567,0.0664583,0.20705714,345.09299480417997
-4.105333946213397,30.668887842922057,62.73949586,-59.96079101,-1.0624036296055366,0.0108375641849618,122.70028687,-30.305876625,21.55275308,449.9710894600698,-19.8831777261571,25.232863793936794,29.17713944,-109.3312548,-1.0139668334916403,-0.2005272590901,138.50839424,-37.70431312,3.4799756175,1019.9571111017268,130.35800467277824,6.419817855290628,151.83518979,117.09419247,-0.2458969797016927,0.6093392614462466,34.74099731999999,125.96609494,134.41836545,1198.830302084799,0.139556356076433,0.0756456430719912,0.33871869,-0.01397731,-1.3304798415302217,0.0205930384176443,0.352696,0.06471444,0.20662117,347.0600186791853
-4.287044310956064,29.41145051023064,68.48770295,-68.22342528,-0.8668568624009731,-0.0136349548551354,136.71112823,-24.47865523,19.5372315475,430.7855880162666,-18.948332728217764,25.16324669435627,50.83807961,-112.99227317,-0.93015302490989,-0.3499640956394025,163.83035278,-36.30050453,1.98052708,960.7782491131028,130.427354055408,7.146395426607276,156.96322629,116.16777035,-0.4963906706528473,0.3262034721493518,40.79545594,125.1432037,135.12681576,1111.6796326900703,0.1360561650786953,0.0821360363853139,0.347438,-0.0255304,-1.3269719184009412,0.1315537225165691,0.3729684,0.05904689,0.21076285,331.36115108110937
-4.161230541772376,28.6738540620038,63.83595048,-65.51825561,-0.7681190427679425,-0.0159001671100068,129.35420609,-22.95495452,18.04759179,446.0556757548799,-18.000493892104792,24.798934664179782,41.42994896,-101.37706169,-0.8621219777265825,-0.408715436281895,142.80701065,-35.232117495,1.7644516575,979.656234186351,130.77120392290308,6.930573662078907,154.30929562,117.11599728,-0.3584100080629793,0.4758189670277349,37.19329834,125.66091916,135.07777402,1132.3193346516327,0.1337734833329612,0.0807847654461437,0.37686567,-0.03032601,-1.2497609532705876,0.2404758960944457,0.40719168,0.05970083,0.20444135,336.73360286632095
-4.343136571180058,24.147529081500945,64.79289399,-70.18636168,-0.0502846610099481,-0.0675353503061682,134.97925567,-15.8386372475,7.02311669,386.10583788258725,-13.671742438549105,21.43752101734131,49.96288124,-99.73238548,-0.3161769840501001,-0.8003045688523461,149.69526672,-28.1400512075,-0.74861647,934.999321237634,127.38769682409442,7.195095509975651,153.06678769,115.61191556,-0.5268828564153156,0.6203112779114973,37.45487213000001,120.276741,132.18949887,1081.985739905477,0.1063128112180102,0.0783892875820614,0.34177045,-0.02008082,-1.103543930182601,0.6026582683941225,0.36185127,0.03964643,0.1824251,305.8987229912835
-3.804375596117213,0.3422004487482926,2.48471664,-9.96863593,23.74189706054752,1.722568442904445,12.45335257,-3.94468345,-3.78010644,718.3517532006302,-3.1042098769848336,0.5726834316099989,7.88240925,-13.21395763,32.81938689599668,1.2321298342978269,21.09636688,-3.23034962,-3.13116749,1242.256756780279,104.5020906892528,6.839926861166844,121.11052701,100.35312649,0.8310251657242747,1.670788805672737,20.757400520000004,101.11606595,101.54657742,673.4049617459943,0.0363392493064392,0.0101950873760008,0.09109035,-0.04994446,22.74445094459399,-4.201294014097635,0.14103481,0.03703063,0.03942845,392.58306394857806
-9.42533084859364,36.40198206917787,78.83411866,-75.78646392,-1.3436877161518277,0.111429568168465,154.62058258000002,-42.80241317,21.21801835,388.970437637826,-15.799537161495913,29.798526893979915,55.19232918,-103.326874,-0.8650396618178338,0.0333393329966991,158.51920318,-38.28628562,3.367486015,916.722081969461,3.4120364396307696,6.555287767677037,26.9898361,-14.33423388,-0.3527586521621737,-0.0487160156002289,41.32406998,-1.84927499,7.93269861,1110.873884331013,0.1352158109328423,0.085167338643789,0.354834,-0.05279365,-0.8974425285064878,-0.15294491572505,0.40762765,0.06426306,0.19810444,318.54724960405304
-11.1679729856133,37.8077901427449,58.39497072,-80.55374449,-1.469292652673272,0.2039243186267069,138.94871521,-49.50374526,32.08227617,343.0295106951278,-18.036124024769855,30.658514419063795,41.88884331,-103.49690269,-0.8749663365978,0.1417584319179716,145.38574599999998,-38.65903495,4.27156951,853.373615774193,0.405808147846049,6.013618685390713,20.30866659,-16.65574992,0.19159951889092,-0.5092969796679634,36.96441651000001,-2.18169844,3.82372486,1123.2417457101178,0.148692081416226,0.0768431411676179,0.36856691,-0.035791,-0.4466649730711376,-0.1577543200407222,0.40435791,0.09674248,0.20224611,305.99477373396417
-11.492376001434872,38.358632962410525,58.21840364,-86.48941344,-1.4968118130553214,0.1491569411558148,144.70781708,-50.194750965,32.79181081,420.31831192620825,-17.712821316947597,31.080201366690204,47.34604241,-104.95847343,-0.8043731157277136,0.2015711285605235,152.30451584,-38.06721137,6.03450443,978.2592947324904,6.89660481566734,6.549756509874097,29.02252424,-12.27429736,0.0230447492326306,-0.2931880469327164,41.2968216,3.04988611,11.42587125,1217.1462206703748,0.148631941892492,0.0749103346137118,0.36377129,-0.03077739,-0.4664788163215871,-0.161111723495543,0.39454868,0.10349995,0.20398997,342.6882513915155
-10.476653354402096,38.33561508567632,62.90721208,-80.75756377,-1.5025735010940844,0.2134473459471857,143.66477585,-48.92118758,32.63813287,393.34543427426206,-17.95427088245154,31.41361517782297,46.16457726,-99.40427421,-0.9515291386985374,0.2216387915211821,145.56885147,-39.67374442,7.99144437,955.9510037261464,19.20425021729257,6.77797265134846,56.63548314,-1.39151132,-0.0367836293335188,-0.0901200511414697,58.02699446,14.67926347,23.93262899,1116.0779221303217,0.1510043384657906,0.0743046664026933,0.49586881,-0.13497313,-0.1827749861613399,-0.2295408320277914,0.63084194,0.10241003,0.20072023,357.8828597422642
-11.123273548719588,38.00361043651282,60.14210206,-80.55919951,-1.4771665722952922,0.1851729313727108,140.70130157,-50.26287001,32.34222108,363.9752687857181,-18.79826122532376,30.701288160993577,40.36950661,-108.68489097,-0.8665654286412323,0.1468115573049029,149.05439758,-38.68192313,4.502630965,966.1954568668992,30.87489244177211,6.61066396598528,52.28672826,10.95720899,-0.0385705080047444,-0.2514452813777595,41.32951927,26.87539518,35.3440212,1153.228524492545,0.1486096833099945,0.0883453903354485,0.41565118,-0.1214582,-0.3171079300991639,-0.1319566169716836,0.53710938,0.08693326,0.21379919,412.78594696565307
-8.944748748545168,35.098855969505884,69.59927827,-85.52920073,-1.2449518227376992,0.0222839666092706,155.128479,-39.843842685,18.271437465,399.833840967179,-15.481791617712826,28.572574787609614,64.95686318,-112.60312675,-0.678513951155856,-0.067862771181748,177.55998993,-36.79637168,2.84487249,859.2491924103401,39.16158499327336,7.163346942297774,62.48831975,21.93808782,-0.6817720841292259,0.0543146018814023,40.55023193,32.92441594,44.28676259,1068.8777392377942,0.1270678024797784,0.0968155602725966,0.43679548,-0.10859721,-0.5769886289225541,0.048313236688408,0.54539269,0.05510778,0.19919435,337.04973179798134
-10.420482438927626,37.731775260899425,62.97151643,-74.68456572,-1.4806662374783557,0.2173631360183931,137.65608215,-47.19312972,31.6125229,458.4018804418805,-17.542629301362844,30.377029066188552,42.62889458,-103.77156089,-0.9165702159402952,0.1601422158668322,146.40045547,-39.13205741,6.272105475,969.7715581886462,47.00178837526828,6.139665892334204,67.26758993,30.25412786,-0.0069500276074356,-0.4328895902346113,37.01346207,44.07967794,50.85894048,1200.0071427335622,0.1436972605412922,0.0873888183400854,0.42894811,-0.10685336,-0.4059419876467567,-0.0997939043726902,0.53580147,0.08170168,0.20834962,312.64780022923
-11.423772644207364,38.10436431585521,59.75518113,-83.54664916,-1.5115139518253722,0.1630937926151791,143.30183029,-48.76969069,32.0386799,404.4592638291442,-17.475091322240175,30.830144281324568,48.65720727,-111.05326865,-0.7837179564329362,0.1858100463583436,159.71047592000002,-38.89772437,5.83777501,956.4108184162072,51.455442957195594,5.924873480711255,71.55640066,-14.85739291,0.3447525706250158,-0.4262642218527344,86.41379357,48.63007009,55.03331029,1207.9661465437557,0.1455748152881695,0.0873066678438013,0.42851216,-0.08679895,-0.3910204839230449,-0.1015081664149145,0.51531111,0.08497142,0.20747769,364.5607676449117
-10.438630883439426,38.38144423237559,62.70993501,-77.9357788,-1.5038136239009232,0.2105987908565254,140.64571381,-47.381684484999994,32.22941476,425.37449304397035,-17.380220405315402,31.23382513340176,46.80653359,-106.8222277,-0.948679758357212,0.1921559669285169,153.62876129,-40.20998023,8.15166165,943.6850080401632,55.05175869722901,5.617876929416661,73.8506664,38.58651388,-0.1555112075712967,-0.2238240073682258,35.264152519999996,51.75267064,58.58097875,1200.148015894822,0.1482373425262368,0.0831739086698281,0.4064959,-0.09900599,-0.3743370040630407,-0.2289182503002665,0.50550189,0.09281879,0.20943954,377.70114118647774
-11.29145520658092,38.1421730085938,60.59768373,-85.0267517,-1.4955063470069858,0.1729895483941942,145.62443543,-48.8852188,32.11388475,440.473169721917,-18.03710209172047,30.438259666176396,43.15423562,-121.72352622,-0.8382407422811631,0.1457840756441488,164.87776184,-39.17347358,5.27646949,911.529960236432,57.025668605319886,5.604444411651647,78.62448537,42.51565206,-0.0100753540925553,-0.2588815666736398,36.10883331,54.09053457,60.34119069,1168.407068530921,0.1492747341176971,0.0872712775119914,0.41892091,-0.10968714,-0.3495736150119222,-0.1280023648224483,0.52860805,0.08758721,0.21379919,317.3606976273303
-9.09488214708937,35.02716363852889,67.25705415,-82.47090453,-1.2545355019047588,0.0588125500129193,149.72795868,-40.14847487,17.799505055,391.2573358434521,-15.378613768039502,28.681651323184298,64.12090279,-108.29251884,-0.7617301198772592,-0.0610817818618261,172.41342163000002,-37.99418662,2.762583985,896.2226292108669,56.02783852879108,7.102477705575057,77.80704915,41.68732107,-0.8664943452244729,-0.1938767813617991,36.119728079999994,48.59192312,60.76625478,1079.755037375593,0.131077646641845,0.0960093880870932,0.44202707,-0.09791606,-0.5962594333950384,0.0471962084946795,0.53994313,0.05924946,0.20224611,300.6501229930264
-11.724601972041924,37.71849599867553,61.12302095,-81.2687332,-1.489201548843273,0.1907064430664038,142.39175415,-49.09121245,31.32260591,453.7016238490059,-17.761679691468913,30.466454228102812,46.18964364,-116.70556663,-0.8095087873448819,0.151098533661196,162.89521027,-38.97401832,4.60726287,999.5463699592166,57.533546192728586,5.938362193549208,77.3274883,42.57560003,0.0775179648667014,-0.439836234460767,34.75188827,54.81532705,61.03873479,1221.7910506611963,0.1517305778574606,0.0879377718654393,0.42044679,-0.09508229,-0.396600175064413,-0.1108349481911289,0.51552908,0.08933107,0.21467113,332.325009760707
-11.100383970670457,37.758189967661615,60.89086992,-78.97555083,-1.5095965425477316,0.2065389496833759,139.86642075,-47.51737899,30.94277173,427.1935030218178,-17.163925568611045,30.89729958329504,48.34876229,-112.61838554,-0.912446277648638,0.1897036872033882,160.96714783000002,-39.68627952,7.546214355,1000.3531342597262,57.77378633574733,5.491638503492724,78.53729665,43.35488546,-0.162112785506812,-0.2696734263921438,35.18241119,54.62459218,61.21311986,1204.077947093468,0.1543537762502949,0.0824582253118592,0.41129151,-0.09181255,-0.3262722552730817,-0.2324431595875233,0.5031040600000001,0.10001222,0.21467113,326.60107445563335
-10.063630054567197,34.981803538222564,58.24783021,-83.36899108,-1.2851523099478006,0.0541514563786771,141.61682129,-40.56154937,16.13357145,435.17332022647616,-15.09131931253154,28.31833375063967,62.87404229,-112.42655967,-0.6557453716236421,-0.0925831048138566,175.30060196,-36.92716239,2.54950597,916.572476266083,56.30478231199969,6.728749984106383,77.60541951,42.44480932,-0.809291194306923,-0.1811071605598598,35.16061019000001,49.42570531,60.96244085,1134.4721058184332,0.1345561871007036,0.0940405659157087,0.4354876,-0.09704414,-0.6608871776296321,0.0156686788439085,0.53253174,0.06382709,0.20464392,304.5490681173201
-11.575239257676694,37.98683572568162,64.99875718,-80.8491165,-1.4638827795958933,0.1979768763010908,145.84787368,-48.16151732,30.963479815,356.8262892401141,-18.550906199927045,30.705956094992185,53.93238808,-111.20585655,-0.8844335144866187,0.1375650960549232,165.13824463,-40.35385154,4.78818824,892.0636598195556,58.01151178777835,7.244047601849139,84.55906331,-18.80832827,16.794329819236594,-2.452722363645528,103.36739158,55.58916509,61.67088353,962.2732985912876,0.1601778836055719,0.0885474534693988,0.44071919,-0.09094062,-0.3333906632608272,-0.0761180398949382,0.53165981,0.09739643,0.22426236,294.84404195634244
-11.797388848012192,37.637047093992415,58.13774949,-82.16354674,-1.505576804927966,0.2013811418407128,140.30129623,-47.86179274,30.3623932,487.3634170245486,-17.2378770720552,30.694430727006687,49.86483361,-113.43146537,-0.8855369837930183,0.1949041871725748,163.29629898,-39.49826835,6.97564484,964.4929754805912,57.70552416362699,5.568030068765906,77.26754415,43.14235341,-0.1219207924286487,-0.2944128946833915,34.12519074000001,54.5973438,61.22946966,1214.0078881943678,0.1589556901903594,0.0826402609188541,0.405188,-0.08527307,-0.3719410624484767,-0.2056363620118665,0.49046107,0.10306398,0.21968473,341.2372238225126
-10.26186893199357,34.898512700695385,67.41836244,-84.91231078,-1.241520019061238,0.0452352926433647,152.33067322,-40.62422103,14.97499353,379.63437151309114,-15.974248238649263,28.653199168481976,66.19065072,-110.75899528,-0.6763201774867702,-0.1115760942124851,176.94964599999997,-37.85685752,2.02198769,885.7145625322134,55.902770142643874,6.923384245920819,77.94329488,41.09876668,-0.8173273211903544,-0.1508505552845161,36.8445282,48.7336086,60.57007253,1092.119495291528,0.1427306516845705,0.0962657104966765,0.46535123,-0.1038016,-0.5721466990855255,0.0528928563253389,0.5691528299999999,0.07080254,0.21467113,308.67784209820707
-12.053102590963324,37.87875941345027,59.41185838,-83.85618895,-1.4930457188772353,0.1993881590911597,143.26804733,-48.165877519999995,30.702991305,439.00312518876854,-17.556867732995926,30.59053335054449,49.55311562,-112.60858177,-0.930124381526241,0.196284700736322,162.16169739,-40.32551215,6.25957181,981.6235410920408,57.26257714958385,5.701944689200988,77.31659353,42.66823995,0.0240650865254816,-0.480730224714518,34.648353580000006,54.67908895,60.74990499,1217.9688400273546,0.1633775226499839,0.0848985660811308,0.42284459,-0.07066823,-0.3870831496716715,-0.1743416505022806,0.49351282,0.10524381,0.22491631,343.2168880202654
-10.218698635264769,34.19533852854326,68.95296174,-85.39187163,-1.2197537585443434,0.0435850267158552,154.34483337,-40.07926482,14.00715047,382.1852452517057,-15.242424544465342,27.802495542165268,56.86098839,-108.06146262,-0.7103734726909572,-0.1061539004818035,164.92245101,-37.4775698,2.1004615,893.4752248650019,54.17339555056616,6.9061772345381645,76.49370992,39.77997243,-0.8903962446809377,-0.1495456970942941,36.71373749,46.97884786,59.08778798,1097.847332576819,0.1416478727124184,0.0949012851057157,0.48605958,-0.09312045,-0.6033844909683053,0.0799403114719026,0.57918003,0.06971263,0.21183735,357.91350141121086
-5.3961461789214376,21.418990083337228,60.06689531,-87.48995513,1.3008430390035617,-0.504971814394475,147.55685044,-3.06634492,-1.73229092,387.6032527635558,-5.943381317845779,18.106384375442975,53.64356209,-106.66419242,2.021392374471223,-1.0619506864453452,160.30775451,-3.31967853,-0.06737648,886.1114591247691,44.7631112238938,9.915588832251531,73.22941243,23.37132299,0.2412456960070326,-0.4087679271467368,49.85808944,42.1941303,52.01424825,975.6665267382726,0.0737693357832742,0.082400567975572,0.38382569,-0.16004115,0.1535708473888752,0.8581866265246758,0.54386684,0.01761476,0.11047539,298.0254580542374
-11.746208555661273,23.7579458009403,39.48529786,-69.13221389,-1.3949333371712582,0.0674349654069658,108.61751175,-31.24790984,11.24237031,458.93921475964703,-8.549354811850762,33.0387447543288,70.79929719,-86.55697265,-1.3502211472804644,-0.2632818341142695,157.35626984,-39.79095855,24.0409163,918.8103595295896,15.727607969565277,7.212223841940945,57.09109894,-4.21108445,0.0321348964387184,0.2849495774646601,61.30218339,9.34743897,20.35556618,1037.976568528383,0.1019603198867761,0.0854546738233497,0.34723984,-0.1196791,-0.6198490825811027,0.1504874972437831,0.46691894,0.03879431,0.16217252,358.308595835126
-12.368025306989178,22.75466867964868,32.54800004,-73.61938888,-1.3807376993970404,0.0065424795785372,106.16738892,-30.72911102,9.40041608,467.9329603276335,-8.973793776714253,32.69346732003272,47.04136262,-90.16676726,-1.2711842973966816,-0.3500393388450089,137.20812988,-39.27325072,22.25999818,982.3587358371848,21.86382256916102,7.617087428654851,58.6878244,2.17580858,-0.5983376216887031,0.1095508602620973,56.512015819999995,15.66348854,27.55989472,1131.371217732359,0.0988409654601129,0.0874243230175651,0.34527798,-0.11335761,-0.7314184212042165,0.1636525688633792,0.45863559,0.03312676,0.16369839,330.8776752833162
-12.68072429072926,23.18124710743628,29.20959443,-73.65535385,-1.324118396198371,-0.0243905081500359,102.86494828,-31.23592025,10.01076764,463.7670221609534,-9.051685288636024,32.3809862687139,46.10512528,-94.74222198,-1.312165123277636,-0.2662846722846616,140.84734726,-39.52175155,22.93465409,904.3516604604492,35.14656386170648,7.900469759888685,67.27088944,-13.18107208,-0.3724482760821272,-0.1205818053750966,80.45196152,29.85961167,41.01487747,1086.5363532176225,0.098504559683907,0.0840085508836586,0.32565953,-0.10899795,-0.7844877687269114,0.0943311712838279,0.43465748,0.03443466,0.16217252,371.1664597077902
-11.854028373654447,23.44661981926874,31.30222863,-70.57089645,-1.414072438738701,0.0842260802178111,101.87312508,-31.37651855,10.77915639,389.1454703832527,-8.993736386779618,33.111487035372406,44.18905625,-85.33517852,-1.386659133068085,-0.2641581841305563,129.52423477,-40.43836989,23.86653123,849.843272701319,50.70491547133573,8.406152251951246,77.5378801,-16.32002338,8.39734139665984,-1.5274621215694746,93.85790348,45.98488251,56.33361069,930.8652165088448,0.1015709749773746,0.0800399175588398,0.31846612,-0.1652375,-0.7393778128249604,0.0596377319517406,0.48370362,0.03966625,0.1623905,291.18414391392275
-12.812108589136582,23.101064299369646,29.99433297,-71.58996993,-1.3896559823193868,-0.0134067434761276,101.5843029,-31.09968215,9.32630223,496.28141859592495,-9.659652078136514,32.60707046332426,44.04191957,-87.22290435,-1.285873186363858,-0.3270633329626246,131.26482392,-39.93809905,21.96572099,993.7294106510342,66.66399490483465,8.323995983111217,107.48870102,44.67698685,-0.3514622490742849,0.1660894199386014,62.811714169999995,60.57882324,72.51337448,1127.9447522559744,0.1025658028017259,0.0855069021017673,0.3402644,-0.12207691,-0.7252855740661932,0.092260678578213,0.46234131,0.0377044,0.16478831,360.18492310117983
-10.559861824343088,22.119406693954357,43.02315873,-73.05699569,-1.1300373632281595,-0.2010650561452973,116.08015442,-29.10186988,7.89960545,447.2969397978188,-8.216834723486166,29.94261104996072,76.83414826,-93.4528543,-0.9529830154850184,-0.4159321232001569,170.28700256000002,-35.42367568,19.18317208,887.0164239687562,77.52742461615894,8.162956683250117,105.09633652,59.85948197,-0.8357981528630569,0.1791261612381456,45.23685455,69.88668076,83.86482254,1040.454961212396,0.085490633054398,0.0901505641101593,0.35377931,-0.13014228,-0.6569325617731825,0.2132570480329686,0.48392159,0.01656008,0.15061944,311.3248018195926
-11.943242359069076,23.21347702193029,31.59432572,-70.20032913,-1.478638057587472,0.0665291284983183,101.79465485,-32.16343719,10.22983998,467.2487176381447,-9.303022429797949,33.441732579561055,46.63809571,-93.23051085,-1.264087936488164,-0.3541750548097103,139.86860656,-40.90267196,22.25127778,983.9602354912784,87.91048025538093,6.82566008271687,108.4859697,69.20003525,-0.8341742128610705,0.0088291206570854,39.28593445,82.09916702,93.17813889,1196.0222803694478,0.1014840178599137,0.0855375653495199,0.34789379,-0.12142297,-0.6536048134213073,0.1706988695441962,0.46931676,0.03814037,0.16348042,326.8539127125287
-12.871918303933848,23.108999101359306,29.29460877,-76.04880172,-1.3963584730013818,-0.0292486832953039,105.34341049,-32.47297317,9.25872725,484.6839642188363,-9.0570912211806,32.71953964768454,53.64732728,-93.87573638,-1.2393964860428257,-0.3189464824496614,147.52306366,-40.51030364,21.87961755,990.9791773705856,94.94659865233648,6.953239726553312,120.73659531,77.20000473,-0.8404736127007797,-0.1500023555477127,43.536590579999995,89.49967972,100.30072037,1205.889225209625,0.1013338006123814,0.0855998337462433,0.34614991,-0.11684534,-0.7573637316411745,0.1305944261161565,0.46299525,0.03683247,0.1650063,329.1509632269499
-11.82188966733667,23.694714750918376,32.99486512,-70.5022319,-1.480284424282579,0.0924114091410543,103.49709702,-32.8468135,10.75081891,487.8930155359041,-9.379031073333566,33.62574496847397,51.53289399,-92.20926299,-1.2988506277571024,-0.3173189080013405,143.74215698,-41.31029906,22.67743478,985.0939953560204,100.09925340199644,5.8484133868890495,118.42597977,83.16182724,-0.6553589780452662,-0.0888883190443135,35.264152530000004,95.33616654,104.30070511,1213.0334250802523,0.1042133454943524,0.0804306982357558,0.32369771,-0.12403877,-0.7515029404301523,0.0787591105298463,0.44773648,0.04206406,0.1650063,337.4095927031573
-12.933928957295352,23.18191914194891,34.75507325,-77.04716903,-1.42506677670626,-0.0140576851226103,111.80224228,-32.76397735,8.87943762,478.3328742257154,-10.144236855743715,32.52000246616215,49.52527604,-94.57219329,-1.2316483687357231,-0.3445788665861458,144.09746933,-41.22746673,20.57499108,960.5644011320798,103.82547961712976,6.297806133379609,123.57037369,88.79668442,-0.8973584182141638,0.0129610699472978,34.77368926999999,98.13179032,108.42057816,1191.2118165676573,0.1044319889034406,0.0850712546215909,0.34571396,-0.11248567,-0.6999811085912819,0.1091112712256033,0.4581996299999999,0.04141011,0.16587823,336.91461006329064
-9.25938278269356,24.41125456990556,42.38555878,-74.33218795,-1.123058248078723,-0.0824337098764659,116.71774673,-29.82012206,9.34374064,407.47600951055415,-11.07976747137958,35.187410510774214,65.14700685,-110.50999846,-0.9184739842789788,-0.5116380418050104,175.65700531,-42.55715957,21.33248124,870.4829143388566,106.8190597018828,9.47912243060116,143.90816513,89.15090195,-0.6819454760976495,0.1676899045369097,54.75726317999998,99.73941818,113.54862229,1055.269204648387,0.1007308714299276,0.0933731645386851,0.37448766,-0.12033306,-0.5790615824114078,0.2214122817973741,0.49482072,0.03181887,0.16631419,315.64839817921006
-11.590741348496223,25.72296223789626,36.70056885,-79.81554824,-1.38009506917563,0.0234588149565416,116.51611709,-32.94490463,10.80967396,490.63220880416407,-13.179214530440174,38.10387860012037,51.15360627,-112.49473205,-1.21778358582886,-0.4121276942633721,163.64833832,-49.55549636,22.53356538,938.198158600444,109.99945125325186,7.769162494893103,138.72562424,92.72037522,-0.907963720802352,0.1510862254196795,46.00524902000001,102.56229416,115.65760056,1188.462501092622,0.117869528581278,0.0862931256982098,0.36402451,-0.09679092,-0.683846555689418,0.1982058919878261,0.46081543,0.05274521,0.18070105,357.99842051077854
-10.851648543831091,26.311934433824497,38.71364182,-78.31037551,-1.432052734518835,0.1176603789963493,117.02401733,-33.91710693,11.92683571,498.84867719779777,-12.508719703850971,38.79782102765204,52.97594056,-107.07786193,-1.284701569766363,-0.3730752574403083,160.05380249,-49.41271605,24.17279611,913.6411592438844,113.79222542506692,6.926192417433679,140.47493759,96.54051987,-0.6344762126605867,0.1540970889369027,43.93441772,107.9301149,118.64396683,1191.345366963153,0.1223677964388182,0.080460356121618,0.35007359,-0.11313963,-0.665757963393538,0.0902866159601157,0.46321322,0.06124653,0.18244492,337.061375375546
-9.8851947142792,24.40420100481109,40.93161362,-77.87222701,-1.157233271404984,-0.1363970422473233,118.80384063,-30.746548,8.41622418,472.4276939799211,-11.390659083389128,35.12805979041693,59.17536912,-114.69962707,-0.9029128559711056,-0.5412986715817609,173.87499619,-44.33807769,20.32213197,914.3390000980216,115.5236527977538,8.74493104262362,147.31958786,98.11544052,-0.7934323878423624,0.1397060662507609,49.204147340000006,108.88378922,122.02814499,1105.8516092810771,0.1051963247991735,0.0916207532434889,0.38604077,-0.13036026,-0.6382749335937743,0.2098095709162907,0.5164010299999999,0.03748642,0.17045586,330.4776873293343
-11.27428039684296,26.49675419092795,39.92344636,-77.77959091,-1.3758826671531277,0.0869651771035899,117.70303727,-33.86915237,11.71539277,490.78674461548275,-14.86071634231992,39.63836714567638,56.66093812,-114.7999002,-1.2506976251352686,-0.3977848731613636,171.46083832,-52.32932677,22.62184892,890.2282589652377,118.07226992008908,8.015529313957336,147.29233566,99.84840408,-0.8468821121812349,0.2434268832278407,47.44393158,110.55135361,123.9736406,1145.8384599850003,0.127316693989448,0.0857502164356189,0.37514161,-0.09918873,-0.6118646562099865,0.2053678962995635,0.47433034,0.06299039,0.18724053,320.41602031744657
-10.528320488154918,26.06844407209979,38.79429597,-80.84878188,-1.3724316764306628,0.057652793706965,119.64307785,-33.2664302,11.36117047,349.82103782631015,-13.312225239950976,38.91765159183452,56.58246598,-116.92959228,-1.213505142441755,-0.4181765993266915,173.51205826,-50.79690566,23.05672441,756.0372791857761,116.29528427430866,20.504641385442586,165.56473557,-37.48614487,25.186824747866364,-4.825630465266599,203.05088044,112.86742417,124.51860062,763.4604774127728,0.12455236621346,0.081451778629159,0.3614087,-0.09918873,-0.6969161642980213,0.1650041679340377,0.46059743,0.06081057,0.18484272,286.30867916855254
-9.73707315216989,25.04098741055829,44.77029008,-78.8913005,-1.0866763045171453,-0.1095761879923072,123.66159058,-30.54055625,8.79987401,448.6247889618481,-13.153336669489676,36.184742987833296,71.01401124,-116.55138793,-0.884741938051472,-0.55231824347152,187.56539917,-46.2803041,19.62458596,858.0028081757316,118.63153300611164,8.73378800576427,147.92449204,101.09635941,-0.7584695920167484,0.2944942708201591,46.828132629999985,111.93554703,125.06355301,1065.753418091634,0.1128475358967056,0.0924766666089755,0.3917083,-0.12883438,-0.5738489395231681,0.2117585480481881,0.52054268,0.04489783,0.17852122,311.1226326972171
-10.278490662950706,27.51187965718802,43.25094956,-79.80682784,-1.3918541968367937,0.1127286855089304,123.0577774,-34.06097442,12.50231045,535.1444234015746,-14.798470535228802,41.32446934944837,54.67838655,-120.41404357,-1.2091300734296655,-0.4350482264584807,175.09243012000002,-54.2355844,23.74555001,1034.702590068553,122.18970655464634,7.484568143395437,144.98172775,105.55410019,-0.8644557478846089,0.2022742414194448,39.427627560000005,115.40147415,127.60849777,1244.1828416682015,0.135987480752919,0.0826495165787319,0.38974645,-0.08676372,-0.5797759478021178,0.1788452045568782,0.47651017,0.07388953,0.19443396,358.1436487761971
-8.984041808713993,25.512056551355915,46.12505311,-78.94470626,-1.08225055524917,-0.0656553512216576,125.06975937,-30.66807586,9.0451042,455.72181297619744,-14.184209654378066,38.19705720431181,64.97043977,-127.89194121,-0.8080529780941892,-0.619690244029453,192.86238098,-48.54296508,19.62349687,843.170267601118,120.5794796847854,9.03356775784139,153.23236862,103.43967453,-0.7485164085575389,0.3139290912470822,49.79269408999998,113.46687332,127.33602158,1057.24058307848,0.1171865690744826,0.0925158482309834,0.4217899,-0.13166816,-0.5261698481803818,0.2377023562399401,0.55345806,0.04925748,0.18157298,317.6753901406795
-4.237646156629859,16.428619736768134,51.51794404,-70.45863754,1.2649989637943984,-0.6569610105484377,121.97658158,-2.31506449,-0.77174693,431.6710929905594,-6.498889204189127,25.12778053554005,61.50342546,-126.88595214,3.1600197959063188,-1.6170505166737437,188.3893776,-3.45106258,-0.48540785,836.8977472862844,110.4817925389278,11.101743781195845,144.70378891,87.81031052,0.2155397260430644,0.0287790592420085,56.893478389999984,106.6712648,116.58947769,943.8171592890084,0.0506609291123795,0.0828046625879869,0.37775742,-0.12556465,0.3502923685054395,0.888035498774929,0.5033220700000001,-0.00523819,0.08740446,313.3849021545713
1.8428592710180012,39.282314197207405,111.26472293,-96.68968381,-0.4529852213084759,0.336981599813041,207.95440674,-23.577196970000003,12.938721285,668.2361768102706,16.926437194683327,36.95362075203743,131.78846558,-77.81935302,-1.063131364973974,0.2802814424234535,209.6078186,-13.475762755000002,44.275486075,674.5905930709021,25.41070031354695,11.008097035858558,60.90998134,-13.15509072,-0.2087173566461442,-0.3771328136534451,74.06507206,15.72216663,34.91554317,782.3418130464435,0.1336845653570199,0.0867596089034536,0.38773178,-0.07918717,-0.8060102655391606,-0.0452934585978877,0.46691895,0.06162966,0.1945991,758.7201229583849
2.1039098742735995,44.488902046407944,90.88661014,-91.4297656,-1.0299553876570475,0.2738088805622864,182.31637574,-37.48122205,35.70755969,801.6950199448074,22.525801578976463,40.807240398243415,120.84463319,-61.02378646,-1.412403272833069,-0.0295406341511087,181.86841965,-18.10299102,62.39311799,841.2956598079239,30.371472700235216,8.591517738638544,68.71920833,-15.84172764,-0.1643889540608918,0.1072453294317151,84.56093597,23.77117786,37.60762844,996.2539116767654,0.163249917315687,0.0726959371397966,0.36963921,-0.02076781,-0.6266727921802504,0.1090306706355069,0.39040702,0.11547138,0.21639737,921.4591908388528
1.6591225823235596,45.47268667453654,91.9460126,-88.61561002,-1.0449587610167397,0.3385266018412464,180.56162262,-39.86813535,34.5789548,919.647029309331,20.809176378192287,41.689913482976,113.32205018,-62.0701007,-1.3856542552034004,-0.0678134075032709,175.39215088,-20.14766875,60.74353608,905.2089226558048,39.914927768889456,8.315937818534149,71.1551672,17.98918781,-0.8249354581319972,0.1091594879087193,53.16597938999999,33.4768568,46.33783779,1119.3097881504366,0.1651999056220622,0.0671458651247214,0.60222675,-0.17662544,-0.1754285115399101,0.0450819692529231,0.77885219,0.12397271,0.20637016,928.0018263627834
1.0773864071554469,44.43545003478258,104.88328372,-87.9082507,-0.9662833564728336,0.289806758634767,192.79153442,-38.59130086,28.87925158,702.8780121526539,20.343915620107396,40.7868348948188,120.46643647,-79.44223205,-1.3789994404120909,-0.0948282826153394,199.90866852,-18.816338455,59.46779069,715.661304176968,53.262517419358346,13.321146508518153,98.91526088,-19.48203793,6.524295668243578,-1.9871968049051505,118.39729881,47.62393627,61.30780086,776.4403576466609,0.1624638330179854,0.0769323725286994,0.40713223,-0.1003315,-0.2316191393837172,-0.0415373773499589,0.50746373,0.11241962,0.21596141,790.8995276236354
1.4745341700495187,43.490079952136874,99.89692508,-90.1807269,-1.014423911844102,0.255703226723388,190.07765198,-37.673593415,33.13863383,740.4121937004022,21.233538950813852,40.370115160312075,122.29095277,-65.1654605,-1.3850824905392187,-0.0115461642310769,187.45641327,-18.34168235,60.55497941,752.7245364038195,69.66082925198434,13.889696338829864,115.39475307,-25.86348286,13.592747046117186,-3.06197569870082,141.25823592999998,64.6047903,77.44941768,770.5802435254476,0.1594849112925215,0.0810206577131409,0.41715943,-0.10229334,-0.3713202591871312,0.0708162446248739,0.51945277,0.10326435,0.21399956,792.892971338889
0.495212066255595,40.08752920148678,103.5263425,-105.21717252,-0.6082058590185384,0.3424176623302749,208.74351502,-32.076887025000005,14.89457141,746.8998622797551,17.27814043386646,38.0256063891812,123.31764802,-82.91797057,-1.1111646565059985,0.209712942452471,206.23561859,-15.91008464,45.19483003,739.6686424003856,81.41872077810721,18.582571883850495,132.83881435,-30.05964985,11.591878693417526,-3.0821013736476237,162.8984642,75.96168575,90.73546657,774.3418099474751,0.1395718042525929,0.092727887219925,0.42544277,-0.12191178,-0.3807990890650234,0.0566086733998159,0.54735455,0.0762345,0.20353639,752.9996142015542
0.9920215704520924,43.547352198214746,105.91325198,-104.72126187,-0.8339577379493011,0.2961126821875907,210.63451385,-34.182599915,23.958292115,713.4245023174248,20.132996464544792,40.2321436112884,123.22500428,-69.94581786,-1.366259951530664,-0.0026563294616153,193.17082214,-17.97329131,58.66398057,746.4288211417554,96.12536700724048,19.95203568919908,146.31015834,-32.70813694,16.24499022021792,-3.8409850191732726,179.01829528,93.22046718,105.6182333,771.0228294980657,0.1563841888230355,0.0824966932593612,0.4452792,-0.12845126,-0.2787472254348087,0.0724049839136744,0.5737304599999999,0.10086654,0.21290965,798.5190828921925
1.397283917315455,43.513857230530014,121.40092288,-122.61001004,-0.7363825960806651,0.383860558121432,244.01093292,-34.455623525,18.22098742,713.4056690663764,18.27114048310259,40.29919495530918,119.89532288,-85.96863738,-1.327354014937013,0.0694544525935511,205.86396026,-19.22124091,53.91413506000001,727.1993573667008,101.24296398757438,29.947049586735677,159.96677456,-36.19041386,7.109614089927074,-2.8663442174199116,196.15718842,102.03241787,115.53644619,764.4670600383462,0.1578363276651437,0.077440600050281,0.41149189,-0.09793368,-0.2088936711807965,0.1085284206534172,0.50942557,0.11002181,0.21203771,777.2068769899704
0.434237397142332,44.54052937925763,102.76994143,-108.38990964,-0.8568232182654802,0.3128396020265148,211.15985107,-36.553163425,23.11905871,747.4138311760706,19.317717106463263,40.98917069320965,112.47627839,-77.46186248,-1.3839645103882532,-0.0895371549531195,189.93814087,-19.583638105,58.26289185,756.3071912027301,116.0481972130513,14.614925719226916,170.36454067,-37.9342722,44.009911248589574,-5.727512033580781,208.29881287,111.38387355,123.37837276,796.9827165006272,0.161093220453369,0.0769088103003601,0.41912128,-0.09052227,-0.2546048752808518,-0.0522968565097366,0.50964355,0.10914988,0.21508947,818.7856929143001
0.9897323581168106,41.19361970280285,115.31593142,-114.45963468,-0.5813317198387642,0.3272285142352208,229.7755661,-31.230569735,12.85861312,677.2470255836496,17.653290060012726,38.99507211332297,131.89636048,-87.18497649,-1.2606573464497028,0.169774531599219,219.08133697,-17.46103088,48.302717295,679.4371786234796,105.92285854037542,44.68455497363187,178.1410757,-66.37556401,1.824444495569608,-1.9062492399478488,244.51663971,116.0705038,129.29114589,737.8435287526912,0.1564736884617795,0.0759587748470998,0.45290859,-0.10752491,-0.1136205957160214,0.2745313261406842,0.5604335,0.11503542,0.20746008,730.2927360530834
-1.0827343572885288,41.389965361599025,108.12032901,-106.95231046,-0.4818361028638596,0.3214550258556874,215.07263947,-29.76572598,11.31311522,715.417212761258,17.128521531898897,39.55032944453347,127.35468873,-85.15229217,-1.0709462188414909,0.2331063914247883,212.5069809,-15.68992225,46.675476155,712.1864146977501,120.84496718828947,30.35130145328896,186.68055019,-41.6999239,10.817992893061176,-3.3519799725056245,228.38047409,119.55822811,135.00229702,744.5842847253862,0.1452474315556682,0.094337337830432,0.44048359,-0.13651661,-0.3707553881943255,0.0357704988066664,0.5770002,0.08320994,0.21116579,743.539268507273
0.4059918729385617,43.4440730791883,121.21781741,-118.27215756,-0.6246738817528117,0.3273368129349946,239.48997497,-31.75808896,13.68694697,665.4656077220875,18.036344093487298,40.86306819931528,142.32247743,-84.03949157,-1.225036863283898,0.1654551145184023,226.361969,-18.09645072,48.775739755,686.6451118023826,116.96389351918118,46.54397389334586,206.88755092,-83.17113438,2.476408213504194,-2.057786748348441,290.0586853,126.65356502,140.73523769,739.4129946783573,0.1615415140323111,0.0783734210972973,0.43786778,-0.09226612,-0.1317525641723214,0.2404855737750288,0.5301338999999999,0.11547138,0.21508947,724.7776291015373
-1.6630784593943215,44.993983807893606,115.89250003,-112.99806394,-0.7282647072302244,0.3296665306146429,228.89056397,-37.134632005,14.757787335,702.1657793743703,17.982317351069224,42.09431371898219,126.32362946,-78.73160735,-1.3053982802097273,0.0097899994340049,205.05523681,-19.9307746,55.037292565,711.0599483117018,131.08611488580215,37.47179939194691,202.58783779,-45.19854679,8.129329613850281,-3.091293635213043,247.78638458,134.06498012,146.498161885,747.3627037405067,0.1681939174141446,0.0739707390896343,0.42718663,-0.11079466,-0.1675477604179152,0.034756261149654,0.5379812900000001,0.11547138,0.22053904,772.2146590252695
-0.9787384352282704,41.95536071425466,110.10832797,-121.12336911,-0.4601436364680147,0.3595065987251606,231.23169708,-29.877986805,10.165981395,692.6638326037616,16.4753338759627,40.12355375098561,118.0653592,-77.44333068,-1.155900369165861,0.2266434193605911,195.50868988,-18.05830375,46.50926408,685.1994719042206,132.77012740402995,41.12378972670819,210.09734401,-46.95330754,6.381516120707886,-2.817428020604708,257.05065155,137.66169033,151.06217251,733.938224392145,0.1510468961169807,0.0870139430371775,0.44811298,-0.14371006,-0.2292069280498099,-0.0085231965221276,0.59182304,0.09934066,0.2122557,745.6238192340834
-1.009873804414419,43.91065093429926,122.23143588,-125.32389249,-0.7181926098828999,0.2777742112173354,247.55532837,-35.16679181,17.262408360000002,686.3494362421656,18.730514074059588,41.45074712571971,138.62440308,-74.88530913,-1.2279025527232563,0.1400681985452312,213.50971221,-17.9820098,51.471639715,691.7330347162178,136.69855399084645,45.5623009432624,216.35344753,-48.09771672,5.054735312199234,-2.590345558573179,264.45116425000003,144.00498256,157.37278042,739.0472075369589,0.1664073366467172,0.0833770937158229,0.46162792,-0.10905079,-0.1525051546121054,0.1785951517261738,0.57067871,0.11547138,0.22271887,735.3482735633104
-1.6575651291965163,45.55930061763565,119.17204867,-121.07541074,-0.7961342846285278,0.3543224767041778,240.24745941,-38.61582364,16.509277925,694.6384406850806,18.23554487694596,42.38568506807046,123.72418794,-80.81334869,-1.347355857408793,-0.0148826085700143,204.53753663,-20.61088172,58.69667634,704.5026707666619,150.96664236498222,32.29481747602034,227.11634121,-50.70260945,17.187010398847793,-4.229569439856458,277.81895066,150.60440883,163.06212673,744.343725525159,0.172186192614174,0.0751105144621003,0.44135551,-0.11624422,-0.1867059730072959,-0.0238156834453045,0.55759973,0.11634331,0.22555264,764.7000314707841
-1.936011031800903,42.474108315112424,108.56283389,-112.56318845,-0.5546770236605285,0.3346767752960183,221.12602234,-33.45508374,11.79158698,725.2789128201853,16.747683163402993,40.5871649669045,139.61512574,-72.44716827,-1.122988335301224,0.2383641933247677,212.06229401,-18.471926605,47.03351411,724.4961209037979,157.1606382588403,21.509354791640632,232.94738063,-51.73257771,41.11902374251492,-5.898560941089244,284.67995834,153.40549526,166.84412441,747.7152562964136,0.1526139197443198,0.0955809520810254,0.49606918,-0.10817887,-0.4213903025280778,0.0050935498101791,0.60424805,0.08691565,0.21923115,757.0937185600387
-1.835392657586455,46.16920019930858,100.05387698,-111.48417081,-0.8552467817359877,0.3664287887347883,211.53804779,-39.334075825,18.99700557,875.514461405666,19.0080028578744,42.801660243937064,116.14056977,-73.29076568,-1.3965477597397913,-0.0263076274628429,189.43133545,-20.85066215,61.013832175000005,865.5206312588352,165.98084343406066,7.783895162033115,193.23093471,141.5962759,-0.7214970815331769,0.402757526679502,51.63465881000002,159.93407497,172.40268764,1115.6340075379558,0.1747243345768259,0.0783632983808685,0.4341621,-0.08921437,-0.2286665060833415,-0.0796286196801884,0.52337647,0.12113893,0.23013028,916.6282451590544
-1.943906756252771,41.550432215470785,109.50124942,-110.57954587,-0.5118964322227271,0.3601917876590812,220.08079529,-29.94992246,10.882054915,833.6895476506071,16.31857336837032,39.8472899201348,138.28761109,-84.75774566,-1.1452758374422658,0.2543777932378826,223.04535675,-17.91443626,47.00081452,831.8615238782194,167.1506897115135,9.083461491420175,202.70227871,148.38098964,-0.6809142694131389,0.139743586851623,54.321289070000006,161.6670309,174.22555599,1044.5166789660311,0.1495644684146978,0.0949097097524826,0.49803101,-0.14196618,-0.4563346440960862,0.0037883862237021,0.63999719,0.08233801,0.2172693,846.7305794893629
-1.752005495685431,27.630507465287565,112.74918948,-105.58229245,2.575941403637493,0.6411397171254373,218.33148193,-4.56256522,-0.00999631,851.0663768639783,6.174942249975627,27.1449697712307,127.48984345,-69.79541198,1.0785163168107983,1.099272265360632,197.28525543,-3.08943144,3.47947749,839.3345357306263,161.32192809533726,9.987107635082946,193.00205288,137.91236171,0.4979574554040828,0.291377762978158,55.08969117000001,156.22290859,167.31823024,957.202157917025,0.0768078055950976,0.0918361978906223,0.41476162,-0.16463639,-0.4521041211445653,0.6021589389218797,0.57939801,0.00800591,0.13944948,821.1411895414369
1.3691006389310771,34.673584589262134,72.40737987,-70.82142567,-1.511243603308884,-0.1985609061751319,143.22880554,-36.85345196,33.96831203,955.0344206158572,19.306318346470132,47.49441445811938,118.77267893,-69.57854788,-1.4931390724087985,0.3763519644694132,188.35122681,-22.86594526,71.05735453,783.3641102987218,17.747073701917014,9.558080503748236,50.88690336,-4.55154459,-0.9273692665780038,0.2921946259302925,55.43844795,9.24131067,25.93878515,1017.5568833588408,0.1213237583630581,0.080600924918009,0.37957394,-0.14990604,-0.302345470216967,0.1946516985364158,0.52947998,0.06284507,0.17358028,842.0658648807217
2.341576785561237,34.27945988918646,74.99919964,-66.16095661,-1.5419356391148524,-0.1814109794666424,141.16015625,-35.49514698,34.33125377,1029.348034279575,19.67376188812547,47.46605811543801,129.07236155,-47.46420614,-1.4698003526873935,0.4315572789538577,176.53656769000003,-22.32534925,70.7756124325,874.6851913534155,23.46849575196947,10.352720177787392,60.49449308,2.29856153,-0.9379872129252592,0.2369706864858136,58.19593155,15.25218351,31.96055753,1099.7844701331571,0.1196073374842152,0.08187089924392,0.36714893,-0.10892529,-0.4500129303456952,0.2165285050033775,0.47607422,0.0587034,0.17401625,968.4761837829186
1.8498243541137127,34.28485698566708,80.00190044,-64.42908406,-1.5228162100727778,-0.1484495053291717,144.4309845,-35.3403809,34.0010078,1049.5737810568114,18.184974736344515,47.538506690541574,121.193379,-57.54372351,-1.4908064633879792,0.3672974845692396,178.73710251,-23.73787634,69.62521036,859.4772108656271,37.68300381564113,10.016130272747125,66.65250547,13.81894739,-0.7185456200765605,0.0782434971336536,52.83355808,30.1948982,45.08311613,1128.8197462037367,0.1188237574191272,0.0749369386782708,0.353634,-0.11284899,-0.4396516598058775,0.1286451555420875,0.46648299,0.06415297,0.17031055,955.7914279047144
1.1128194672914458,34.65400730520073,73.7850349,-69.07974171,-1.5461304328643186,-0.1969354007453589,142.86477660999998,-36.87170719,33.82226253,1009.7670924539188,19.036362655707784,48.01303198956677,120.70073374,-51.67890112,-1.5143442307702897,0.3704006215791733,172.37963486,-23.26921408,70.90694864,875.0800062210885,56.20257668678847,9.754499648388608,85.12108762,31.05592878,-0.5981482432038092,0.1432734748367798,54.065158839999995,48.97955473,62.89230116,1106.6563667114362,0.1218230670113728,0.0729981840107589,0.35123619,-0.11590074,-0.406547689406131,0.122889204347565,0.46713693,0.06807666,0.17161844,980.1147506867738
1.749996529144893,34.53460005372392,76.83461071,-64.66450428,-1.559476132410133,-0.1860685663973738,141.49911499,-36.313946005000005,34.16994548,1048.674181933042,19.30169070194593,47.248260504988515,122.49582346,-48.3524851,-1.4859470356493134,0.410817739656873,170.84830856,-22.44850866,70.3001352125,857.5118834620381,73.26348541425008,9.883487041138896,105.09919889,49.79154356,-0.664754586807156,0.2174001629628006,55.30765533,65.84051664,80.40176542,1111.485339205053,0.1202055214716107,0.077572327459235,0.36431515,-0.14467445,-0.3735657063776574,0.1846662784971776,0.5089896,0.06349902,0.17096449,954.2524116701912
0.350987006477379,32.526857329494504,75.23788524,-79.86007618,-1.2094262998199896,-0.2079362938075999,155.09796142,-32.51532292,29.99230648,915.9597161352,15.883467362087062,44.13484067262959,123.32198008,-69.91642324,-1.159556550006236,0.5575630510985807,193.23840332,-21.32589857,64.77863558,781.7573319051178,85.70019006247674,10.899728374101317,118.87025602,66.57075651,-0.6897593455116167,0.4479875894813864,52.29949951,76.2164932,93.07200773,1002.7516348588478,0.1003174591192083,0.0901630741936467,0.40180817,-0.16320298,-0.3477739772372876,0.0920887219780626,0.56501115,0.03625118,0.1607193,843.0802565178489
0.4009117587372942,35.970538168158484,78.66457439,-70.00508046,-1.506857342700881,-0.2419483930804304,148.66965485,-40.3248264725,33.41245533,1018.3578093051168,17.79922786837206,48.59203358227813,123.12361582,-57.25380651,-1.4208957743925714,0.4537565383946788,180.37742233,-24.18692152,71.0532632625,881.0668663894139,99.16466677677477,9.892630131475748,130.04187162,78.8704315,-0.992945164146001,0.3366176308542276,51.17144012,90.58700712,107.54060514,1131.0546555437131,0.1207764074924388,0.0799370620318539,0.37891998,-0.10238581,-0.3889310580797445,0.2426102439558116,0.4813057899999999,0.06197314,0.17401625,942.4051332601142
0.8373794617741332,35.65714144586108,89.06234813,-70.22524189,-1.472492411819226,-0.1760702434787391,159.28759002,-38.88259816,33.88765789,994.1806616899268,15.559425637257853,48.30666885324175,122.17647989,-66.78183309,-1.4244770907629625,0.4325482459508458,188.95831298,-26.19781057,69.0148588,905.4507670190794,107.3914536924496,9.386388973455457,137.16446073,86.75050504,-1.0496561298449074,0.1418804848445041,50.41395569000001,99.24636991,115.2789932,1132.924648244101,0.1218551251769456,0.0768330413646287,0.40703976,-0.11219503,-0.435307207876721,0.1898983591912362,0.51923479,0.06546086,0.17554213,965.0036378670636
-0.686847662466053,36.21508924923144,75.85150982,-73.31514668,-1.485186787040239,-0.2286271219623347,149.1666565,-41.39730191,32.29311443,1005.8490452778788,16.30191293375569,48.84016906504627,126.65819986,-64.2510523,-1.4280314800871348,0.4214852002815982,190.90925216,-25.6027178,70.19195994,871.4635081008465,113.92423629714078,8.518022331547213,139.88379057,94.55429228,-0.8969728999856517,0.3369159303182508,45.32949829,106.9193588,121.13182981,1151.2393664949614,0.1253685270060722,0.0732941482123083,0.35842961,-0.11066916,-0.4094508783040842,0.1604351653189206,0.46909877,0.07221833,0.17554213,957.1187860943994
-0.1713269386170568,36.064297274254656,84.24057079,-73.32168507,-1.4839663542989243,-0.2139045122484749,157.56225586,-40.48150181,32.86640812,960.3739073457004,16.2760202810676,48.2606062851673,126.3399473,-63.15568869,-1.4262659676102585,0.4466686918344023,189.49563599,-25.3258814,69.35082300250001,846.9004300246365,118.51113992167738,8.732971705634444,143.5622421,100.08560331,-0.9705845235671342,0.4419854568720957,43.47663879,111.04467924,126.1563278,1118.1911319274352,0.1270378470066179,0.0769518121998528,0.38720333,-0.112631,-0.3730586054336267,0.2231514748735747,0.49983433,0.07112842,0.17793994,933.9531438392572
-1.4403889465305406,33.47859734985636,79.13759685,-97.83057331,-1.1973137614668752,-0.2394892013067487,176.96817016,-36.04991459,28.55471111,891.6280868241398,13.807394052960914,45.143342935269445,133.38733347,-91.58172171,-1.1203189991211693,0.5828062591527117,224.96905518,-23.76185553,63.64267405,795.1100846251178,119.0731416626046,10.817423223586944,153.99272306,99.73682554,-0.8554980185745706,0.3019808835364534,54.255897520000005,110.85394437,128.25441129,1007.6025909178594,0.1102878872785451,0.0915449084341539,0.39439675,-0.15208587,-0.3712826333002152,0.0922374141427054,0.54648262,0.04518847,0.17227239,851.3585089673093
-0.0780549706848654,35.32406394485983,88.31140209,-74.66119313,-1.4683050478757589,-0.198788470670755,162.97259522000002,-39.67278599,32.28003574,972.11225392772,14.666989583626409,47.76216822867849,123.59227427,-65.57094137,-1.3995923343317909,0.4663891423612559,189.16321564,-26.4463114,67.16663607000001,880.7248043644962,123.30548216919983,9.341533404498358,148.01999052,106.06377561,-1.1380504464180987,0.2833151286303867,41.95621491,114.30352171,131.54049833,1169.6055858392942,0.1304121083173796,0.0790116691309019,0.39178097,-0.09933405,-0.4253372377177595,0.2315151631602541,0.49111502,0.07221833,0.1846974,979.3712639216776
-1.420946595352683,36.071738438714,80.93050457,-73.96255421,-1.477492827037465,-0.2230782782253088,154.89305878,-41.88749241,31.3459785,965.5686851695904,14.418115529705936,48.49127445680189,124.23641642,-63.51972143,-1.409624172805559,0.4336874512814155,187.75613785,-27.31824247,67.3824392125,870.6374757764429,125.58041118279829,8.406324962561019,150.4723068,109.15912779,-0.9425773292001964,0.3864513500839924,41.31317901000001,118.28715666,132.59771879,1166.6150892237883,0.1354494213878149,0.0735782535992285,0.38175377,-0.09802616,-0.4208206677574657,0.163797110854154,0.4797799299999999,0.0813736,0.18622328,978.1662280092448
-1.3389639663468522,33.10823128257681,81.96265484,-96.32322621,-1.1987351360002674,-0.2132272984145233,178.28588105,-36.2431004,28.73890567,935.5087129712103,11.653219825768426,44.48458065694561,125.86256846,-75.59923117,-1.0710386932664249,0.6353911052504823,201.46179963,-25.22451918,61.495813922500005,817.825317178691,125.35179703475224,10.038439799161424,157.6984268,105.99292905,-0.8488666748259126,0.3363575156680176,51.70549774999999,117.6713577,133.79116972,1038.5244367687874,0.116178238955631,0.0888432492235739,0.39962834,-0.14598236,-0.4125444250499677,0.0745120669787632,0.5456107,0.05347182,0.17728599,881.0594118942156
-1.3182665712974713,35.65407650718681,81.92777324,-82.95543598,-1.4755452625928067,-0.2175304970492854,164.88320922,-40.92291569,31.0756805,957.2538886031464,14.82536376035276,47.889340137046304,126.36501749,-81.18612997,-1.4223195601577303,0.4399435177188326,207.55114746,-26.768109245,66.53421457,813.0402088868584,128.38023353430714,9.655819940115965,160.47226103,109.34441526,-1.030448789046835,0.3569379776674168,51.12784576999999,119.07734068,136.82658537,1076.322476961438,0.1426950182648806,0.0805637458963336,0.41859284,-0.07491999,-0.428782787421162,0.2515235190229086,0.49351283,0.0826815,0.19646847,902.6779131654998
-1.7209448578902935,35.373756239898675,84.92067791,-76.74728321,-1.4545851272428434,-0.2103709895732143,161.66796112,-41.10929417,30.46750904,995.1425225297176,12.83137759369941,47.6487963632792,122.15250071,-65.39328329,-1.3905716286555716,0.4493862427646652,187.545784,-28.06592314,65.14020975,852.0858680287755,128.57500463592046,8.52238713037647,154.3687454,111.28446348,-0.9622397258053867,0.3581563670934655,43.084281919999995,120.93564756,135.61677702,1148.1274766671058,0.1423187862247833,0.0734747577444925,0.41336125,-0.08451122,-0.383684356858966,0.1822176782884071,0.49787247,0.08878501,0.19319873,947.2342074072228
-1.9314777230865317,32.92974068360705,77.84278179,-94.30252003,-1.180813892303961,-0.203206246041227,172.14530182,-35.43084263,27.90512157,910.4423556642458,10.956320446866972,44.17901453103783,123.18573435,-69.26247732,-1.0795845189590063,0.6160120929135431,192.44821167,-25.91034643,59.673479632500005,794.0885466884134,128.09144635960365,10.38633826390662,163.21339567,108.8812042,-0.767922396673435,0.3644493068905235,54.33219147000001,120.1618057,136.59225614,1002.305660189844,0.1277828186163554,0.0913049915413793,0.40900158,-0.11742662,-0.3904795561979406,0.1224143255759652,0.5264282,0.06262709,0.18883907,848.0776775156704
-1.9037291899388875,34.99893887949836,80.03895641,-74.9467461,-1.4477338778555209,-0.2337637172501233,154.98570251,-41.2752315925,29.77432323,1026.845802302097,11.795965340218457,47.144506435698894,121.61081369,-63.50010244,-1.3622288860257548,0.4800399509676203,185.11091613,-28.48553984,63.92168863,917.5859904682694,130.1258713539886,8.86267409572942,155.55674894,113.62232359,-1.0579379789197956,0.3107627688473645,41.93442535000001,121.68768461,137.81295927,1182.93894969259,0.1473797737951328,0.0756949911608003,0.40725773,-0.06554674,-0.4315149050159488,0.1973847551859494,0.47280447,0.09118282,0.19952023,980.402730168261
-2.2945105357763,31.931194978833048,80.80189586,-88.73851704,-1.1337264610920568,-0.2394346015653538,169.5404129,-34.116680377499996,26.21030689,944.1743853785356,9.73358460588504,42.972975544548895,122.83369883,-73.65047018,-0.9810886657560588,0.6714179890342208,196.48416901,-25.45340101,56.82962092,815.8228312728174,128.3889780567942,10.212995995557796,160.58125456,109.78582914,-0.8381315300032566,0.3831848834305169,50.79542541999999,120.51057584,136.84292753,1019.4593518625188,0.1273650988699254,0.0901211113524113,0.42208057,-0.13268541,-0.3889701199039668,0.1408675602717542,0.55476598,0.06284507,0.18862109,850.4881711012565
-3.53959617462631,20.69852141105276,79.19318462,-89.1919167,1.3561931831793412,-0.3989010738357097,168.38510132,-5.56503224,-1.72853684,917.6160085100696,0.562374580776066,28.401319986063275,123.49200113,-79.45643942,2.8144670859962604,1.7141225684656975,202.94844055,-7.11560528,-2.86385242,813.9997084859041,117.95154037189234,11.428213480332651,154.71206815,94.73412473,0.4176644835704008,0.3436838662639614,59.97794341999999,113.24085386,123.3934036,923.8827614015956,0.059041201200385,0.0843453685848043,0.41030949,-0.19415653,0.1043749463846919,0.7664415420820786,0.60446602,0.00050202,0.10447977,839.4404759766514
-0.8350251490504006,34.79572459879497,86.91088304,-86.88455001,-0.8731622481935442,0.025030361297279,173.79543305,-30.76817122,22.661025135,961.2766852365128,-8.015044052752149,41.46224490813149,72.11492185,-111.22052737,-1.1732488799236709,-0.4426441529735381,183.33544922,-56.83983203,22.44320325,870.613933331225,36.22323782763316,11.756135369561068,76.08389145,8.99971252,-0.6843579761914809,-0.1718709860968299,67.08417893,28.58545929,44.49819427,971.7120197505194,0.1336094798951405,0.0814973914971898,0.36776764,-0.05969644,-0.690428683288888,-0.1561890112939372,0.42746408,0.07697872,0.1905477,892.2674036414134
-1.616399756889522,37.760412498791,76.86515245,-77.90038863,-1.1860613491363667,0.0712030037433744,154.76554108,-41.915262135,30.73238,1003.7512440952672,-9.39353502034472,44.59939464600081,64.3710864,-96.00424167,-1.4765517516744473,-0.3514242513288317,160.37532807,-61.85343524,32.09438733,938.435875125038,45.37680946381705,8.543442695258111,77.08660751,25.43015915,-0.3001762107398602,0.1752838312142302,51.65644835999999,38.98323303,51.33740097,1167.4626839033244,0.1519966282144183,0.0627733298259013,0.35621455,-0.0008411,-0.5341151650368063,0.212697787336815,0.35705565,0.09550725,0.19207358,1001.8001677797988
-1.648476162718408,37.60385120803126,76.90329942,-77.53854171,-1.2543474465760356,-0.0175111519523797,154.44184113,-42.61989013,31.2909604,999.4347019126864,-8.237582956878107,45.05550744089887,64.61850003,-98.06199618,-1.4848817738988953,-0.3094057121353576,162.68049621,-60.34226962,34.86821775,939.4370393858666,61.539908005467744,9.26782027237054,95.60968643,36.28024918,-0.144745191169664,0.0061968602800705,59.32943725,55.33193451,67.86594254,1147.509249472164,0.1525660374902158,0.0591185234057522,0.35643254,-0.01392007,-0.3964064050416249,0.1626024066564522,0.37035261,0.10379059,0.19098367,1015.7612456298248
-0.6751138246394234,38.42878169499775,82.15995225,-80.66985885,-1.2205254670472816,0.0418045853004358,162.8298111,-41.66076842,34.503481,990.112994200582,-9.605240066534163,45.648174149913,67.44464139,-96.01187106,-1.5037861686278071,-0.275155023385725,163.45651245,-62.64035388,32.936344425,876.0197400825106,82.81145493914592,9.402591430918289,113.84393936,-23.42521423,3.6633264523992577,-0.3253908816825296,137.26915359,76.43266159,89.05930954,1003.6788393759996,0.1554309139879814,0.0560860053916054,0.3594843,0.0041725,-0.4397651951835142,0.2317832512098007,0.3553117999999999,0.11011209,0.19207358,996.2227835400856
-1.6781543325791035,38.04982668139731,78.66459855,-80.85514632,-1.1912488068103373,0.0737987200937077,159.51974487,-42.59700194,31.27570161,996.6637537752672,-9.890166426214114,44.85918848015813,67.61576108,-98.07180758,-1.5019823286561818,-0.3201354009511492,165.68756866,-62.76405688,32.22190503,926.615685220003,103.59964264988784,9.15629082344008,134.32887131,78.24736649,-0.4132471292262742,0.1130245816811432,56.081504820000006,96.97753006,110.0401445,1150.4346018929664,0.1535644168462804,0.0604634788697833,0.34618735,0.00264662,-0.5783093617922641,0.1921158229861,0.34354073,0.10008488,0.19229157,1003.088960266462
-1.6153642199793956,35.224446914391024,95.13864335,-104.77548018,-0.9276141023997688,-0.0086892216091872,199.91412353,-33.48096648,23.880639165,931.2123911860824,-8.878130964677503,41.817891460520066,84.3143237,-117.90496035,-1.220553999036898,-0.4289213950949779,202.21928405,-58.45726367,24.24046926,826.1295532122181,119.86348979351656,9.88959591418499,159.74564987,98.46526199,-0.2087125065942157,0.5003569213627076,61.28038787999999,111.22270065,126.6231752,1013.3777468336808,0.1347889016796274,0.0775730818179947,0.38433432,-0.05075914,-0.5846121595583051,0.0059682006051239,0.43509346,0.07785065,0.18923981,881.9609033100063
-1.8107662973335912,39.11487515955257,92.84546098,-93.66380874,-1.1022976771621895,0.0531672328835803,186.50926972,-42.900543125,31.36561975,1011.8453113721156,-11.038214976350057,45.62755952192249,75.33997373,-115.83957644,-1.3869643575799635,-0.3662336518782078,191.17955017,-64.372770035,27.65734891,912.8648992748268,136.68561688612124,8.511595166715052,169.28784042,115.11369186,-0.437689128320192,0.1915456360746155,54.174148560000006,130.30163437,142.72120529,1155.8326736057095,0.1532308246095139,0.0616380512979136,0.37517905,-0.00018716,-0.5919771645519409,0.1822253794135996,0.37536621,0.09834102,0.1931635,989.1745543081
-2.973486539645425,38.46505746522665,85.93650254,-93.7368373,-1.1429573991921167,-0.037093008303051,179.67333984,-44.37683287,29.10023507,1028.9325943553597,-9.49068480021449,45.4962693865471,67.94273404,-110.06739779,-1.376351647644421,-0.3708115820320597,178.01013183,-61.76406260500001,31.22790555,920.775661650746,148.69919707214473,8.262893428977353,177.94720322,125.811194,-0.1058467099636528,-0.053783964993904,52.136009220000005,143.25526291,154.0127092,1173.568572324236,0.1527812069001177,0.0619340497611664,0.38477029,-0.01086831,-0.3972175896070702,0.1909690459354851,0.3956386,0.09943093,0.19381745,992.7313139507378
-1.5231122911774986,39.295540777992365,92.38115892,-100.9913005,-1.1183536072155116,0.0072148543086821,193.37245942,-42.65149871,33.05280503,1000.2771371344552,-10.669876535081498,46.262493697979046,77.82498197,-115.3447568,-1.366066132895429,-0.3260924253764844,193.16973877,-64.22018405,28.70911435,911.728362426986,160.00759761952204,7.455647197417857,188.08340317,139.22802597,-0.0702663011678157,0.1957468586183018,48.85537719999999,154.81924301,164.69930893,1163.2584520378964,0.15654497109426,0.0571654583071676,0.37278124,-0.00302093,-0.431069795226453,0.2604627896464168,0.37580217,0.10880419,0.19403543,996.2542791533384
-2.575736197623069,38.7183110578648,83.4514943,-89.81751052,-1.118173560379695,0.0264640538836384,173.26900482,-43.65748778,30.1743451,979.3166871057482,-10.834174619786568,45.29296938473899,73.63861875,-107.51481601,-1.3956429035392413,-0.3747870434098309,181.15343476,-63.56895991499999,29.31946592,894.3760581396751,169.00057445523944,7.436389914913582,196.00706345,150.61216599,-0.4962963298929708,0.257939264897615,45.39489746000001,163.32601791,174.25784164,1157.824407134755,0.1559768632151416,0.0605145514678613,0.3668957,0.00635232,-0.5395820443609276,0.2229445112244875,0.3605433799999999,0.10182874,0.19599727,1007.8080720935778
-2.01233885059913,35.84835107756335,88.69725236,-100.11610213,-0.8011382743320299,-0.0141276602914381,188.81335449,-32.03737441,22.63813695,962.5230902499336,-10.09806751546344,42.53758129739398,79.80207853,-131.29128238,-1.109314141251678,-0.4652508963338391,211.09336091,-59.49649783,18.88190965,871.1690720944035,174.59244838799617,10.141476288470011,208.088759,154.26882797,-0.6380968831067206,0.0381255645200557,53.81993103000002,167.27149826,181.73464828,1075.621662712774,0.1389056964247706,0.078419961846655,0.38455231,-0.0551188,-0.5665930117399167,-0.008781552194853,0.43967111,0.08264627,0.19359946,921.901314581746
-3.5067040861161742,38.54206441536423,89.73157701,-91.53629866,-1.0919003279826045,0.0171908944468492,181.26787567,-44.32015792,28.204325765,1063.3874245068214,-10.630038179326544,45.434692667988344,69.07733182,-110.60581179,-1.368941261004609,-0.3966684895649108,179.68314361,-63.20928927,29.47477941,954.4392739157304,183.57267869805457,8.133081346784431,215.4892717,164.36688095,-0.3409026515447464,0.1015438811634072,51.122390749999994,177.77281052,189.21145493,1217.6943291140583,0.1583987713243487,0.0636578896025746,0.38607819,-0.00454681,-0.5053976702820808,0.2066849798312916,0.390625,0.10182874,0.19992096,1067.765404772543
-2.4680360838153272,39.17528783281321,86.59807786,-97.51338759,-1.087143012213176,-0.0079465617815096,184.11146545,-43.33160582,31.34164247,1059.1206799197655,-10.702001945319328,46.40268349801322,80.49090604,-120.43138095,-1.3544087413944914,-0.3371624106858167,200.92228699,-64.05451556,28.936362545,980.3584126460438,191.23133772944888,7.377080937128234,219.33122116,171.31507736,0.0090880597714284,0.1751647166497807,48.01614380000001,186.27413803,195.76728683,1200.7386479349552,0.1627084906727111,0.0580338094101436,0.39065583,0.01441768,-0.4308512686921606,0.2328545296390246,0.37623815,0.11381779,0.20188281,1064.1359461770987
-3.149927013712853,38.205257399813725,83.6138936,-90.49761001,-1.0418692778852991,0.0152435778323461,174.11150361,-42.85422316,28.11440858,1032.297253940123,-10.832125489916724,44.906618896626775,71.24952726,-108.60037204,-1.3271311659716876,-0.4021843839821511,179.8498993,-63.1586072,27.30312661,923.9510194046876,197.83439480913827,7.512981301552543,225.63091904,181.19514328,-0.4825163512067543,0.3153445293586614,44.43577576000001,192.06703049,203.10240036,1174.7294011603892,0.1589269441338541,0.0636988316675949,0.37670493,-0.03528238,-0.4927120107252296,0.0835780514687927,0.41198731,0.10422656,0.20253675,996.1568170218128
-3.0260811958080076,36.96094312951712,94.7767888,-109.65720168,-0.8678709246234799,0.0072938018415315,204.43399048,-36.91419402,23.36456498,987.697408559718,-10.93378715657338,43.36217501269778,83.53067807,-124.86515017,-1.1656095745430182,-0.4597630420162096,208.39582824,-61.37714358,20.70642499,882.3768241600656,202.9285876012831,10.186254518124125,234.19764572,180.742827,-0.5712105903874343,-0.1291680931274052,53.45481871999999,195.33677536,210.088759,1077.2127498351406,0.1504586149111901,0.0774433828312261,0.39130978,-0.05032318,-0.5446344710632056,-0.0270803981190584,0.44163296,0.09332742,0.20384465,933.1602298286311
-3.4305912841802235,39.01676102224493,87.60951432,-97.95152846,-1.0939153767041447,-0.0295863732277423,185.56104278,-44.29127303,29.27843484,961.8885858841626,-10.690847753901853,45.967643006673576,76.88220243,-114.73767825,-1.340514890347981,-0.3597500767034422,191.61988068,-63.68012973,29.17232923,863.1386169627262,210.16971325077935,12.435099028454283,275.16749435,-61.91005844,176.9605465990478,-10.47960554714164,337.07755279,205.65824753,215.363936,798.1590984789217,0.1660564879809282,0.0592026683234117,0.3858602,0.00722426,-0.3969218751364449,0.2399184260641268,0.37863594,0.11599762,0.20580649,1010.6143618957916
-3.4415990554774383,35.97771239492414,85.05475816,-92.60005751,-0.7594811482670862,-0.0265021448117218,177.65481567,-32.34582129499999,19.7749339,904.1153799889316,-10.108582209736207,42.18295346065029,73.85115079,-119.277168,-1.0389437206112098,-0.5146919074754185,193.12831879,-58.85017749,17.87373952,827.5166137452412,213.88210238330683,13.947143362364988,288.8022905,-65.11985535,141.31679657694133,-9.149755122745088,353.92214585,207.16233688,220.6663652,782.7199969626756,0.1452586685062028,0.0771696195651946,0.38520625,-0.04596353,-0.6569067304522309,-0.0103020937858088,0.4311697799999999,0.08962171,0.20122885,923.0259813710531
-3.71847554844611,38.65213593546505,87.66510209,-100.93353835,-1.0693336689911763,-0.0040325454486673,188.59864044,-43.868387135,27.88661584,858.0673765164368,-11.556628239429802,45.589471614874235,77.02934293,-120.48805972,-1.3333597754226951,-0.3836308653710013,197.51740265,-64.24961062,26.80558137,775.6108407248803,219.7176257338293,25.928024269479348,311.09104782,-69.94816727,62.581271724241006,-7.611183034345422,381.03921509,216.6227861,227.60911423,772.3025472038601,0.1690941639476719,0.062368958038915,0.39436154,-0.00062312,-0.4867174545475312,0.2436441310482856,0.39498466,0.11490771,0.21082009,920.4277302898704
-3.490791130811977,35.44438179188139,92.54355821,-90.91177932,-0.749910149763247,-0.0196165606412804,183.45533753,-31.57361785,19.76021966,941.0819162210304,-10.47973806091324,41.87385815211592,75.56994657,-120.7736127,-1.02772570752272,-0.5114195716915434,196.34355927,-58.5597169,17.09063749,830.4799031865155,224.8956175345278,9.318990619463955,257.90870529,207.09693771,-0.5430369267508293,0.1536293077837025,50.81176758000001,217.53831345,231.43470627,1073.4770214582509,0.1469728681186686,0.0776435833353094,0.38695012,-0.0361543,-0.6368923360890673,0.0080649812549078,0.42310442,0.09180154,0.2031907,909.2248646560568
-3.048522607084501,28.377191036377916,87.4024373,-92.39951125,0.3189052964153474,-0.1091923668016408,179.80194855000002,-10.68869391,8.9689866,986.5376833575968,-7.204836795521383,34.04699089279636,76.14868955,-113.9485776,0.2217885478912835,-0.8951988166229565,190.09726715,-5.210628945,7.03727464,882.1587949004323,223.9440034728623,9.068212458973898,253.12943893,210.31764084,-1.0553560609144044,0.4978904311223699,42.81179809,215.32034164,231.78347641,1088.457801068617,0.1053080497310484,0.0790958456942818,0.36101018,-0.04814334,-1.046623316865695,0.3917936522877902,0.40915352,0.03142033,0.17725076,923.8473090178752
-4.443547123924952,42.73209251845515,83.22273898,-111.66252255,-1.3324944390860565,-0.0257168215864534,194.88526153,-44.9949638825,36.0962379,912.7918215222109,-5.39377189964431,36.63240437991396,68.25242466,-101.11469417,-1.0146464792774932,-0.2762501771300719,169.36711883,-31.82452923,23.31746716,940.9172025666924,20.350684485112183,7.861522127823045,48.26257881,-3.33937374,0.2848596716391247,0.0629863963346216,51.60195255,16.26271996,24.52426514,1105.2810875327457,0.1439894841491741,0.0598627770786692,0.3646146,-0.04126919,0.0417667626182067,0.1429870748968354,0.40588379,0.10674106,0.18020123,927.665431378333
-5.790851959133924,41.86652766968086,80.6712482,-103.52631497,-1.3461367155243915,-0.015342769454642,184.19756317,-45.31185651,34.81967807,949.8281256955596,-5.148808801524861,36.05061276823495,64.50311894,-96.79972225,-0.9159165545386264,-0.358328009013266,161.30284118999998,-26.073327122499997,22.2594336925,1006.2540101477716,26.498780770104524,8.435051185778429,60.89467797,4.74233469,0.430590087101526,0.2163165931451204,56.15234328,21.54335198,31.11279091,1197.363884465045,0.1396937789854845,0.0616779269714283,0.34717598,-0.0423591,-0.195531031275554,0.1841458868424472,0.38953508,0.10150948,0.17911132,1001.7766709200232
-5.7024598146845475,41.843077126457736,82.14045596,-105.83584714,-1.3107795866249177,-0.0852134100604967,187.9763031,-45.16689801,34.58997798,960.3896721268972,-4.593553015799794,36.38400362436267,69.36958164,-98.64058834,-0.9903517224556606,-0.2691731291923845,168.01016998,-29.44851642,23.27605099,985.6590012621444,41.590605217387775,9.167645845185286,74.0880793,16.83492455,0.1084456821690467,0.1375830946688971,57.25315475000001,35.37435326,47.51054177,1157.305468104368,0.1400588195436558,0.0603061885080864,0.33387903,-0.02557444,-0.223244283552972,0.2191433099701203,0.35945347,0.10521518,0.17627754,1004.8913223874456
-4.764593645691555,42.83982677224496,79.07016635,-107.11104703,-1.3437953795718696,-0.0159714664778385,186.18121337999995,-46.03664899,36.25754619,948.0344944892622,-5.252256851640688,36.821338848070866,69.07421726,-93.38829189,-1.0270221643154016,-0.2648458537908102,162.46250915000002,-30.814995825,24.22754521,990.2798542446608,60.492269466494875,8.70925116373379,90.42043099,34.49152168,0.0545449732668146,0.1151735155588099,55.92890931,54.45329079,66.15350899,1148.308617433582,0.1427309624072843,0.0568690189908088,0.3316992,-0.02470251,-0.0359883021567886,0.1781622714266298,0.35640171,0.10979282,0.17605956,1013.7342220603616
-5.988842247069347,41.89744809257113,79.1399219,-99.23096585,-1.3508794937859177,-0.0222018793478781,178.37088775,-46.21757626,34.69324756,945.9043228124071,-5.559098517012412,36.05346176862339,61.86007923,-91.53326565,-0.9357594254744956,-0.3340469464221344,153.39334488,-27.538443625,21.87769169,997.6358795274064,78.0260726117553,8.7470413921223,113.37401375,53.48326668,0.1329066322602865,0.1364965822375696,59.89074707,72.20798287,83.51038155,1158.498039071806,0.1394819395301257,0.0599190570727446,0.33300711,-0.02535645,-0.2456148079891971,0.1650071538759207,0.3583635599999999,0.10194544,0.17802141,1019.087847569808
-4.615156776760934,38.5963526891749,80.22547793,-111.79549527,-1.007420064928014,-0.1022467439495171,192.0209732,-32.6026480175,28.742592095,894.9016074151575,-5.063056331082908,33.10533165719983,70.05077976,-104.05964046,-0.652618349513316,-0.3411963235713343,174.11042021999998,-23.358624515,18.2954177325,904.3893443443424,90.9192535272984,9.81647994987996,126.62190804,70.09899697,-0.4319037406983028,0.2340217789257677,56.52291106999999,83.91910347,97.95173439,1042.0740881937202,0.1196630308311565,0.0736131198720656,0.36810232,-0.0624135,-0.4191420853820995,0.0387611196689473,0.43051582,0.06619628,0.16755824,893.1654738528892
-5.227387816723941,41.83499510007823,82.70503116,-106.17480588,-1.375819906453401,-0.0011103955567284,188.87983704,-44.5494616,34.64638019,961.789595622974,-5.748066851237916,35.84376817155687,66.07150883,-103.89396816,-0.8968495646909416,-0.3290277926784193,169.96547699,-25.76896816,22.06951565,1008.8847002238462,103.93520405819714,7.918956776337713,135.56465706,82.67114815,0.3043240299794294,0.116900283559747,52.89350891000001,99.45036873,108.5511454,1192.0152389056436,0.1360687349252721,0.0582239783370356,0.33954659,-0.03778147,-0.0927004493559731,0.0706710845149962,0.3773280599999999,0.0999836,0.17278982,1018.0103930611532
-6.369524989192384,41.1151508343595,82.96551395,-121.58945584,-1.3197164838421855,-0.0848756594871325,204.55496979,-44.37671018,32.79570651,946.972716895039,-4.88170452636868,35.6842537024972,72.05731053,-105.55172878,-0.8609450158536536,-0.2888261500556007,177.60903931,-25.80411869,21.71338696,999.8497967046692,112.4616639779448,7.81035337635259,142.12047371,91.47220406,0.5945918476888226,0.1470882304037152,50.64826965,108.61653694,116.29498085,1201.1379786151251,0.1352172898866373,0.0602694451866013,0.3393286,-0.03560164,-0.1891602575048505,0.1860895116579024,0.3749302399999999,0.10041956,0.17257184,1012.971448317087
-5.13090941501005,42.25474751946236,83.31646609,-110.15844083,-1.3700133825602496,-0.0196156270502988,193.47490692,-44.98052335,35.1076858025,955.79500869507,-5.491079161926265,36.30872677810899,71.30200047,-101.11033016,-0.9336920860737776,-0.2699547018497026,172.41233063,-27.71337467,23.027822435,981.8908898710924,120.63871912557542,7.264289298370098,149.37386116,100.63292488,0.4795794271848246,0.1807067406156599,48.740936279999985,116.72549996,124.6219233,1177.057250368268,0.1392082661028123,0.0556595062005888,0.33911062,-0.02317663,-0.0520023239515552,0.0817558920552211,0.3622872499999999,0.10717703,0.17322578,1016.931867767915
-6.202978435363785,41.25946136859475,79.17262149,-112.18023038,-1.3620866977352268,-0.0411040580543896,191.35285187,-44.73420071,33.457558392500005,915.2723075885472,-5.677569018322554,35.46573215733481,63.45135349,-99.77736812,-0.8772144696308524,-0.3248161329951119,163.22872161,-25.47033268,21.2163867425,959.040940231363,126.69757496045403,7.137988060018024,157.17763313,108.02253517,0.5060936804681844,0.2256774344836758,49.155097960000006,122.93255409,130.54015145,1159.1222168178747,0.1380989357808687,0.0579329767043831,0.34107246,-0.03429375,-0.1585394152358277,0.1807392078334842,0.37536621,0.10172746,0.17475166,998.7406559878208
-4.676592678625258,39.13690020331354,84.7137363,-115.55133176,-1.0345781550607898,-0.084106530281253,200.26506806,-34.26013303,29.131691215,881.9191622879209,-5.477868174781135,33.36510818440384,66.54234928,-100.05093532,-0.636337255823892,-0.3501070058987358,166.5932846,-22.63982731,18.00304836,916.0195846422556,130.08148643042713,9.969369515790234,164.52910408,109.43397316,-0.4941401428552785,-0.1387557675673074,55.09513092,122.23500618,136.6055201,1057.969950868426,0.1226478998567618,0.0745854037541925,0.37115408,-0.07222273,-0.5398137398653131,-0.0571081771844064,0.44337681,0.0659783,0.17257184,910.1987263459658
-6.666296865954882,41.191831240146065,78.0358417,-110.67833066,-1.3545236045589335,-0.046829059830725,188.71417236,-44.75736165,33.12486148,961.5502098835096,-5.435803810757484,35.668343506821216,63.37833256,-101.20951229,-0.8536183473104155,-0.3283625107997161,164.58784485,-25.0531683525,21.0166592,998.195325968129,136.1788526887223,7.733862079858653,165.47733101,116.69824776,0.5778488591311008,0.1178354239586609,48.77908325,132.82352242,139.837118,1194.5979843287007,0.140297668995065,0.0603774342772691,0.34543211,-0.02971611,-0.1954833361303838,0.1213721095896515,0.37514822,0.1049972,0.17823939,1025.431753314855
-5.530038024545455,42.14252966614117,77.41131473,-112.73499417,-1.370418499673585,-0.0419241581018752,190.1463089,-45.27153134,34.45782733,964.756096447034,-5.647687501428744,36.38200398378701,70.20990605,-104.75936275,-0.9214025568545784,-0.2685504963830387,174.9692688,-27.149071745,22.66242832,998.0036853474624,141.26838218078058,7.035699571566511,169.61899361,122.93255409,0.6301361467338604,0.2182012955865196,46.68643951999999,138.00606331,144.82890877,1199.4761772101826,0.1441429503511934,0.0554563170000466,0.33802071,-0.03342181,-0.0444359630385227,0.1121735936257193,0.37144252,0.11306256,0.17736746,1034.8361246964066
-5.593815506356323,37.97018066091668,81.34372592,-108.51703,-1.0819840047150595,-0.1065201492502497,189.86075592,-34.53043103,27.536329505,931.9042339293349,-5.409751769063732,32.702446044615705,65.50801701,-101.73158413,-0.4910848764993996,-0.3970563583387538,167.23960114,-20.42839199,16.3324837125,956.4238069955808,143.19360477936348,8.334399081734691,175.31924996,127.10147652,-0.3043667512318055,0.0748379714929425,48.21777344,135.61369881,148.42563423,1119.536832406916,0.1211423183466026,0.0713223045234355,0.33998255,-0.05979772,-0.6189525352736229,-0.0693685055034603,0.39978027,0.0672862,0.16908411,943.7236160934632
-6.224041124290966,41.962306360293056,82.56224704,-114.58893704,-1.3447999110536462,-0.0188672717185644,197.15118408,-44.84755444,33.75374103,940.9348604318312,-6.3891090330457745,36.02290061077522,69.70854801,-108.20240169,-0.9341421909996748,-0.3105604383519456,177.9109497,-31.03352314,22.150442065,975.2679012145942,150.05770111428043,7.6665850550307715,180.56172737,130.16412911,0.401164863008931,0.1140268540687094,50.397598259999995,146.3711451,154.0127962475,1165.7419886733103,0.1474412522033567,0.0603480174717591,0.36265276,-0.02710032,-0.0932082566581482,0.188804688605595,0.38975308,0.10957484,0.18543282,984.5081816372488
-6.100707632400793,41.15958866594453,75.21078372,-114.87885404,-1.3475653489062702,-0.0500808558985989,190.08963776,-44.28979039,33.08235431,936.6261079481152,-5.732549507301547,35.582358862227544,69.3020081,-99.85693508,-0.9057309758106816,-0.2716211668508482,169.15894318,-27.000025805,21.751806205,991.0406492370704,153.16833562752137,7.201773326896691,182.64891609,134.1150721,0.6449538593459287,0.1740923246340777,48.53384399000001,149.95151314,156.86700997,1226.4371023651438,0.1441802198730682,0.0566005952722525,0.33475096,-0.02404856,-0.100906632678134,0.0694245838190645,0.35879952,0.11306256,0.17802141,1044.4529346582267
-5.988989020611743,38.05492685289326,81.46143985,-106.5737164,-1.038243364298239,-0.1082416666250625,188.03515625,-34.50427365,27.2287013525,883.1914969811357,-5.94264272577907,32.73944140059749,67.36414189,-106.52175289,-0.5560143964474991,-0.3851246540987348,173.88589478,-21.995961245,16.31804318,932.4180158383376,154.77735456778538,9.119321756054203,189.86414131,137.0251368,-0.1925143064583916,0.1494576279487517,52.839004509999995,146.7635096,160.23483834,1077.7932634979768,0.1267637033291231,0.0742275332089124,0.39077253,-0.05282227,-0.4218875162004916,0.0385303852641744,0.4435948,0.06990199,0.1756236,910.9050167173638
-6.563956631964352,40.72496744043629,79.0015018,-115.00310635,-1.3764632098474845,-0.0354982441629386,194.00460815,-44.3461926,32.37172961,950.3744192604288,-5.686908640296878,35.119037035051676,65.02300877,-102.95991665,-0.8836910693784517,-0.2939029000771697,167.98292542000002,-25.780413685,20.95562405,1004.7728464195314,160.0826386347198,7.191985254500517,188.41455635,141.59732613,0.5166955697045759,0.033558930453712,46.81723022,157.01959786,163.86424813,1208.5665015574507,0.1445647931680926,0.0564913238912029,0.34368826,-0.02622839,-0.1559229644825071,0.0062264488224597,0.36991665,0.11175467,0.1806372,1032.5514673815703
-5.809690432931708,36.97378468226814,83.474509,-108.84509396,-1.0519510527713878,-0.0915272532837271,192.31960296,-34.255227322500005,26.80554271,907.7769750224246,-5.791337242519903,31.794645010821167,70.74832768,-99.89508205,-0.5535416461496698,-0.3726266635988126,170.64340973,-21.27307468,15.80251354,931.302749284082,160.10479160105666,9.027731243710594,193.73879036,142.75263008,-0.4305478191993663,-0.0049759277980011,50.98616028000001,151.89700875,165.89694771,1082.9766586507214,0.1225507415387442,0.0723602470591855,0.38227118,-0.0523863,-0.4433192211766061,0.0343123246612122,0.43465748,0.0646704,0.17191789,913.956930663922
-3.635582659327801,24.886927702201096,72.71488071,-98.58901334,0.6144018067349966,-0.342230613544566,171.30389405,-5.18559956,1.11410081,930.506582749098,-3.175854256768285,21.832761248285536,70.1521439,-101.92667538,2.005840679713729,-0.6752993036638918,172.07881928,-5.2592484925,1.08105106,958.0840556154246,154.50109756635487,9.058403680102446,185.0140284,130.68184456,-0.1736394066873665,0.4341736480875213,54.33218384,148.65451607,163.18851265,1023.0059193460888,0.0624228769327566,0.0708605779555925,0.3027075,-0.119307,-0.6255988627684599,0.7570490008352659,0.4220145,0.00952078,0.12505161,912.5341654608062
29.12890840444407,39.16833968150973,101.10030417,-60.02706857,-1.5090180756025504,-0.3005959488716281,161.12737274,-11.49866434,66.70590071,906.92655055726,43.882641612031605,52.09754089652199,153.32929136,-44.878026,-1.4341055740033777,0.2651128998614965,198.20731736,-3.9604926,97.66304685,820.2632140589365,-9.838630214640116,12.416014227971557,30.89057135,-38.12820078,-0.4106767612523661,0.2616163340605303,69.01877213,-19.14735819,-1.2291801,959.8108129458456,0.0061579573115335,0.0726998343395998,0.23928995,-0.1794548,-0.4806875246001385,0.3341143315133795,0.41874475,-0.05673055,0.04986299,903.3552404345406
30.645962391921675,38.42927869361664,94.13466696,-57.81890054,-1.4729640638886037,-0.3492379809852494,151.95356750000002,-10.024013,66.9623032025,768.4856010065913,42.71262451885927,52.0624939118652,160.67421628,-41.31509875,-1.405421161525715,0.3096937251320031,201.98931503,-6.7988998875,96.76631643,682.3756289592699,-30.2169150363054,10.016053813899994,10.06777357,-55.3924296,-0.480535324294336,0.5213226572564305,65.46020317,-38.2262919,-22.52608896,856.7917803190284,0.005222270084195,0.0704015070469872,0.22882679,-0.16092628,-0.5648863017285168,0.3348229857910242,0.38975307,-0.05716652,0.05269677,824.6943905392985
29.967061782506057,38.98366892198445,100.46815161,-55.2423472,-1.5249390777485234,-0.3086179012578038,155.71049881,-10.65833994,66.7211595,967.9088453082492,41.76739380577748,51.85636423034275,151.54074766,-43.12435626,-1.4585761880503167,0.2097778030228249,194.66510392,-6.514432475,95.83417417,842.0893721384813,-33.01513258217343,7.8437167857234815,-1.63789774,-50.25893808,-0.8753124677255948,0.2538621182244456,48.62104034,-39.47424341,-26.47157694,1093.2379362256388,0.0040927352360054,0.0614602003690264,0.21008028,-0.15373285,-0.3754098860463455,0.3826618432779296,0.36381313,-0.04561343,0.04266956,987.5121307433292
28.918272931406054,39.42341350497665,91.84257559,-58.60691019,-1.4963594137078418,-0.348685065570612,150.44948578,-11.75179811,65.99418692,962.2857624374286,42.933513845982965,52.333918767392895,151.60068418,-38.593585,-1.4670008641254992,0.217117132163101,190.19426918,-6.7062572424999995,96.3268118,837.797741200136,-25.278575046517044,8.072595989752296,2.31848835,-45.55051065,-0.6810990053008483,0.2392791186341232,47.868999,-31.59416986,-19.16370702,1106.797794316444,0.0051127957383077,0.0663034912921192,0.2122601,-0.16811971,-0.5610046673825368,0.2919394695153022,0.38037981,-0.05040905,0.04441342,983.4226421699786
29.379012588584043,39.259018832683694,96.39950613,-58.12625833,-1.5134695585412992,-0.3348115146168623,154.52576446,-11.901115855,66.52061514,966.7170586640076,42.68862539196096,52.22275731839917,159.38703061,-43.7608652,-1.4338241476326592,0.2465777975638719,203.14789581,-6.7869108525,95.87804128,851.9361464408811,-13.319218094263148,8.54304566548957,17.65357184,-34.55873514,-0.4414544512821408,0.3588196399239413,52.21230698000001,-19.71411348,-7.25095225,1071.498261475764,0.0049065048917997,0.0680725474449475,0.23013468,-0.16920961,-0.4448338016692941,0.3857347995164824,0.39934429,-0.05302484,0.04441342,982.4274115283906
30.25678053189111,36.57968575244555,101.78258948,-62.17310281,-1.1727594291033414,-0.4448858838205659,163.95569229,-6.69432779,64.41054396,872.4568950238257,39.65737670029168,48.286604178943435,159.05351926,-50.3275957,-1.1093483339581525,0.4095301500161592,209.38111496,1.97299672,90.21348478,788.5215710017075,-5.150773467019659,10.360861802403916,27.69712424,-24.21545625,-0.6145101232148886,0.4104894606382975,51.91258049,-13.03294302,1.78443074,988.5584852925856,-0.0193614162544003,0.0857041348581822,0.25193295,-0.22217943,-0.5732393410492742,0.0923383380937505,0.47411238,-0.07983671,0.03896386,839.3196985037079
29.746525176984026,39.87574770061784,96.39841513,-63.4755549,-1.4709213621088102,-0.3810021227094188,159.87397003,-14.3436102425,66.26366858,926.662896379066,42.74744148818766,52.17973269850843,157.51891233,-45.37938784,-1.4272204157129889,0.2721453909291298,202.89830017,-7.0280542100000005,97.6981935625,836.4817906896258,6.43193336738182,9.311275572386798,36.32378744,-13.74683691,-0.8586311749888851,0.4768948078085173,50.07062435,-1.2128315,14.24214148,1086.7996734457238,0.0005757807634523,0.0713019202793163,0.23427635,-0.1744412,-0.5521222310109422,0.3522760055618491,0.40871755,-0.06174415,0.04681123,943.7111252652088
30.46652180164253,39.38473480887617,105.04470114,-61.95730539,-1.488728152594982,-0.3278400461425725,167.00200653000002,-12.40329309,66.79309515,960.694592165827,40.61045389092441,51.80511790652112,155.96251584,-45.8469591,-1.4353968138205249,0.2446104232922697,201.80947494,-8.141673342499999,95.53989316,875.4428545391756,13.57518568228183,8.404207137017437,40.98862051,-5.42534716,-0.9897725860135068,0.2482163306886979,46.41396767,6.72173857,20.91786169,1151.8403814228525,0.0007514495004085,0.0624935599396021,0.22512108,-0.17008156,-0.4219901535008601,0.3894854709844322,0.39520264,-0.05084501,0.04266956,985.9393461289302
29.08544179617099,39.767783471948675,102.64470724,-74.61555429,-1.4459232323989526,-0.3774027300609753,177.26026153,-13.94879099,65.37620596,950.41713306493,41.790929641294866,52.18327681082349,155.43608762,-49.01642703,-1.442277821684702,0.2229022667959675,204.45251465,-8.21660493,96.65514852,860.5153352814403,20.617394477240698,7.895050386187707,47.86597418,0.86345362,-0.7738411965093976,0.2663909068260521,47.00252056,14.36748099,27.02682661,1147.3861210539264,0.0026321865821049,0.0651402242826128,0.22817284,-0.16986357,-0.4397128672538608,0.3017341598267928,0.39803641,-0.05040905,0.0422336,990.867071171436
29.39006936660855,39.64757877651366,102.88121847,-63.83413645,-1.4652864757063837,-0.3653704615813977,166.71535491999998,-13.71118875,65.76312689,937.3872150757112,41.627177375979734,52.21097846233981,157.10257627,-44.20990847,-1.4199624139185576,0.2505886332350269,201.31248474,-8.29616861,96.41618253,849.7772287196168,27.718380255403492,7.798770529772167,56.14386725,7.69721102,-0.6757257817717401,0.4233235152425204,48.44665623,21.45191931,33.84968542,1100.124029158208,0.0059676375493069,0.0672694556872636,0.22795485,-0.16768374,-0.4357722437931057,0.3304926770867365,0.39563859,-0.05128098,0.04637527,969.144019122924
29.82524881223971,36.82156228905078,103.56132559,-70.68424173,-1.1380108142922214,-0.4652273080616002,174.24556732,-7.5297455375,63.83179907,896.0183715747612,39.94400422053822,48.859137890755136,159.27149106,-69.04140948,-1.1176841136843778,0.4280248217214498,228.31290054,1.456378,90.50340177,826.3248637833926,29.00446636207537,10.446282093969431,61.55528616,8.75987696,-0.776576240981949,0.3021490867151071,52.7954092,22.07862067,37.84966635,1016.4089718983836,-0.0162923202650788,0.0865530752696486,0.24234171,-0.23416846,-0.518690339444908,0.154362042537584,0.4765101699999999,-0.07743891,0.0422336,872.8832740072557
30.253961440590544,39.308004482208055,102.92591147,-67.19433542,-1.478556702071926,-0.3569015129222944,170.12024689,-12.85342737,66.32552199,1018.000704652158,40.93372545610931,51.92295229007136,159.34778501,-45.23006915,-1.4196748245704982,0.2711568723379627,204.57785416,-7.84603432,95.773409855,908.188434086616,36.19900650387501,8.935141601311503,62.44901633,19.02141165,-1.074939666793309,0.3472996493510133,43.42760468,28.48186087,44.53628897,1179.324639177482,0.0067747904958197,0.0663959767639494,0.25280489,-0.16593988,-0.5369131511591987,0.385121665330405,0.41874477,-0.05062703,0.05291475,1013.5295760648085
28.98892129327426,39.927719077715274,103.97113852,-64.34312387,-1.459184147332558,-0.3676385852176739,168.31426239,-14.38802667,65.3470516625,990.692250123654,40.621297405408285,52.171169948981,154.17941953,-50.07364367,-1.4446299749212572,0.225143525808649,204.2530632,-9.72613524,95.38839628,911.7045572264686,40.49018466396365,7.75249917180834,64.87407278,22.79796194,-0.8710627061783294,0.2621222721283481,42.076110840000005,34.20390677,46.91229987,1153.930508031091,0.0097198324312845,0.0636043670955433,0.21335001,-0.16550392,-0.4652091146114108,0.3010497076413314,0.37885393,-0.04168974,0.04986299,1015.4078732747104
30.17342082256459,36.46342828213561,102.72754721,-61.11915537,-1.1725613976387104,-0.4773566155075901,163.84670258,-8.77606149,64.01381544,958.4338786743624,38.33844835405044,48.076172607814264,160.17175962,-52.75810336,-1.114715333876346,0.4194129071377688,212.92986298,-0.652060015,89.02357198,848.9780249791722,42.15203758692427,9.234297083901144,69.97486472,24.57997107,-0.761610960122507,0.2143140938176332,45.39489365,36.07310843,49.61528372,1068.8577237355908,-0.0145670147047083,0.0826859084963928,0.24016188,-0.22610311,-0.5719625443477101,0.0107118092180959,0.46626499,-0.07133539,0.04245158,906.2544731175062
29.53893263477456,38.63420277000069,108.51171164,-75.90274759,-1.391830694099698,-0.3807242284894641,184.41445923,-12.48503824,65.15059523,779.3132473564932,40.392894943728464,52.02930865228893,179.59403135,-66.14769076,-1.3874765201226742,0.3342994917507845,245.74172211,-7.61170291,95.55515195,693.3655097438973,46.06479425334753,13.205486470231904,86.22002768,-24.65142084,5.374785369824101,-1.692298504618689,110.87144852,39.92050528,56.11116766,778.5147043776832,0.0127859051175116,0.0714666987881568,0.25171497,-0.2099724,-0.3760579878573704,0.3311787919100093,0.46168737,-0.04910115,0.06141607,806.2201205255577
29.214541609156516,39.32352940285969,103.00002341,-65.2630076,-1.4377422939684648,-0.3667484050740248,168.26303101,-13.41718431,64.95223097,862.8935836857762,40.149852498577246,51.41536158174997,156.54126645,-49.03386782,-1.4309500979807463,0.2328715186443597,205.57513427,-8.86946307,94.44016935,786.0291485842025,51.92146372540672,7.905349724865883,81.35901236,33.81698965,-0.895444010179343,0.3918122325272359,47.54202271,45.36461996,58.77600836,1079.3440924865788,0.0102627774363134,0.062708863667239,0.23580223,-0.1530789,-0.3968598719210292,0.345551921073232,0.38888113,-0.04125378,0.05029896,943.4027457162864
30.164811298974964,36.08164041521803,102.28067831,-66.01505228,-1.0792145839859673,-0.4873828029603236,168.29573059,-5.65672632,63.47539763,795.7121922864533,37.77718701727806,48.37768073851231,170.69815732,-55.94609927,-1.0597223812503438,0.4749390573649437,226.64425659,-3.371394145,87.1892519125,741.1677853112827,51.63686347743659,12.8920372809269,93.32081198,-25.89392305,5.883657298166614,-1.4743679960242415,119.21473503,46.00221991,60.112512345,806.7531819043994,-0.0087984491307046,0.0851744526468281,0.26174217,-0.202125,-0.5538787528716145,0.0649515373914372,0.46386717,-0.06784767,0.0522608,813.522898840267
29.64649605832726,38.88666871876072,104.72099356,-61.28264566,-1.413027825641907,-0.3961835808809873,166.00363922,-13.63707681,65.02307562,781.8717796154394,39.056512177870374,51.03023996930485,175.79022886,-65.88610934,-1.4114482663066537,0.2953821880809544,241.67633820000003,-8.2209646,93.83199979,709.3436293406679,57.58951408958566,13.04306178271052,98.90117239,-27.29446054,10.364401278918894,-2.418643393874216,126.19563293,51.58802771,67.05935263,792.300102655092,0.0119685411243949,0.064200366551053,0.22926275,-0.18272455,-0.5769443552379809,0.2539186536192006,0.4119873,-0.04277965,0.0585823,860.1767707432602
30.114228054048,35.50883917606001,97.75317816,-61.56711527,-1.0918820921441044,-0.4867587301633716,159.32029343,-5.25891061,62.696382565,888.4589180298649,38.15320910071061,46.97542720422746,166.19245054,-56.51285266,-1.052059844740539,0.4487885363393792,222.7053032,1.4343073475,84.92958738,827.3061767269863,59.4284419757255,9.925772473874083,97.46248984,39.83876013,-0.6324748305031953,0.3825229908033264,57.623729710000006,52.9940145,66.83047079,1022.1733208121768,-0.0138929441990272,0.0841528172671334,0.25672857,-0.20386888,-0.5715316309315064,0.1347833485649351,0.4605974499999999,-0.07329723,0.04615729,871.9980525223028
33.22962225910627,26.182192735448044,111.08609061,-78.71145578,0.6349585304148948,-0.9245910001407094,189.79754639,31.27281241,42.4643168825,923.1952839747256,29.8991400406195,33.968425626646805,146.96855832,-48.06711291,0.6477697269055751,1.0174476371480945,195.03567123,16.84050657,32.73280813,865.3170432227823,55.50455609845471,9.505346155794395,91.99657034,43.42457556,-0.0653190952213784,1.0502013669639525,48.57199478,48.09485602,61.0811727,1009.4218853486768,-0.0745214701872878,0.0817961187919875,0.22076143,-0.21585791,-0.7183773175489239,0.7236010848642891,0.43661934,-0.14174379,-0.00703049,880.5538286345105
